source,configuration,case_id,old_status,current_status,old_ari,current_ari,old_found_clusters,current_found_clusters,identical_recorded_params,parameter_differences,matching_samples_features_truth,matching_source_representation
run_20260801_130648Z_full_post_crossfit,C01,gauss_extreme_noise_3c,ok,unsupported,1.0,,3,0,True,{},True,True
run_20260801_130648Z_full_post_crossfit,C01,gauss_extreme_noise_many,ok,unsupported,1.0,,30,0,True,{},True,True
run_20260801_130648Z_full_post_crossfit,C01,gauss_clear_small,ok,unsupported,1.0,,3,0,True,{},True,True
run_20260801_130648Z_full_post_crossfit,C01,gauss_clear_medium,ok,unsupported,0.829971181556196,,6,0,True,{},True,True
run_20260801_130648Z_full_post_crossfit,C01,gauss_clear_large,ok,unsupported,1.0,,5,0,True,{},True,True
run_20260801_130648Z_full_post_crossfit,C01,gauss_moderate_3c,ok,unsupported,1.0,,3,0,True,{},True,True
run_20260801_130648Z_full_post_crossfit,C01,gauss_moderate_5c,ok,unsupported,1.0,,5,0,True,{},True,True
run_20260801_130648Z_full_post_crossfit,C01,gauss_noisy_3c,ok,unsupported,1.0,,3,0,True,{},True,True
run_20260801_130648Z_full_post_crossfit,C01,gauss_noisy_many,ok,unsupported,1.0,,8,0,True,{},True,True
run_20260801_130648Z_full_post_crossfit,C01,gauss_null_small,ok,unsupported,1.0,,1,0,True,{},True,True
run_20260801_130648Z_full_post_crossfit,C01,gauss_null_large,ok,ok,1.0,1.0,1,1,True,{},True,True
run_20260801_130648Z_full_post_crossfit,C01,gauss_clear_medium_continuous,skip,skip,,,0,0,True,{},True,True
run_20260801_130648Z_full_post_crossfit,C01,gauss_moderate_3c_continuous,skip,skip,,,0,0,True,{},True,True
run_20260801_130648Z_full_post_crossfit,C01,gauss_null_large_continuous,skip,skip,,,0,0,True,{},True,True
run_20260801_130648Z_full_post_crossfit,C01,dim_consolidated_4c_24f,ok,unsupported,0.5298028928480344,,7,0,True,{},True,True
run_20260801_130648Z_full_post_crossfit,C01,dim_consolidated_4c_72f,ok,unsupported,-0.0083613817537643,,2,0,True,{},True,True
run_20260801_130648Z_full_post_crossfit,C01,dim_consolidated_4c_272f,ok,unsupported,0.0153270173835093,,60,0,True,{},True,True
run_20260801_130648Z_full_post_crossfit,C01,dim_diffuse_6c_36f,ok,unsupported,0.0316432964697783,,7,0,True,{},True,True
run_20260801_130648Z_full_post_crossfit,C01,dim_diffuse_6c_136f,ok,unsupported,0.0293879041298343,,4,0,True,{},True,True
run_20260801_130648Z_full_post_crossfit,C01,dim_diffuse_6c_536f,ok,unsupported,-0.0042046026476466,,2,0,True,{},True,True
run_20260801_130648Z_full_post_crossfit,C01,dim_consolidated_4c_24f_continuous,skip,skip,,,0,0,True,{},True,True
run_20260801_130648Z_full_post_crossfit,C01,dim_consolidated_4c_72f_continuous,skip,skip,,,0,0,True,{},True,True
run_20260801_130648Z_full_post_crossfit,C01,dim_diffuse_6c_136f_continuous,skip,skip,,,0,0,True,{},True,True
run_20260801_130648Z_full_post_crossfit,C01,gauss_single_outlier_4c,skip,skip,,,0,0,True,{},True,True
run_20260801_130648Z_full_post_crossfit,C01,gauss_outlier_cluster_4c,skip,skip,,,0,0,True,{},True,True
run_20260801_130648Z_full_post_crossfit,C01,gauss_outlier_shell_4c,ok,ok,0.0,0.0,1,1,True,{},True,True
run_20260801_130648Z_full_post_crossfit,C01,gauss_single_outlier_4c_continuous,skip,skip,,,0,0,True,{},True,True
run_20260801_130648Z_full_post_crossfit,C01,gauss_outlier_cluster_4c_continuous,skip,skip,,,0,0,True,{},True,True
run_20260801_130648Z_full_post_crossfit,C01,binary_balanced_low_noise,ok,unsupported,1.0,,4,0,True,{},True,True
run_20260801_130648Z_full_post_crossfit,C01,binary_balanced_low_noise__2,ok,unsupported,1.0,,4,0,True,{},True,True
run_20260801_130648Z_full_post_crossfit,C01,sparse_features_72x72,ok,unsupported,1.0,,4,0,True,{},True,True
run_20260801_130648Z_full_post_crossfit,C01,sparse_features_100x500,ok,unsupported,1.0,,4,0,True,{},True,True
run_20260801_130648Z_full_post_crossfit,C01,binary_perfect_2c,skip,skip,,,0,0,True,{},True,True
run_20260801_130648Z_full_post_crossfit,C01,binary_perfect_4c,skip,skip,,,0,0,True,{},True,True
run_20260801_130648Z_full_post_crossfit,C01,binary_perfect_8c,skip,skip,,,0,0,True,{},True,True
run_20260801_130648Z_full_post_crossfit,C01,binary_low_noise_2c,ok,unsupported,0.5562579013906448,,5,0,True,{},True,True
run_20260801_130648Z_full_post_crossfit,C01,binary_low_noise_4c,ok,unsupported,0.9429190751445088,,5,0,True,{},True,True
run_20260801_130648Z_full_post_crossfit,C01,binary_low_noise_8c,ok,unsupported,1.0,,8,0,True,{},True,True
run_20260801_130648Z_full_post_crossfit,C01,binary_low_noise_12c,ok,unsupported,1.0,,12,0,True,{},True,True
run_20260801_130648Z_full_post_crossfit,C01,binary_moderate_4c,ok,unsupported,1.0,,4,0,True,{},True,True
run_20260801_130648Z_full_post_crossfit,C01,binary_moderate_6c,ok,unsupported,1.0,,6,0,True,{},True,True
run_20260801_130648Z_full_post_crossfit,C01,binary_moderate_8c,ok,unsupported,1.0,,8,0,True,{},True,True
run_20260801_130648Z_full_post_crossfit,C01,binary_hard_4c,ok,unsupported,1.0,,4,0,True,{},True,True
run_20260801_130648Z_full_post_crossfit,C01,binary_hard_8c,ok,unsupported,1.0,,8,0,True,{},True,True
run_20260801_130648Z_full_post_crossfit,C01,binary_unbalanced_low,ok,unsupported,1.0,,4,0,True,{},True,True
run_20260801_130648Z_full_post_crossfit,C01,binary_unbalanced_med,ok,unsupported,1.0,,6,0,True,{},True,True
run_20260801_130648Z_full_post_crossfit,C01,binary_2clusters,ok,unsupported,1.0,,2,0,True,{},True,True
run_20260801_130648Z_full_post_crossfit,C01,binary_many_features,ok,unsupported,1.0,,4,0,True,{},True,True
run_20260801_130648Z_full_post_crossfit,C01,binary_many_clusters,ok,unsupported,1.0,,15,0,True,{},True,True
run_20260801_130648Z_full_post_crossfit,C01,binary_null_small,skip,skip,,,0,0,True,{},True,True
run_20260801_130648Z_full_post_crossfit,C01,binary_null_medium,skip,skip,,,0,0,True,{},True,True
run_20260801_130648Z_full_post_crossfit,C01,binary_multiscale_4c,ok,unsupported,1.0,,4,0,True,{},True,True
run_20260801_130648Z_full_post_crossfit,C01,binary_multiscale_6c,ok,unsupported,1.0,,6,0,True,{},True,True
run_20260801_130648Z_full_post_crossfit,C01,binary_noise_feat_50i_200n,ok,unsupported,1.0,,4,0,True,{},True,True
run_20260801_130648Z_full_post_crossfit,C01,binary_noise_feat_80i_400n,ok,unsupported,1.0,,6,0,True,{},True,True
run_20260801_130648Z_full_post_crossfit,C01,binary_noise_feat_30i_500n,ok,unsupported,1.0,,3,0,True,{},True,True
run_20260801_130648Z_full_post_crossfit,C01,sbm_clear_small,ok,unsupported,0.8688989349475136,,2,0,True,{},True,True
run_20260801_130648Z_full_post_crossfit,C01,sbm_moderate,ok,ok,0.0,0.0,1,1,True,{},True,True
run_20260801_130648Z_full_post_crossfit,C01,sbm_hard,ok,ok,0.0,0.0,1,1,True,{},True,True
run_20260801_130648Z_full_post_crossfit,C01,cat_clear_3cat_4c,ok,unsupported,1.0,,4,0,True,{},True,True
run_20260801_130648Z_full_post_crossfit,C01,cat_clear_4cat_4c,ok,unsupported,1.0,,4,0,True,{},True,True
run_20260801_130648Z_full_post_crossfit,C01,cat_clear_5cat_6c,ok,unsupported,0.8185140073081608,,5,0,True,{},True,True
run_20260801_130648Z_full_post_crossfit,C01,cat_mod_3cat_4c,ok,unsupported,0.935142422764694,,4,0,True,{},True,True
run_20260801_130648Z_full_post_crossfit,C01,cat_mod_4cat_6c,ok,unsupported,0.9865142168323924,,6,0,True,{},True,True
run_20260801_130648Z_full_post_crossfit,C01,cat_highcard_10cat_4c,ok,unsupported,0.986598879940902,,4,0,True,{},True,True
run_20260801_130648Z_full_post_crossfit,C01,cat_highcard_20cat_4c,ok,unsupported,0.0,,1,0,True,{},True,True
run_20260801_130648Z_full_post_crossfit,C01,cat_unbal_3cat_4c,ok,unsupported,0.9809920929302728,,4,0,True,{},True,True
run_20260801_130648Z_full_post_crossfit,C01,cat_overlap_3cat_4c,ok,unsupported,0.8644848643817469,,4,0,True,{},True,True
run_20260801_130648Z_full_post_crossfit,C01,cat_highd_3cat_500feat,ok,unsupported,0.0984600374207634,,68,0,True,{},True,True
run_20260801_130648Z_full_post_crossfit,C01,cat_highd_4cat_1000feat,ok,unsupported,1.0,,6,0,True,{},True,True
run_20260801_130648Z_full_post_crossfit,C01,phylo_dna_4taxa_low_mut,ok,unsupported,1.0,,4,0,True,{},True,True
run_20260801_130648Z_full_post_crossfit,C01,phylo_dna_8taxa_low_mut,ok,unsupported,1.0,,8,0,True,{},True,True
run_20260801_130648Z_full_post_crossfit,C01,phylo_dna_8taxa_med_mut,ok,unsupported,1.0,,8,0,True,{},True,True
run_20260801_130648Z_full_post_crossfit,C01,phylo_dna_16taxa_low_mut,ok,unsupported,1.0,,16,0,True,{},True,True
run_20260801_130648Z_full_post_crossfit,C01,phylo_protein_4taxa,ok,unsupported,1.0,,4,0,True,{},True,True
run_20260801_130648Z_full_post_crossfit,C01,phylo_protein_8taxa,ok,unsupported,1.0,,8,0,True,{},True,True
run_20260801_130648Z_full_post_crossfit,C01,phylo_protein_12taxa,ok,unsupported,0.9631584037374742,,16,0,True,{},True,True
run_20260801_130648Z_full_post_crossfit,C01,phylo_divergent_4taxa,ok,unsupported,1.0,,4,0,True,{},True,True
run_20260801_130648Z_full_post_crossfit,C01,phylo_divergent_8taxa,ok,unsupported,1.0,,8,0,True,{},True,True
run_20260801_130648Z_full_post_crossfit,C01,phylo_conserved_4taxa,skip,skip,,,0,0,True,{},True,True
run_20260801_130648Z_full_post_crossfit,C01,phylo_conserved_8taxa,ok,unsupported,1.0,,8,0,True,{},True,True
run_20260801_130648Z_full_post_crossfit,C01,phylo_large_32taxa,ok,unsupported,0.9702459296721974,,45,0,True,{},True,True
run_20260801_130648Z_full_post_crossfit,C01,phylo_large_64taxa,ok,unsupported,0.6879298333911303,,54,0,True,{},True,True
run_20260801_130648Z_full_post_crossfit,C01,overlap_heavy_4c_small_feat,ok,unsupported,0.0,,1,0,True,{},True,True
run_20260801_130648Z_full_post_crossfit,C01,overlap_heavy_4c_med_feat,ok,unsupported,0.0,,1,0,True,{},True,True
run_20260801_130648Z_full_post_crossfit,C01,overlap_heavy_8c_large_feat,ok,unsupported,0.0,,1,0,True,{},True,True
run_20260801_130648Z_full_post_crossfit,C01,overlap_extreme_4c,ok,ok,0.0,0.0,1,1,True,{},True,True
run_20260801_130648Z_full_post_crossfit,C01,overlap_mod_4c_small,ok,unsupported,0.8520629763241513,,4,0,True,{},True,True
run_20260801_130648Z_full_post_crossfit,C01,overlap_mod_6c_med,ok,unsupported,0.9959865525047962,,6,0,True,{},True,True
run_20260801_130648Z_full_post_crossfit,C01,overlap_mod_8c_large,ok,unsupported,1.0,,8,0,True,{},True,True
run_20260801_130648Z_full_post_crossfit,C01,overlap_part_4c_small,ok,unsupported,0.9866666397310956,,4,0,True,{},True,True
run_20260801_130648Z_full_post_crossfit,C01,overlap_part_6c_med,ok,unsupported,1.0,,6,0,True,{},True,True
run_20260801_130648Z_full_post_crossfit,C01,overlap_part_8c_large,ok,unsupported,1.0,,8,0,True,{},True,True
run_20260801_130648Z_full_post_crossfit,C01,overlap_hd_4c_1k,ok,unsupported,1.0,,4,0,True,{},True,True
run_20260801_130648Z_full_post_crossfit,C01,overlap_unbal_4c_small,ok,unsupported,0.6024203432333544,,4,0,True,{},True,True
run_20260801_130648Z_full_post_crossfit,C01,overlap_unbal_6c_med,ok,unsupported,1.0,,6,0,True,{},True,True
run_20260801_130648Z_full_post_crossfit,C01,overlap_unbal_8c_large,ok,unsupported,0.9947784716132548,,8,0,True,{},True,True
run_20260801_130648Z_full_post_crossfit,C01,gauss_overlap_3c_small,ok,unsupported,0.6743691150605863,,6,0,True,{},True,True
run_20260801_130648Z_full_post_crossfit,C01,gauss_overlap_4c_med,ok,unsupported,1.0,,4,0,True,{},True,True
run_20260801_130648Z_full_post_crossfit,C01,gauss_overlap_6c_large,ok,unsupported,1.0,,6,0,True,{},True,True
run_20260801_130648Z_full_post_crossfit,C01,gauss_overlap_8c_highd,ok,unsupported,0.9343004944078712,,14,0,True,{},True,True
run_20260801_130648Z_full_post_crossfit,C01,gauss_overlap_extreme_4c,ok,unsupported,1.0,,4,0,True,{},True,True
run_20260801_130648Z_full_post_crossfit,C01,gauss_overlap_extreme_6c,ok,unsupported,1.0,,6,0,True,{},True,True
run_20260801_130648Z_full_post_crossfit,C01,gauss_overlap_many_10c,ok,unsupported,0.9977985452346538,,11,0,True,{},True,True
run_20260801_130648Z_full_post_crossfit,C01,gauss_overlap_dense_8c,ok,unsupported,1.0,,8,0,True,{},True,True
run_20260801_130648Z_full_post_crossfit,C01,gauss_overlap_3c_small_q3,ok,unsupported,1.0,,3,0,True,{},True,True
run_20260801_130648Z_full_post_crossfit,C01,gauss_overlap_3c_small_q4,ok,unsupported,1.0,,3,0,True,{},True,True
run_20260801_130648Z_full_post_crossfit,C01,gauss_overlap_3c_small_q5,ok,unsupported,1.0,,3,0,True,{},True,True
run_20260801_130648Z_full_post_crossfit,C01,bar_binary_balanced_4c,ok,unsupported,0.0,,1,0,True,{},True,True
run_20260801_130648Z_full_post_crossfit,C01,bar_binary_unbalanced_95_5,ok,unsupported,0.0,,1,0,True,{},True,True
run_20260801_130648Z_full_post_crossfit,C01,mp_spike_below_bbp_continuous,skip,skip,,,0,0,True,{},True,True
run_20260801_130648Z_full_post_crossfit,C01,mp_spike_above_bbp_continuous,skip,skip,,,0,0,True,{},True,True
run_20260801_130648Z_full_post_crossfit,C01,cat_simplex_face_rare_20cat,ok,unsupported,0.0,,1,0,True,{},True,True
run_20260801_130648Z_full_post_crossfit,C01,cat_dirichlet_overdispersed_20cat,ok,unsupported,0.2142388457105737,,4,0,True,{},True,True
run_20260801_130648Z_full_post_crossfit,C01,cont_lowrank_pggn_shrinkage,skip,skip,,,0,0,True,{},True,True
run_20260801_130648Z_full_post_crossfit,C01,support_selected_only_fail_closed,ok,unsupported,1.0,,4,0,True,{},True,True
run_20260801_130648Z_full_post_crossfit,C01,phylo_brownian_null_16taxa,skip,skip,,,0,0,True,{},True,True
run_20260801_130648Z_full_post_crossfit,C01,traversal_deep_signal_under_same_parent,ok,unsupported,0.0,,1,0,True,{},True,True
run_20260801_130648Z_full_post_crossfit,C01,traversal_deep_branch_recovery_stress,ok,unsupported,1.0,,6,0,True,{},True,True
run_20260706_170815Z_full_graphtools_tree_consensus,C03,gauss_extreme_noise_3c,ok,unsupported,1.0,,3,0,False,"{""branch_length_optimization_apply_nonconverged"": [null, ""False""], ""branch_length_optimization_max_iterations"": [""300"", ""1000""]}",True,True
run_20260706_170815Z_full_graphtools_tree_consensus,C03,gauss_extreme_noise_many,ok,unsupported,0.3456013685190309,,141,0,False,"{""adaptive_neighbor_grid"": [""(5, 10, 15, 25, 40, 80, 160)"", ""[5, 10, 15, 25, 40, 80, 160]""], ""branch_length_optimization_apply_nonconverged"": [null, ""False""], ""branch_length_optimization_max_iterations"": [""300"", ""1000""]}",True,True
run_20260706_170815Z_full_graphtools_tree_consensus,C03,gauss_clear_small,ok,unsupported,1.0,,3,0,False,"{""adaptive_neighbor_grid"": [""(5, 10, 15, 25, 40, 80, 160)"", ""[5, 10, 15, 25, 40, 80, 160]""], ""branch_length_optimization_apply_nonconverged"": [null, ""False""], ""branch_length_optimization_max_iterations"": [""300"", ""1000""]}",True,True
run_20260706_170815Z_full_graphtools_tree_consensus,C03,gauss_clear_medium,ok,unsupported,1.0,,4,0,False,"{""adaptive_neighbor_grid"": [""(5, 10, 15, 25, 40, 80, 160)"", ""[5, 10, 15, 25, 40, 80, 160]""], ""branch_length_optimization_apply_nonconverged"": [null, ""False""], ""branch_length_optimization_max_iterations"": [""300"", ""1000""]}",True,True
run_20260706_170815Z_full_graphtools_tree_consensus,C03,gauss_clear_large,ok,unsupported,1.0,,5,0,False,"{""adaptive_neighbor_grid"": [""(5, 10, 15, 25, 40, 80, 160)"", ""[5, 10, 15, 25, 40, 80, 160]""], ""branch_length_optimization_apply_nonconverged"": [null, ""False""], ""branch_length_optimization_max_iterations"": [""300"", ""1000""]}",True,True
run_20260706_170815Z_full_graphtools_tree_consensus,C03,gauss_moderate_3c,ok,unsupported,1.0,,3,0,False,"{""adaptive_neighbor_grid"": [""(5, 10, 15, 25, 40, 80, 160)"", ""[5, 10, 15, 25, 40, 80, 160]""], ""branch_length_optimization_apply_nonconverged"": [null, ""False""], ""branch_length_optimization_max_iterations"": [""300"", ""1000""]}",True,True
run_20260706_170815Z_full_graphtools_tree_consensus,C03,gauss_moderate_5c,ok,unsupported,1.0,,5,0,False,"{""adaptive_neighbor_grid"": [""(5, 10, 15, 25, 40, 80, 160)"", ""[5, 10, 15, 25, 40, 80, 160]""], ""branch_length_optimization_apply_nonconverged"": [null, ""False""], ""branch_length_optimization_max_iterations"": [""300"", ""1000""]}",True,True
run_20260706_170815Z_full_graphtools_tree_consensus,C03,gauss_noisy_3c,ok,unsupported,1.0,,3,0,False,"{""adaptive_neighbor_grid"": [""(5, 10, 15, 25, 40, 80, 160)"", ""[5, 10, 15, 25, 40, 80, 160]""], ""branch_length_optimization_apply_nonconverged"": [null, ""False""], ""branch_length_optimization_max_iterations"": [""300"", ""1000""]}",True,True
run_20260706_170815Z_full_graphtools_tree_consensus,C03,gauss_noisy_many,ok,unsupported,1.0,,8,0,False,"{""adaptive_neighbor_grid"": [""(5, 10, 15, 25, 40, 80, 160)"", ""[5, 10, 15, 25, 40, 80, 160]""], ""branch_length_optimization_apply_nonconverged"": [null, ""False""], ""branch_length_optimization_max_iterations"": [""300"", ""1000""]}",True,True
run_20260706_170815Z_full_graphtools_tree_consensus,C03,gauss_null_small,ok,unsupported,0.0,,2,0,False,"{""adaptive_neighbor_grid"": [""(5, 10, 15, 25, 40, 80, 160)"", ""[5, 10, 15, 25, 40, 80, 160]""], ""branch_length_optimization_apply_nonconverged"": [null, ""False""], ""branch_length_optimization_max_iterations"": [""300"", ""1000""]}",True,True
run_20260706_170815Z_full_graphtools_tree_consensus,C03,gauss_null_large,ok,unsupported,1.0,,1,0,False,"{""adaptive_neighbor_grid"": [""(5, 10, 15, 25, 40, 80, 160)"", ""[5, 10, 15, 25, 40, 80, 160]""], ""branch_length_optimization_apply_nonconverged"": [null, ""False""], ""branch_length_optimization_max_iterations"": [""300"", ""1000""]}",True,True
run_20260706_170815Z_full_graphtools_tree_consensus,C03,gauss_clear_medium_continuous,ok,ok,0.0,0.0,1,1,False,"{""adaptive_neighbor_grid"": [""(5, 10, 15, 25, 40, 80, 160)"", ""[5, 10, 15, 25, 40, 80, 160]""], ""branch_length_optimization_apply_nonconverged"": [null, ""False""], ""branch_length_optimization_max_iterations"": [""300"", ""1000""]}",True,True
run_20260706_170815Z_full_graphtools_tree_consensus,C03,gauss_moderate_3c_continuous,ok,ok,0.0,0.0,1,1,False,"{""adaptive_neighbor_grid"": [""(5, 10, 15, 25, 40, 80, 160)"", ""[5, 10, 15, 25, 40, 80, 160]""], ""branch_length_optimization_apply_nonconverged"": [null, ""False""], ""branch_length_optimization_max_iterations"": [""300"", ""1000""]}",True,True
run_20260706_170815Z_full_graphtools_tree_consensus,C03,gauss_null_large_continuous,ok,ok,1.0,1.0,1,1,False,"{""adaptive_neighbor_grid"": [""(5, 10, 15, 25, 40, 80, 160)"", ""[5, 10, 15, 25, 40, 80, 160]""], ""branch_length_optimization_apply_nonconverged"": [null, ""False""], ""branch_length_optimization_max_iterations"": [""300"", ""1000""]}",True,True
run_20260706_170815Z_full_graphtools_tree_consensus,C03,dim_consolidated_4c_24f,ok,unsupported,0.4035201678286685,,9,0,False,"{""adaptive_neighbor_grid"": [""(5, 10, 15, 25, 40, 80, 160)"", ""[5, 10, 15, 25, 40, 80, 160]""], ""branch_length_optimization_apply_nonconverged"": [null, ""False""], ""branch_length_optimization_max_iterations"": [""300"", ""1000""]}",True,True
run_20260706_170815Z_full_graphtools_tree_consensus,C03,dim_consolidated_4c_72f,ok,unsupported,-0.0091073873330435,,2,0,False,"{""adaptive_neighbor_grid"": [""(5, 10, 15, 25, 40, 80, 160)"", ""[5, 10, 15, 25, 40, 80, 160]""], ""branch_length_optimization_apply_nonconverged"": [null, ""False""], ""branch_length_optimization_max_iterations"": [""300"", ""1000""]}",True,True
run_20260706_170815Z_full_graphtools_tree_consensus,C03,dim_consolidated_4c_272f,ok,unsupported,-0.0048686563877307,,2,0,False,"{""adaptive_neighbor_grid"": [""(5, 10, 15, 25, 40, 80, 160)"", ""[5, 10, 15, 25, 40, 80, 160]""], ""branch_length_optimization_apply_nonconverged"": [null, ""False""], ""branch_length_optimization_max_iterations"": [""300"", ""1000""]}",True,True
run_20260706_170815Z_full_graphtools_tree_consensus,C03,dim_diffuse_6c_36f,ok,unsupported,0.016063827866929,,3,0,False,"{""adaptive_neighbor_grid"": [""(5, 10, 15, 25, 40, 80, 160)"", ""[5, 10, 15, 25, 40, 80, 160]""], ""branch_length_optimization_apply_nonconverged"": [null, ""False""], ""branch_length_optimization_max_iterations"": [""300"", ""1000""]}",True,True
run_20260706_170815Z_full_graphtools_tree_consensus,C03,dim_diffuse_6c_136f,ok,unsupported,0.0057079374808458,,2,0,False,"{""adaptive_neighbor_grid"": [""(5, 10, 15, 25, 40, 80, 160)"", ""[5, 10, 15, 25, 40, 80, 160]""], ""branch_length_optimization_apply_nonconverged"": [null, ""False""], ""branch_length_optimization_max_iterations"": [""300"", ""1000""]}",True,True
run_20260706_170815Z_full_graphtools_tree_consensus,C03,dim_diffuse_6c_536f,ok,unsupported,-0.0071329746348962,,2,0,False,"{""adaptive_neighbor_grid"": [""(5, 10, 15, 25, 40, 80, 160)"", ""[5, 10, 15, 25, 40, 80, 160]""], ""branch_length_optimization_apply_nonconverged"": [null, ""False""], ""branch_length_optimization_max_iterations"": [""300"", ""1000""]}",True,True
run_20260706_170815Z_full_graphtools_tree_consensus,C03,dim_consolidated_4c_24f_continuous,ok,ok,0.0,0.0,1,1,False,"{""adaptive_neighbor_grid"": [""(5, 10, 15, 25, 40, 80, 160)"", ""[5, 10, 15, 25, 40, 80, 160]""], ""branch_length_optimization_apply_nonconverged"": [null, ""False""], ""branch_length_optimization_max_iterations"": [""300"", ""1000""]}",True,True
run_20260706_170815Z_full_graphtools_tree_consensus,C03,dim_consolidated_4c_72f_continuous,ok,ok,0.0,0.0,1,1,False,"{""adaptive_neighbor_grid"": [""(5, 10, 15, 25, 40, 80, 160)"", ""[5, 10, 15, 25, 40, 80, 160]""], ""branch_length_optimization_apply_nonconverged"": [null, ""False""], ""branch_length_optimization_max_iterations"": [""300"", ""1000""]}",True,True
run_20260706_170815Z_full_graphtools_tree_consensus,C03,dim_diffuse_6c_136f_continuous,ok,ok,0.0,0.0,1,1,False,"{""adaptive_neighbor_grid"": [""(5, 10, 15, 25, 40, 80, 160)"", ""[5, 10, 15, 25, 40, 80, 160]""], ""branch_length_optimization_apply_nonconverged"": [null, ""False""], ""branch_length_optimization_max_iterations"": [""300"", ""1000""]}",True,True
run_20260706_170815Z_full_graphtools_tree_consensus,C03,gauss_single_outlier_4c,ok,unsupported,0.9915772953178132,,4,0,False,"{""adaptive_neighbor_grid"": [""(5, 10, 15, 25, 40, 80, 160)"", ""[5, 10, 15, 25, 40, 80, 160]""], ""branch_length_optimization_apply_nonconverged"": [null, ""False""], ""branch_length_optimization_max_iterations"": [""300"", ""1000""]}",True,True
run_20260706_170815Z_full_graphtools_tree_consensus,C03,gauss_outlier_cluster_4c,ok,unsupported,0.2947912818618396,,2,0,False,"{""adaptive_neighbor_grid"": [""(5, 10, 15, 25, 40, 80, 160)"", ""[5, 10, 15, 25, 40, 80, 160]""], ""branch_length_optimization_apply_nonconverged"": [null, ""False""], ""branch_length_optimization_max_iterations"": [""300"", ""1000""]}",True,True
run_20260706_170815Z_full_graphtools_tree_consensus,C03,gauss_outlier_shell_4c,ok,unsupported,0.9329098848749504,,6,0,False,"{""adaptive_neighbor_grid"": [""(5, 10, 15, 25, 40, 80, 160)"", ""[5, 10, 15, 25, 40, 80, 160]""], ""branch_length_optimization_apply_nonconverged"": [null, ""False""], ""branch_length_optimization_max_iterations"": [""300"", ""1000""]}",True,True
run_20260706_170815Z_full_graphtools_tree_consensus,C03,gauss_single_outlier_4c_continuous,ok,ok,0.0,0.0,1,1,False,"{""adaptive_neighbor_grid"": [""(5, 10, 15, 25, 40, 80, 160)"", ""[5, 10, 15, 25, 40, 80, 160]""], ""branch_length_optimization_apply_nonconverged"": [null, ""False""], ""branch_length_optimization_max_iterations"": [""300"", ""1000""]}",True,True
run_20260706_170815Z_full_graphtools_tree_consensus,C03,gauss_outlier_cluster_4c_continuous,ok,ok,0.0,0.0,1,1,False,"{""adaptive_neighbor_grid"": [""(5, 10, 15, 25, 40, 80, 160)"", ""[5, 10, 15, 25, 40, 80, 160]""], ""branch_length_optimization_apply_nonconverged"": [null, ""False""], ""branch_length_optimization_max_iterations"": [""300"", ""1000""]}",True,True
run_20260706_170815Z_full_graphtools_tree_consensus,C03,binary_balanced_low_noise,ok,unsupported,1.0,,4,0,False,"{""adaptive_neighbor_grid"": [""(5, 10, 15, 25, 40, 80, 160)"", ""[5, 10, 15, 25, 40, 80, 160]""], ""branch_length_optimization_apply_nonconverged"": [null, ""False""], ""branch_length_optimization_max_iterations"": [""300"", ""1000""]}",True,True
run_20260706_170815Z_full_graphtools_tree_consensus,C03,binary_balanced_low_noise__2,ok,unsupported,1.0,,4,0,False,"{""adaptive_neighbor_grid"": [""(5, 10, 15, 25, 40, 80, 160)"", ""[5, 10, 15, 25, 40, 80, 160]""], ""branch_length_optimization_apply_nonconverged"": [null, ""False""], ""branch_length_optimization_max_iterations"": [""300"", ""1000""]}",True,True
run_20260706_170815Z_full_graphtools_tree_consensus,C03,sparse_features_72x72,ok,unsupported,1.0,,4,0,False,"{""adaptive_neighbor_grid"": [""(5, 10, 15, 25, 40, 80, 160)"", ""[5, 10, 15, 25, 40, 80, 160]""], ""branch_length_optimization_apply_nonconverged"": [null, ""False""], ""branch_length_optimization_max_iterations"": [""300"", ""1000""]}",True,True
run_20260706_170815Z_full_graphtools_tree_consensus,C03,sparse_features_100x500,ok,unsupported,1.0,,4,0,False,"{""adaptive_neighbor_grid"": [""(5, 10, 15, 25, 40, 80, 160)"", ""[5, 10, 15, 25, 40, 80, 160]""], ""branch_length_optimization_apply_nonconverged"": [null, ""False""], ""branch_length_optimization_max_iterations"": [""300"", ""1000""]}",True,True
run_20260706_170815Z_full_graphtools_tree_consensus,C03,binary_perfect_2c,ok,unsupported,1.0,,2,0,False,"{""adaptive_neighbor_grid"": [""(5, 10, 15, 25, 40, 80, 160)"", ""[5, 10, 15, 25, 40, 80, 160]""], ""branch_length_optimization_apply_nonconverged"": [null, ""False""], ""branch_length_optimization_max_iterations"": [""300"", ""1000""]}",True,True
run_20260706_170815Z_full_graphtools_tree_consensus,C03,binary_perfect_4c,ok,unsupported,0.968302795238732,,5,0,False,"{""adaptive_neighbor_grid"": [""(5, 10, 15, 25, 40, 80, 160)"", ""[5, 10, 15, 25, 40, 80, 160]""], ""branch_length_optimization_apply_nonconverged"": [null, ""False""], ""branch_length_optimization_max_iterations"": [""300"", ""1000""]}",True,True
run_20260706_170815Z_full_graphtools_tree_consensus,C03,binary_perfect_8c,ok,unsupported,1.0,,8,0,False,"{""adaptive_neighbor_grid"": [""(5, 10, 15, 25, 40, 80, 160)"", ""[5, 10, 15, 25, 40, 80, 160]""], ""branch_length_optimization_apply_nonconverged"": [null, ""False""], ""branch_length_optimization_max_iterations"": [""300"", ""1000""]}",True,True
run_20260706_170815Z_full_graphtools_tree_consensus,C03,binary_low_noise_2c,ok,unsupported,0.6661800809501692,,5,0,False,"{""adaptive_neighbor_grid"": [""(5, 10, 15, 25, 40, 80, 160)"", ""[5, 10, 15, 25, 40, 80, 160]""], ""branch_length_optimization_apply_nonconverged"": [null, ""False""], ""branch_length_optimization_max_iterations"": [""300"", ""1000""]}",True,True
run_20260706_170815Z_full_graphtools_tree_consensus,C03,binary_low_noise_4c,ok,unsupported,0.9429190751445088,,5,0,False,"{""adaptive_neighbor_grid"": [""(5, 10, 15, 25, 40, 80, 160)"", ""[5, 10, 15, 25, 40, 80, 160]""], ""branch_length_optimization_apply_nonconverged"": [null, ""False""], ""branch_length_optimization_max_iterations"": [""300"", ""1000""]}",True,True
run_20260706_170815Z_full_graphtools_tree_consensus,C03,binary_low_noise_8c,ok,unsupported,1.0,,8,0,False,"{""adaptive_neighbor_grid"": [""(5, 10, 15, 25, 40, 80, 160)"", ""[5, 10, 15, 25, 40, 80, 160]""], ""branch_length_optimization_apply_nonconverged"": [null, ""False""], ""branch_length_optimization_max_iterations"": [""300"", ""1000""]}",True,True
run_20260706_170815Z_full_graphtools_tree_consensus,C03,binary_low_noise_12c,ok,unsupported,1.0,,12,0,False,"{""adaptive_neighbor_grid"": [""(5, 10, 15, 25, 40, 80, 160)"", ""[5, 10, 15, 25, 40, 80, 160]""], ""branch_length_optimization_apply_nonconverged"": [null, ""False""], ""branch_length_optimization_max_iterations"": [""300"", ""1000""]}",True,True
run_20260706_170815Z_full_graphtools_tree_consensus,C03,binary_moderate_4c,ok,unsupported,1.0,,4,0,False,"{""adaptive_neighbor_grid"": [""(5, 10, 15, 25, 40, 80, 160)"", ""[5, 10, 15, 25, 40, 80, 160]""], ""branch_length_optimization_apply_nonconverged"": [null, ""False""], ""branch_length_optimization_max_iterations"": [""300"", ""1000""]}",True,True
run_20260706_170815Z_full_graphtools_tree_consensus,C03,binary_moderate_6c,ok,unsupported,1.0,,6,0,False,"{""adaptive_neighbor_grid"": [""(5, 10, 15, 25, 40, 80, 160)"", ""[5, 10, 15, 25, 40, 80, 160]""], ""branch_length_optimization_apply_nonconverged"": [null, ""False""], ""branch_length_optimization_max_iterations"": [""300"", ""1000""]}",True,True
run_20260706_170815Z_full_graphtools_tree_consensus,C03,binary_moderate_8c,ok,unsupported,1.0,,8,0,False,"{""adaptive_neighbor_grid"": [""(5, 10, 15, 25, 40, 80, 160)"", ""[5, 10, 15, 25, 40, 80, 160]""], ""branch_length_optimization_apply_nonconverged"": [null, ""False""], ""branch_length_optimization_max_iterations"": [""300"", ""1000""]}",True,True
run_20260706_170815Z_full_graphtools_tree_consensus,C03,binary_hard_4c,ok,unsupported,1.0,,4,0,False,"{""adaptive_neighbor_grid"": [""(5, 10, 15, 25, 40, 80, 160)"", ""[5, 10, 15, 25, 40, 80, 160]""], ""branch_length_optimization_apply_nonconverged"": [null, ""False""], ""branch_length_optimization_max_iterations"": [""300"", ""1000""]}",True,True
run_20260706_170815Z_full_graphtools_tree_consensus,C03,binary_hard_8c,ok,unsupported,1.0,,8,0,False,"{""adaptive_neighbor_grid"": [""(5, 10, 15, 25, 40, 80, 160)"", ""[5, 10, 15, 25, 40, 80, 160]""], ""branch_length_optimization_apply_nonconverged"": [null, ""False""], ""branch_length_optimization_max_iterations"": [""300"", ""1000""]}",True,True
run_20260706_170815Z_full_graphtools_tree_consensus,C03,binary_unbalanced_low,ok,unsupported,1.0,,4,0,False,"{""adaptive_neighbor_grid"": [""(5, 10, 15, 25, 40, 80, 160)"", ""[5, 10, 15, 25, 40, 80, 160]""], ""branch_length_optimization_apply_nonconverged"": [null, ""False""], ""branch_length_optimization_max_iterations"": [""300"", ""1000""]}",True,True
run_20260706_170815Z_full_graphtools_tree_consensus,C03,binary_unbalanced_med,ok,unsupported,1.0,,6,0,False,"{""adaptive_neighbor_grid"": [""(5, 10, 15, 25, 40, 80, 160)"", ""[5, 10, 15, 25, 40, 80, 160]""], ""branch_length_optimization_apply_nonconverged"": [null, ""False""], ""branch_length_optimization_max_iterations"": [""300"", ""1000""]}",True,True
run_20260706_170815Z_full_graphtools_tree_consensus,C03,binary_2clusters,ok,unsupported,1.0,,2,0,False,"{""adaptive_neighbor_grid"": [""(5, 10, 15, 25, 40, 80, 160)"", ""[5, 10, 15, 25, 40, 80, 160]""], ""branch_length_optimization_apply_nonconverged"": [null, ""False""], ""branch_length_optimization_max_iterations"": [""300"", ""1000""]}",True,True
run_20260706_170815Z_full_graphtools_tree_consensus,C03,binary_many_features,ok,unsupported,1.0,,4,0,False,"{""adaptive_neighbor_grid"": [""(5, 10, 15, 25, 40, 80, 160)"", ""[5, 10, 15, 25, 40, 80, 160]""], ""branch_length_optimization_apply_nonconverged"": [null, ""False""], ""branch_length_optimization_max_iterations"": [""300"", ""1000""]}",True,True
run_20260706_170815Z_full_graphtools_tree_consensus,C03,binary_many_clusters,ok,unsupported,1.0,,15,0,False,"{""adaptive_neighbor_grid"": [""(5, 10, 15, 25, 40, 80, 160)"", ""[5, 10, 15, 25, 40, 80, 160]""], ""branch_length_optimization_apply_nonconverged"": [null, ""False""], ""branch_length_optimization_max_iterations"": [""300"", ""1000""]}",True,True
run_20260706_170815Z_full_graphtools_tree_consensus,C03,binary_null_small,ok,ok,1.0,1.0,1,1,False,"{""adaptive_neighbor_grid"": [""(5, 10, 15, 25, 40, 80, 160)"", ""[5, 10, 15, 25, 40, 80, 160]""], ""branch_length_optimization_apply_nonconverged"": [null, ""False""], ""branch_length_optimization_max_iterations"": [""300"", ""1000""]}",True,True
run_20260706_170815Z_full_graphtools_tree_consensus,C03,binary_null_medium,ok,ok,1.0,1.0,1,1,False,"{""adaptive_neighbor_grid"": [""(5, 10, 15, 25, 40, 80, 160)"", ""[5, 10, 15, 25, 40, 80, 160]""], ""branch_length_optimization_apply_nonconverged"": [null, ""False""], ""branch_length_optimization_max_iterations"": [""300"", ""1000""]}",True,True
run_20260706_170815Z_full_graphtools_tree_consensus,C03,binary_multiscale_4c,ok,unsupported,1.0,,4,0,False,"{""adaptive_neighbor_grid"": [""(5, 10, 15, 25, 40, 80, 160)"", ""[5, 10, 15, 25, 40, 80, 160]""], ""branch_length_optimization_apply_nonconverged"": [null, ""False""], ""branch_length_optimization_max_iterations"": [""300"", ""1000""]}",True,True
run_20260706_170815Z_full_graphtools_tree_consensus,C03,binary_multiscale_6c,ok,unsupported,1.0,,6,0,False,"{""adaptive_neighbor_grid"": [""(5, 10, 15, 25, 40, 80, 160)"", ""[5, 10, 15, 25, 40, 80, 160]""], ""branch_length_optimization_apply_nonconverged"": [null, ""False""], ""branch_length_optimization_max_iterations"": [""300"", ""1000""]}",True,True
run_20260706_170815Z_full_graphtools_tree_consensus,C03,binary_noise_feat_50i_200n,ok,unsupported,1.0,,4,0,False,"{""adaptive_neighbor_grid"": [""(5, 10, 15, 25, 40, 80, 160)"", ""[5, 10, 15, 25, 40, 80, 160]""], ""branch_length_optimization_apply_nonconverged"": [null, ""False""], ""branch_length_optimization_max_iterations"": [""300"", ""1000""]}",True,True
run_20260706_170815Z_full_graphtools_tree_consensus,C03,binary_noise_feat_80i_400n,skip,unsupported,,,0,0,False,"{""adaptive_neighbor_grid"": [""(5, 10, 15, 25, 40, 80, 160)"", ""[5, 10, 15, 25, 40, 80, 160]""], ""branch_length_optimization_apply_nonconverged"": [null, ""False""], ""branch_length_optimization_max_iterations"": [""300"", ""1000""]}",True,True
run_20260706_170815Z_full_graphtools_tree_consensus,C03,binary_noise_feat_30i_500n,ok,unsupported,1.0,,3,0,False,"{""adaptive_neighbor_grid"": [""(5, 10, 15, 25, 40, 80, 160)"", ""[5, 10, 15, 25, 40, 80, 160]""], ""branch_length_optimization_apply_nonconverged"": [null, ""False""], ""branch_length_optimization_max_iterations"": [""300"", ""1000""]}",True,True
run_20260706_170815Z_full_graphtools_tree_consensus,C03,sbm_clear_small,ok,unsupported,0.7021746223680927,,3,0,False,"{""adaptive_neighbor_grid"": [""(5, 10, 15, 25, 40, 80, 160)"", ""[5, 10, 15, 25, 40, 80, 160]""], ""branch_length_optimization_apply_nonconverged"": [null, ""False""], ""branch_length_optimization_max_iterations"": [""300"", ""1000""]}",True,True
run_20260706_170815Z_full_graphtools_tree_consensus,C03,sbm_moderate,ok,ok,0.0,0.0,1,1,False,"{""adaptive_neighbor_grid"": [""(5, 10, 15, 25, 40, 80, 160)"", ""[5, 10, 15, 25, 40, 80, 160]""], ""branch_length_optimization_apply_nonconverged"": [null, ""False""], ""branch_length_optimization_max_iterations"": [""300"", ""1000""]}",True,True
run_20260706_170815Z_full_graphtools_tree_consensus,C03,sbm_hard,ok,unsupported,0.0,,1,0,False,"{""adaptive_neighbor_grid"": [""(5, 10, 15, 25, 40, 80, 160)"", ""[5, 10, 15, 25, 40, 80, 160]""], ""branch_length_optimization_apply_nonconverged"": [null, ""False""], ""branch_length_optimization_max_iterations"": [""300"", ""1000""]}",True,True
run_20260706_170815Z_full_graphtools_tree_consensus,C03,cat_clear_3cat_4c,ok,unsupported,0.7079646017699115,,3,0,False,"{""adaptive_neighbor_grid"": [""(5, 10, 15, 25, 40, 80, 160)"", ""[5, 10, 15, 25, 40, 80, 160]""], ""branch_length_optimization_apply_nonconverged"": [null, ""False""], ""branch_length_optimization_max_iterations"": [""300"", ""1000""]}",True,True
run_20260706_170815Z_full_graphtools_tree_consensus,C03,cat_clear_4cat_4c,ok,unsupported,1.0,,4,0,False,"{""adaptive_neighbor_grid"": [""(5, 10, 15, 25, 40, 80, 160)"", ""[5, 10, 15, 25, 40, 80, 160]""], ""branch_length_optimization_apply_nonconverged"": [null, ""False""], ""branch_length_optimization_max_iterations"": [""300"", ""1000""]}",True,True
run_20260706_170815Z_full_graphtools_tree_consensus,C03,cat_clear_5cat_6c,ok,unsupported,0.8185140073081608,,5,0,False,"{""adaptive_neighbor_grid"": [""(5, 10, 15, 25, 40, 80, 160)"", ""[5, 10, 15, 25, 40, 80, 160]""], ""branch_length_optimization_apply_nonconverged"": [null, ""False""], ""branch_length_optimization_max_iterations"": [""300"", ""1000""]}",True,True
run_20260706_170815Z_full_graphtools_tree_consensus,C03,cat_mod_3cat_4c,ok,unsupported,0.935142422764694,,4,0,False,"{""adaptive_neighbor_grid"": [""(5, 10, 15, 25, 40, 80, 160)"", ""[5, 10, 15, 25, 40, 80, 160]""], ""branch_length_optimization_apply_nonconverged"": [null, ""False""], ""branch_length_optimization_max_iterations"": [""300"", ""1000""]}",True,True
run_20260706_170815Z_full_graphtools_tree_consensus,C03,cat_mod_4cat_6c,ok,unsupported,1.0,,6,0,False,"{""adaptive_neighbor_grid"": [""(5, 10, 15, 25, 40, 80, 160)"", ""[5, 10, 15, 25, 40, 80, 160]""], ""branch_length_optimization_apply_nonconverged"": [null, ""False""], ""branch_length_optimization_max_iterations"": [""300"", ""1000""]}",True,True
run_20260706_170815Z_full_graphtools_tree_consensus,C03,cat_highcard_10cat_4c,ok,unsupported,0.986598879940902,,4,0,False,"{""adaptive_neighbor_grid"": [""(5, 10, 15, 25, 40, 80, 160)"", ""[5, 10, 15, 25, 40, 80, 160]""], ""branch_length_optimization_apply_nonconverged"": [null, ""False""], ""branch_length_optimization_max_iterations"": [""300"", ""1000""]}",True,True
run_20260706_170815Z_full_graphtools_tree_consensus,C03,cat_highcard_20cat_4c,ok,unsupported,0.8815027629100077,,4,0,False,"{""adaptive_neighbor_grid"": [""(5, 10, 15, 25, 40, 80, 160)"", ""[5, 10, 15, 25, 40, 80, 160]""], ""branch_length_optimization_apply_nonconverged"": [null, ""False""], ""branch_length_optimization_max_iterations"": [""300"", ""1000""]}",True,True
run_20260706_170815Z_full_graphtools_tree_consensus,C03,cat_unbal_3cat_4c,ok,unsupported,0.9270776181607898,,4,0,False,"{""adaptive_neighbor_grid"": [""(5, 10, 15, 25, 40, 80, 160)"", ""[5, 10, 15, 25, 40, 80, 160]""], ""branch_length_optimization_apply_nonconverged"": [null, ""False""], ""branch_length_optimization_max_iterations"": [""300"", ""1000""]}",True,True
run_20260706_170815Z_full_graphtools_tree_consensus,C03,cat_overlap_3cat_4c,ok,unsupported,0.8959106431954114,,4,0,False,"{""adaptive_neighbor_grid"": [""(5, 10, 15, 25, 40, 80, 160)"", ""[5, 10, 15, 25, 40, 80, 160]""], ""branch_length_optimization_apply_nonconverged"": [null, ""False""], ""branch_length_optimization_max_iterations"": [""300"", ""1000""]}",True,True
run_20260706_170815Z_full_graphtools_tree_consensus,C03,cat_highd_3cat_500feat,ok,unsupported,1.0,,4,0,False,"{""adaptive_neighbor_grid"": [""(5, 10, 15, 25, 40, 80, 160)"", ""[5, 10, 15, 25, 40, 80, 160]""], ""branch_length_optimization_apply_nonconverged"": [null, ""False""], ""branch_length_optimization_max_iterations"": [""300"", ""1000""]}",True,True
run_20260706_170815Z_full_graphtools_tree_consensus,C03,cat_highd_4cat_1000feat,ok,unsupported,1.0,,6,0,False,"{""adaptive_neighbor_grid"": [""(5, 10, 15, 25, 40, 80, 160)"", ""[5, 10, 15, 25, 40, 80, 160]""], ""branch_length_optimization_apply_nonconverged"": [null, ""False""], ""branch_length_optimization_max_iterations"": [""300"", ""1000""]}",True,True
run_20260706_170815Z_full_graphtools_tree_consensus,C03,phylo_dna_4taxa_low_mut,ok,unsupported,1.0,,4,0,False,"{""adaptive_neighbor_grid"": [""(5, 10, 15, 25, 40, 80, 160)"", ""[5, 10, 15, 25, 40, 80, 160]""], ""branch_length_optimization_apply_nonconverged"": [null, ""False""], ""branch_length_optimization_max_iterations"": [""300"", ""1000""]}",True,True
run_20260706_170815Z_full_graphtools_tree_consensus,C03,phylo_dna_8taxa_low_mut,ok,unsupported,1.0,,8,0,False,"{""adaptive_neighbor_grid"": [""(5, 10, 15, 25, 40, 80, 160)"", ""[5, 10, 15, 25, 40, 80, 160]""], ""branch_length_optimization_apply_nonconverged"": [null, ""False""], ""branch_length_optimization_max_iterations"": [""300"", ""1000""]}",True,True
run_20260706_170815Z_full_graphtools_tree_consensus,C03,phylo_dna_8taxa_med_mut,ok,unsupported,1.0,,8,0,False,"{""adaptive_neighbor_grid"": [""(5, 10, 15, 25, 40, 80, 160)"", ""[5, 10, 15, 25, 40, 80, 160]""], ""branch_length_optimization_apply_nonconverged"": [null, ""False""], ""branch_length_optimization_max_iterations"": [""300"", ""1000""]}",True,True
run_20260706_170815Z_full_graphtools_tree_consensus,C03,phylo_dna_16taxa_low_mut,ok,unsupported,0.9885035355235942,,17,0,False,"{""adaptive_neighbor_grid"": [""(5, 10, 15, 25, 40, 80, 160)"", ""[5, 10, 15, 25, 40, 80, 160]""], ""branch_length_optimization_apply_nonconverged"": [null, ""False""], ""branch_length_optimization_max_iterations"": [""300"", ""1000""]}",True,True
run_20260706_170815Z_full_graphtools_tree_consensus,C03,phylo_protein_4taxa,ok,unsupported,1.0,,4,0,False,"{""adaptive_neighbor_grid"": [""(5, 10, 15, 25, 40, 80, 160)"", ""[5, 10, 15, 25, 40, 80, 160]""], ""branch_length_optimization_apply_nonconverged"": [null, ""False""], ""branch_length_optimization_max_iterations"": [""300"", ""1000""]}",True,True
run_20260706_170815Z_full_graphtools_tree_consensus,C03,phylo_protein_8taxa,ok,unsupported,1.0,,8,0,False,"{""adaptive_neighbor_grid"": [""(5, 10, 15, 25, 40, 80, 160)"", ""[5, 10, 15, 25, 40, 80, 160]""], ""branch_length_optimization_apply_nonconverged"": [null, ""False""], ""branch_length_optimization_max_iterations"": [""300"", ""1000""]}",True,True
run_20260706_170815Z_full_graphtools_tree_consensus,C03,phylo_protein_12taxa,ok,unsupported,1.0,,12,0,False,"{""adaptive_neighbor_grid"": [""(5, 10, 15, 25, 40, 80, 160)"", ""[5, 10, 15, 25, 40, 80, 160]""], ""branch_length_optimization_apply_nonconverged"": [null, ""False""], ""branch_length_optimization_max_iterations"": [""300"", ""1000""]}",True,True
run_20260706_170815Z_full_graphtools_tree_consensus,C03,phylo_divergent_4taxa,ok,unsupported,1.0,,4,0,False,"{""adaptive_neighbor_grid"": [""(5, 10, 15, 25, 40, 80, 160)"", ""[5, 10, 15, 25, 40, 80, 160]""], ""branch_length_optimization_apply_nonconverged"": [null, ""False""], ""branch_length_optimization_max_iterations"": [""300"", ""1000""]}",True,True
run_20260706_170815Z_full_graphtools_tree_consensus,C03,phylo_divergent_8taxa,ok,unsupported,1.0,,8,0,False,"{""adaptive_neighbor_grid"": [""(5, 10, 15, 25, 40, 80, 160)"", ""[5, 10, 15, 25, 40, 80, 160]""], ""branch_length_optimization_apply_nonconverged"": [null, ""False""], ""branch_length_optimization_max_iterations"": [""300"", ""1000""]}",True,True
run_20260706_170815Z_full_graphtools_tree_consensus,C03,phylo_conserved_4taxa,ok,unsupported,0.8709562744400995,,6,0,False,"{""adaptive_neighbor_grid"": [""(5, 10, 15, 25, 40, 80, 160)"", ""[5, 10, 15, 25, 40, 80, 160]""], ""branch_length_optimization_apply_nonconverged"": [null, ""False""], ""branch_length_optimization_max_iterations"": [""300"", ""1000""]}",True,True
run_20260706_170815Z_full_graphtools_tree_consensus,C03,phylo_conserved_8taxa,ok,unsupported,1.0,,8,0,False,"{""adaptive_neighbor_grid"": [""(5, 10, 15, 25, 40, 80, 160)"", ""[5, 10, 15, 25, 40, 80, 160]""], ""branch_length_optimization_apply_nonconverged"": [null, ""False""], ""branch_length_optimization_max_iterations"": [""300"", ""1000""]}",True,True
run_20260706_170815Z_full_graphtools_tree_consensus,C03,phylo_large_32taxa,ok,unsupported,1.0,,32,0,False,"{""adaptive_neighbor_grid"": [""(5, 10, 15, 25, 40, 80, 160)"", ""[5, 10, 15, 25, 40, 80, 160]""], ""branch_length_optimization_apply_nonconverged"": [null, ""False""], ""branch_length_optimization_max_iterations"": [""300"", ""1000""]}",True,True
run_20260706_170815Z_full_graphtools_tree_consensus,C03,phylo_large_64taxa,ok,unsupported,0.8139709189027132,,95,0,False,"{""adaptive_neighbor_grid"": [""(5, 10, 15, 25, 40, 80, 160)"", ""[5, 10, 15, 25, 40, 80, 160]""], ""branch_length_optimization_apply_nonconverged"": [null, ""False""], ""branch_length_optimization_max_iterations"": [""300"", ""1000""]}",True,True
run_20260706_170815Z_full_graphtools_tree_consensus,C03,overlap_heavy_4c_small_feat,ok,unsupported,0.0,,1,0,False,"{""adaptive_neighbor_grid"": [""(5, 10, 15, 25, 40, 80, 160)"", ""[5, 10, 15, 25, 40, 80, 160]""], ""branch_length_optimization_apply_nonconverged"": [null, ""False""], ""branch_length_optimization_max_iterations"": [""300"", ""1000""]}",True,True
run_20260706_170815Z_full_graphtools_tree_consensus,C03,overlap_heavy_4c_med_feat,ok,unsupported,0.0,,1,0,False,"{""adaptive_neighbor_grid"": [""(5, 10, 15, 25, 40, 80, 160)"", ""[5, 10, 15, 25, 40, 80, 160]""], ""branch_length_optimization_apply_nonconverged"": [null, ""False""], ""branch_length_optimization_max_iterations"": [""300"", ""1000""]}",True,True
run_20260706_170815Z_full_graphtools_tree_consensus,C03,overlap_heavy_8c_large_feat,ok,unsupported,0.0,,1,0,False,"{""adaptive_neighbor_grid"": [""(5, 10, 15, 25, 40, 80, 160)"", ""[5, 10, 15, 25, 40, 80, 160]""], ""branch_length_optimization_apply_nonconverged"": [null, ""False""], ""branch_length_optimization_max_iterations"": [""300"", ""1000""]}",True,True
run_20260706_170815Z_full_graphtools_tree_consensus,C03,overlap_extreme_4c,ok,ok,0.0,0.0,1,1,False,"{""adaptive_neighbor_grid"": [""(5, 10, 15, 25, 40, 80, 160)"", ""[5, 10, 15, 25, 40, 80, 160]""], ""branch_length_optimization_apply_nonconverged"": [null, ""False""], ""branch_length_optimization_max_iterations"": [""300"", ""1000""]}",True,True
run_20260706_170815Z_full_graphtools_tree_consensus,C03,overlap_mod_4c_small,ok,unsupported,0.9013124846886036,,4,0,False,"{""adaptive_neighbor_grid"": [""(5, 10, 15, 25, 40, 80, 160)"", ""[5, 10, 15, 25, 40, 80, 160]""], ""branch_length_optimization_apply_nonconverged"": [null, ""False""], ""branch_length_optimization_max_iterations"": [""300"", ""1000""]}",True,True
run_20260706_170815Z_full_graphtools_tree_consensus,C03,overlap_mod_6c_med,ok,unsupported,0.9919932730874575,,6,0,False,"{""adaptive_neighbor_grid"": [""(5, 10, 15, 25, 40, 80, 160)"", ""[5, 10, 15, 25, 40, 80, 160]""], ""branch_length_optimization_apply_nonconverged"": [null, ""False""], ""branch_length_optimization_max_iterations"": [""300"", ""1000""]}",True,True
run_20260706_170815Z_full_graphtools_tree_consensus,C03,overlap_mod_8c_large,ok,unsupported,1.0,,8,0,False,"{""adaptive_neighbor_grid"": [""(5, 10, 15, 25, 40, 80, 160)"", ""[5, 10, 15, 25, 40, 80, 160]""], ""branch_length_optimization_apply_nonconverged"": [null, ""False""], ""branch_length_optimization_max_iterations"": [""300"", ""1000""]}",True,True
run_20260706_170815Z_full_graphtools_tree_consensus,C03,overlap_part_4c_small,ok,unsupported,0.9933165272203728,,4,0,False,"{""adaptive_neighbor_grid"": [""(5, 10, 15, 25, 40, 80, 160)"", ""[5, 10, 15, 25, 40, 80, 160]""], ""branch_length_optimization_apply_nonconverged"": [null, ""False""], ""branch_length_optimization_max_iterations"": [""300"", ""1000""]}",True,True
run_20260706_170815Z_full_graphtools_tree_consensus,C03,overlap_part_6c_med,ok,unsupported,1.0,,6,0,False,"{""adaptive_neighbor_grid"": [""(5, 10, 15, 25, 40, 80, 160)"", ""[5, 10, 15, 25, 40, 80, 160]""], ""branch_length_optimization_apply_nonconverged"": [null, ""False""], ""branch_length_optimization_max_iterations"": [""300"", ""1000""]}",True,True
run_20260706_170815Z_full_graphtools_tree_consensus,C03,overlap_part_8c_large,ok,unsupported,1.0,,8,0,False,"{""adaptive_neighbor_grid"": [""(5, 10, 15, 25, 40, 80, 160)"", ""[5, 10, 15, 25, 40, 80, 160]""], ""branch_length_optimization_apply_nonconverged"": [null, ""False""], ""branch_length_optimization_max_iterations"": [""300"", ""1000""]}",True,True
run_20260706_170815Z_full_graphtools_tree_consensus,C03,overlap_hd_4c_1k,ok,unsupported,0.5764613473447828,,11,0,False,"{""adaptive_neighbor_grid"": [""(5, 10, 15, 25, 40, 80, 160)"", ""[5, 10, 15, 25, 40, 80, 160]""], ""branch_length_optimization_apply_nonconverged"": [null, ""False""], ""branch_length_optimization_max_iterations"": [""300"", ""1000""]}",True,True
run_20260706_170815Z_full_graphtools_tree_consensus,C03,overlap_unbal_4c_small,ok,unsupported,0.6590088044947379,,4,0,False,"{""adaptive_neighbor_grid"": [""(5, 10, 15, 25, 40, 80, 160)"", ""[5, 10, 15, 25, 40, 80, 160]""], ""branch_length_optimization_apply_nonconverged"": [null, ""False""], ""branch_length_optimization_max_iterations"": [""300"", ""1000""]}",True,True
run_20260706_170815Z_full_graphtools_tree_consensus,C03,overlap_unbal_6c_med,ok,unsupported,0.9918596040304511,,6,0,False,"{""adaptive_neighbor_grid"": [""(5, 10, 15, 25, 40, 80, 160)"", ""[5, 10, 15, 25, 40, 80, 160]""], ""branch_length_optimization_apply_nonconverged"": [null, ""False""], ""branch_length_optimization_max_iterations"": [""300"", ""1000""]}",True,True
run_20260706_170815Z_full_graphtools_tree_consensus,C03,overlap_unbal_8c_large,ok,unsupported,1.0,,8,0,False,"{""adaptive_neighbor_grid"": [""(5, 10, 15, 25, 40, 80, 160)"", ""[5, 10, 15, 25, 40, 80, 160]""], ""branch_length_optimization_apply_nonconverged"": [null, ""False""], ""branch_length_optimization_max_iterations"": [""300"", ""1000""]}",True,True
run_20260706_170815Z_full_graphtools_tree_consensus,C03,gauss_overlap_3c_small,ok,unsupported,0.4923389076126947,,8,0,False,"{""adaptive_neighbor_grid"": [""(5, 10, 15, 25, 40, 80, 160)"", ""[5, 10, 15, 25, 40, 80, 160]""], ""branch_length_optimization_apply_nonconverged"": [null, ""False""], ""branch_length_optimization_max_iterations"": [""300"", ""1000""]}",True,True
run_20260706_170815Z_full_graphtools_tree_consensus,C03,gauss_overlap_4c_med,ok,unsupported,1.0,,4,0,False,"{""adaptive_neighbor_grid"": [""(5, 10, 15, 25, 40, 80, 160)"", ""[5, 10, 15, 25, 40, 80, 160]""], ""branch_length_optimization_apply_nonconverged"": [null, ""False""], ""branch_length_optimization_max_iterations"": [""300"", ""1000""]}",True,True
run_20260706_170815Z_full_graphtools_tree_consensus,C03,gauss_overlap_6c_large,ok,unsupported,1.0,,6,0,False,"{""adaptive_neighbor_grid"": [""(5, 10, 15, 25, 40, 80, 160)"", ""[5, 10, 15, 25, 40, 80, 160]""], ""branch_length_optimization_apply_nonconverged"": [null, ""False""], ""branch_length_optimization_max_iterations"": [""300"", ""1000""]}",True,True
run_20260706_170815Z_full_graphtools_tree_consensus,C03,gauss_overlap_8c_highd,ok,unsupported,1.0,,8,0,False,"{""adaptive_neighbor_grid"": [""(5, 10, 15, 25, 40, 80, 160)"", ""[5, 10, 15, 25, 40, 80, 160]""], ""branch_length_optimization_apply_nonconverged"": [null, ""False""], ""branch_length_optimization_max_iterations"": [""300"", ""1000""]}",True,True
run_20260706_170815Z_full_graphtools_tree_consensus,C03,gauss_overlap_extreme_4c,ok,unsupported,1.0,,4,0,False,"{""adaptive_neighbor_grid"": [""(5, 10, 15, 25, 40, 80, 160)"", ""[5, 10, 15, 25, 40, 80, 160]""], ""branch_length_optimization_apply_nonconverged"": [null, ""False""], ""branch_length_optimization_max_iterations"": [""300"", ""1000""]}",True,True
run_20260706_170815Z_full_graphtools_tree_consensus,C03,gauss_overlap_extreme_6c,ok,unsupported,0.9941078599422396,,7,0,False,"{""adaptive_neighbor_grid"": [""(5, 10, 15, 25, 40, 80, 160)"", ""[5, 10, 15, 25, 40, 80, 160]""], ""branch_length_optimization_apply_nonconverged"": [null, ""False""], ""branch_length_optimization_max_iterations"": [""300"", ""1000""]}",True,True
run_20260706_170815Z_full_graphtools_tree_consensus,C03,gauss_overlap_many_10c,ok,unsupported,1.0,,10,0,False,"{""adaptive_neighbor_grid"": [""(5, 10, 15, 25, 40, 80, 160)"", ""[5, 10, 15, 25, 40, 80, 160]""], ""branch_length_optimization_apply_nonconverged"": [null, ""False""], ""branch_length_optimization_max_iterations"": [""300"", ""1000""]}",True,True
run_20260706_170815Z_full_graphtools_tree_consensus,C03,gauss_overlap_dense_8c,ok,unsupported,0.9485801227584196,,11,0,False,"{""adaptive_neighbor_grid"": [""(5, 10, 15, 25, 40, 80, 160)"", ""[5, 10, 15, 25, 40, 80, 160]""], ""branch_length_optimization_apply_nonconverged"": [null, ""False""], ""branch_length_optimization_max_iterations"": [""300"", ""1000""]}",True,True
run_20260706_170815Z_full_graphtools_tree_consensus,C03,gauss_overlap_3c_small_q3,ok,unsupported,1.0,,3,0,False,"{""adaptive_neighbor_grid"": [""(5, 10, 15, 25, 40, 80, 160)"", ""[5, 10, 15, 25, 40, 80, 160]""], ""branch_length_optimization_apply_nonconverged"": [null, ""False""], ""branch_length_optimization_max_iterations"": [""300"", ""1000""]}",True,True
run_20260706_170815Z_full_graphtools_tree_consensus,C03,gauss_overlap_3c_small_q4,ok,unsupported,1.0,,3,0,False,"{""adaptive_neighbor_grid"": [""(5, 10, 15, 25, 40, 80, 160)"", ""[5, 10, 15, 25, 40, 80, 160]""], ""branch_length_optimization_apply_nonconverged"": [null, ""False""], ""branch_length_optimization_max_iterations"": [""300"", ""1000""]}",True,True
run_20260706_170815Z_full_graphtools_tree_consensus,C03,gauss_overlap_3c_small_q5,ok,unsupported,1.0,,3,0,False,"{""adaptive_neighbor_grid"": [""(5, 10, 15, 25, 40, 80, 160)"", ""[5, 10, 15, 25, 40, 80, 160]""], ""branch_length_optimization_apply_nonconverged"": [null, ""False""], ""branch_length_optimization_max_iterations"": [""300"", ""1000""]}",True,True
run_20260706_170815Z_full_graphtools_tree_consensus,C03,bar_binary_balanced_4c,ok,unsupported,0.8852855159611284,,4,0,False,"{""adaptive_neighbor_grid"": [""(5, 10, 15, 25, 40, 80, 160)"", ""[5, 10, 15, 25, 40, 80, 160]""], ""branch_length_optimization_apply_nonconverged"": [null, ""False""], ""branch_length_optimization_max_iterations"": [""300"", ""1000""]}",True,True
run_20260706_170815Z_full_graphtools_tree_consensus,C03,bar_binary_unbalanced_95_5,ok,unsupported,0.8827738118694332,,2,0,False,"{""adaptive_neighbor_grid"": [""(5, 10, 15, 25, 40, 80, 160)"", ""[5, 10, 15, 25, 40, 80, 160]""], ""branch_length_optimization_apply_nonconverged"": [null, ""False""], ""branch_length_optimization_max_iterations"": [""300"", ""1000""]}",True,True
run_20260706_170815Z_full_graphtools_tree_consensus,C03,mp_spike_below_bbp_continuous,ok,ok,1.0,1.0,1,1,False,"{""adaptive_neighbor_grid"": [""(5, 10, 15, 25, 40, 80, 160)"", ""[5, 10, 15, 25, 40, 80, 160]""], ""branch_length_optimization_apply_nonconverged"": [null, ""False""], ""branch_length_optimization_max_iterations"": [""300"", ""1000""]}",True,True
run_20260706_170815Z_full_graphtools_tree_consensus,C03,mp_spike_above_bbp_continuous,ok,ok,0.0,0.0,1,1,False,"{""adaptive_neighbor_grid"": [""(5, 10, 15, 25, 40, 80, 160)"", ""[5, 10, 15, 25, 40, 80, 160]""], ""branch_length_optimization_apply_nonconverged"": [null, ""False""], ""branch_length_optimization_max_iterations"": [""300"", ""1000""]}",True,True
run_20260706_170815Z_full_graphtools_tree_consensus,C03,cat_simplex_face_rare_20cat,ok,unsupported,0.2596128916088713,,10,0,False,"{""adaptive_neighbor_grid"": [""(5, 10, 15, 25, 40, 80, 160)"", ""[5, 10, 15, 25, 40, 80, 160]""], ""branch_length_optimization_apply_nonconverged"": [null, ""False""], ""branch_length_optimization_max_iterations"": [""300"", ""1000""]}",True,True
run_20260706_170815Z_full_graphtools_tree_consensus,C03,cat_dirichlet_overdispersed_20cat,ok,unsupported,0.210543470434967,,16,0,False,"{""adaptive_neighbor_grid"": [""(5, 10, 15, 25, 40, 80, 160)"", ""[5, 10, 15, 25, 40, 80, 160]""], ""branch_length_optimization_apply_nonconverged"": [null, ""False""], ""branch_length_optimization_max_iterations"": [""300"", ""1000""]}",True,True
run_20260706_170815Z_full_graphtools_tree_consensus,C03,cont_lowrank_pggn_shrinkage,ok,unsupported,0.0,,1,0,False,"{""adaptive_neighbor_grid"": [""(5, 10, 15, 25, 40, 80, 160)"", ""[5, 10, 15, 25, 40, 80, 160]""], ""branch_length_optimization_apply_nonconverged"": [null, ""False""], ""branch_length_optimization_max_iterations"": [""300"", ""1000""]}",True,True
run_20260706_170815Z_full_graphtools_tree_consensus,C03,support_selected_only_fail_closed,skip,unsupported,,,0,0,False,"{""adaptive_neighbor_grid"": [""(5, 10, 15, 25, 40, 80, 160)"", ""[5, 10, 15, 25, 40, 80, 160]""], ""branch_length_optimization_apply_nonconverged"": [null, ""False""], ""branch_length_optimization_max_iterations"": [""300"", ""1000""]}",True,True
run_20260706_170815Z_full_graphtools_tree_consensus,C03,phylo_brownian_null_16taxa,ok,ok,0.0,0.0,1,1,False,"{""adaptive_neighbor_grid"": [""(5, 10, 15, 25, 40, 80, 160)"", ""[5, 10, 15, 25, 40, 80, 160]""], ""branch_length_optimization_apply_nonconverged"": [null, ""False""], ""branch_length_optimization_max_iterations"": [""300"", ""1000""]}",True,True
run_20260706_170815Z_full_graphtools_tree_consensus,C03,traversal_deep_signal_under_same_parent,ok,unsupported,0.1002555570640224,,87,0,False,"{""adaptive_neighbor_grid"": [""(5, 10, 15, 25, 40, 80, 160)"", ""[5, 10, 15, 25, 40, 80, 160]""], ""branch_length_optimization_apply_nonconverged"": [null, ""False""], ""branch_length_optimization_max_iterations"": [""300"", ""1000""]}",True,True
run_20260706_170815Z_full_graphtools_tree_consensus,C03,traversal_deep_branch_recovery_stress,ok,unsupported,1.0,,6,0,False,"{""adaptive_neighbor_grid"": [""(5, 10, 15, 25, 40, 80, 160)"", ""[5, 10, 15, 25, 40, 80, 160]""], ""branch_length_optimization_apply_nonconverged"": [null, ""False""], ""branch_length_optimization_max_iterations"": [""300"", ""1000""]}",True,True
run_20260706_170815Z_full_graphtools_tree_consensus,C04,gauss_extreme_noise_3c,ok,unsupported,1.0,,3,0,False,"{""branch_length_optimization_apply_nonconverged"": [null, ""False""], ""branch_length_optimization_max_iterations"": [""300"", ""1000""]}",True,True
run_20260706_170815Z_full_graphtools_tree_consensus,C04,gauss_extreme_noise_many,ok,unsupported,0.3514891998331859,,129,0,False,"{""adaptive_neighbor_grid"": [""(5, 10, 15, 25, 40, 80, 160)"", ""[5, 10, 15, 25, 40, 80, 160]""], ""branch_length_optimization_apply_nonconverged"": [null, ""False""], ""branch_length_optimization_max_iterations"": [""300"", ""1000""]}",True,True
run_20260706_170815Z_full_graphtools_tree_consensus,C04,gauss_clear_small,ok,unsupported,1.0,,3,0,False,"{""adaptive_neighbor_grid"": [""(5, 10, 15, 25, 40, 80, 160)"", ""[5, 10, 15, 25, 40, 80, 160]""], ""branch_length_optimization_apply_nonconverged"": [null, ""False""], ""branch_length_optimization_max_iterations"": [""300"", ""1000""]}",True,True
run_20260706_170815Z_full_graphtools_tree_consensus,C04,gauss_clear_medium,ok,unsupported,1.0,,4,0,False,"{""adaptive_neighbor_grid"": [""(5, 10, 15, 25, 40, 80, 160)"", ""[5, 10, 15, 25, 40, 80, 160]""], ""branch_length_optimization_apply_nonconverged"": [null, ""False""], ""branch_length_optimization_max_iterations"": [""300"", ""1000""]}",True,True
run_20260706_170815Z_full_graphtools_tree_consensus,C04,gauss_clear_large,ok,unsupported,1.0,,5,0,False,"{""adaptive_neighbor_grid"": [""(5, 10, 15, 25, 40, 80, 160)"", ""[5, 10, 15, 25, 40, 80, 160]""], ""branch_length_optimization_apply_nonconverged"": [null, ""False""], ""branch_length_optimization_max_iterations"": [""300"", ""1000""]}",True,True
run_20260706_170815Z_full_graphtools_tree_consensus,C04,gauss_moderate_3c,ok,unsupported,1.0,,3,0,False,"{""adaptive_neighbor_grid"": [""(5, 10, 15, 25, 40, 80, 160)"", ""[5, 10, 15, 25, 40, 80, 160]""], ""branch_length_optimization_apply_nonconverged"": [null, ""False""], ""branch_length_optimization_max_iterations"": [""300"", ""1000""]}",True,True
run_20260706_170815Z_full_graphtools_tree_consensus,C04,gauss_moderate_5c,ok,unsupported,1.0,,5,0,False,"{""adaptive_neighbor_grid"": [""(5, 10, 15, 25, 40, 80, 160)"", ""[5, 10, 15, 25, 40, 80, 160]""], ""branch_length_optimization_apply_nonconverged"": [null, ""False""], ""branch_length_optimization_max_iterations"": [""300"", ""1000""]}",True,True
run_20260706_170815Z_full_graphtools_tree_consensus,C04,gauss_noisy_3c,ok,unsupported,1.0,,3,0,False,"{""adaptive_neighbor_grid"": [""(5, 10, 15, 25, 40, 80, 160)"", ""[5, 10, 15, 25, 40, 80, 160]""], ""branch_length_optimization_apply_nonconverged"": [null, ""False""], ""branch_length_optimization_max_iterations"": [""300"", ""1000""]}",True,True
run_20260706_170815Z_full_graphtools_tree_consensus,C04,gauss_noisy_many,ok,unsupported,1.0,,8,0,False,"{""adaptive_neighbor_grid"": [""(5, 10, 15, 25, 40, 80, 160)"", ""[5, 10, 15, 25, 40, 80, 160]""], ""branch_length_optimization_apply_nonconverged"": [null, ""False""], ""branch_length_optimization_max_iterations"": [""300"", ""1000""]}",True,True
run_20260706_170815Z_full_graphtools_tree_consensus,C04,gauss_null_small,ok,unsupported,0.0,,2,0,False,"{""adaptive_neighbor_grid"": [""(5, 10, 15, 25, 40, 80, 160)"", ""[5, 10, 15, 25, 40, 80, 160]""], ""branch_length_optimization_apply_nonconverged"": [null, ""False""], ""branch_length_optimization_max_iterations"": [""300"", ""1000""]}",True,True
run_20260706_170815Z_full_graphtools_tree_consensus,C04,gauss_null_large,skip,unsupported,,,0,0,False,"{""adaptive_neighbor_grid"": [""(5, 10, 15, 25, 40, 80, 160)"", ""[5, 10, 15, 25, 40, 80, 160]""], ""branch_length_optimization_apply_nonconverged"": [null, ""False""], ""branch_length_optimization_max_iterations"": [""300"", ""1000""]}",True,True
run_20260706_170815Z_full_graphtools_tree_consensus,C04,gauss_clear_medium_continuous,ok,ok,0.0,0.0,1,1,False,"{""adaptive_neighbor_grid"": [""(5, 10, 15, 25, 40, 80, 160)"", ""[5, 10, 15, 25, 40, 80, 160]""], ""branch_length_optimization_apply_nonconverged"": [null, ""False""], ""branch_length_optimization_max_iterations"": [""300"", ""1000""]}",True,True
run_20260706_170815Z_full_graphtools_tree_consensus,C04,gauss_moderate_3c_continuous,ok,ok,0.0,0.0,1,1,False,"{""adaptive_neighbor_grid"": [""(5, 10, 15, 25, 40, 80, 160)"", ""[5, 10, 15, 25, 40, 80, 160]""], ""branch_length_optimization_apply_nonconverged"": [null, ""False""], ""branch_length_optimization_max_iterations"": [""300"", ""1000""]}",True,True
run_20260706_170815Z_full_graphtools_tree_consensus,C04,gauss_null_large_continuous,ok,ok,1.0,1.0,1,1,False,"{""adaptive_neighbor_grid"": [""(5, 10, 15, 25, 40, 80, 160)"", ""[5, 10, 15, 25, 40, 80, 160]""], ""branch_length_optimization_apply_nonconverged"": [null, ""False""], ""branch_length_optimization_max_iterations"": [""300"", ""1000""]}",True,True
run_20260706_170815Z_full_graphtools_tree_consensus,C04,dim_consolidated_4c_24f,ok,unsupported,0.3366309128790802,,13,0,False,"{""adaptive_neighbor_grid"": [""(5, 10, 15, 25, 40, 80, 160)"", ""[5, 10, 15, 25, 40, 80, 160]""], ""branch_length_optimization_apply_nonconverged"": [null, ""False""], ""branch_length_optimization_max_iterations"": [""300"", ""1000""]}",True,True
run_20260706_170815Z_full_graphtools_tree_consensus,C04,dim_consolidated_4c_72f,ok,unsupported,0.0291318116899821,,2,0,False,"{""adaptive_neighbor_grid"": [""(5, 10, 15, 25, 40, 80, 160)"", ""[5, 10, 15, 25, 40, 80, 160]""], ""branch_length_optimization_apply_nonconverged"": [null, ""False""], ""branch_length_optimization_max_iterations"": [""300"", ""1000""]}",True,True
run_20260706_170815Z_full_graphtools_tree_consensus,C04,dim_consolidated_4c_272f,ok,unsupported,-0.0080061146254345,,2,0,False,"{""adaptive_neighbor_grid"": [""(5, 10, 15, 25, 40, 80, 160)"", ""[5, 10, 15, 25, 40, 80, 160]""], ""branch_length_optimization_apply_nonconverged"": [null, ""False""], ""branch_length_optimization_max_iterations"": [""300"", ""1000""]}",True,True
run_20260706_170815Z_full_graphtools_tree_consensus,C04,dim_diffuse_6c_36f,ok,unsupported,0.0013284070416666,,2,0,False,"{""adaptive_neighbor_grid"": [""(5, 10, 15, 25, 40, 80, 160)"", ""[5, 10, 15, 25, 40, 80, 160]""], ""branch_length_optimization_apply_nonconverged"": [null, ""False""], ""branch_length_optimization_max_iterations"": [""300"", ""1000""]}",True,True
run_20260706_170815Z_full_graphtools_tree_consensus,C04,dim_diffuse_6c_136f,ok,unsupported,0.0116555680199855,,48,0,False,"{""adaptive_neighbor_grid"": [""(5, 10, 15, 25, 40, 80, 160)"", ""[5, 10, 15, 25, 40, 80, 160]""], ""branch_length_optimization_apply_nonconverged"": [null, ""False""], ""branch_length_optimization_max_iterations"": [""300"", ""1000""]}",True,True
run_20260706_170815Z_full_graphtools_tree_consensus,C04,dim_diffuse_6c_536f,ok,unsupported,-0.0071329746348962,,2,0,False,"{""adaptive_neighbor_grid"": [""(5, 10, 15, 25, 40, 80, 160)"", ""[5, 10, 15, 25, 40, 80, 160]""], ""branch_length_optimization_apply_nonconverged"": [null, ""False""], ""branch_length_optimization_max_iterations"": [""300"", ""1000""]}",True,True
run_20260706_170815Z_full_graphtools_tree_consensus,C04,dim_consolidated_4c_24f_continuous,ok,ok,0.0,0.0,1,1,False,"{""adaptive_neighbor_grid"": [""(5, 10, 15, 25, 40, 80, 160)"", ""[5, 10, 15, 25, 40, 80, 160]""], ""branch_length_optimization_apply_nonconverged"": [null, ""False""], ""branch_length_optimization_max_iterations"": [""300"", ""1000""]}",True,True
run_20260706_170815Z_full_graphtools_tree_consensus,C04,dim_consolidated_4c_72f_continuous,ok,ok,0.0,0.0,1,1,False,"{""adaptive_neighbor_grid"": [""(5, 10, 15, 25, 40, 80, 160)"", ""[5, 10, 15, 25, 40, 80, 160]""], ""branch_length_optimization_apply_nonconverged"": [null, ""False""], ""branch_length_optimization_max_iterations"": [""300"", ""1000""]}",True,True
run_20260706_170815Z_full_graphtools_tree_consensus,C04,dim_diffuse_6c_136f_continuous,ok,ok,0.0,0.0,1,1,False,"{""adaptive_neighbor_grid"": [""(5, 10, 15, 25, 40, 80, 160)"", ""[5, 10, 15, 25, 40, 80, 160]""], ""branch_length_optimization_apply_nonconverged"": [null, ""False""], ""branch_length_optimization_max_iterations"": [""300"", ""1000""]}",True,True
run_20260706_170815Z_full_graphtools_tree_consensus,C04,gauss_single_outlier_4c,ok,unsupported,0.7842653770573408,,7,0,False,"{""adaptive_neighbor_grid"": [""(5, 10, 15, 25, 40, 80, 160)"", ""[5, 10, 15, 25, 40, 80, 160]""], ""branch_length_optimization_apply_nonconverged"": [null, ""False""], ""branch_length_optimization_max_iterations"": [""300"", ""1000""]}",True,True
run_20260706_170815Z_full_graphtools_tree_consensus,C04,gauss_outlier_cluster_4c,ok,unsupported,1.0,,5,0,False,"{""adaptive_neighbor_grid"": [""(5, 10, 15, 25, 40, 80, 160)"", ""[5, 10, 15, 25, 40, 80, 160]""], ""branch_length_optimization_apply_nonconverged"": [null, ""False""], ""branch_length_optimization_max_iterations"": [""300"", ""1000""]}",True,True
run_20260706_170815Z_full_graphtools_tree_consensus,C04,gauss_outlier_shell_4c,ok,unsupported,0.8572447712523044,,8,0,False,"{""adaptive_neighbor_grid"": [""(5, 10, 15, 25, 40, 80, 160)"", ""[5, 10, 15, 25, 40, 80, 160]""], ""branch_length_optimization_apply_nonconverged"": [null, ""False""], ""branch_length_optimization_max_iterations"": [""300"", ""1000""]}",True,True
run_20260706_170815Z_full_graphtools_tree_consensus,C04,gauss_single_outlier_4c_continuous,ok,ok,0.0,0.0,1,1,False,"{""adaptive_neighbor_grid"": [""(5, 10, 15, 25, 40, 80, 160)"", ""[5, 10, 15, 25, 40, 80, 160]""], ""branch_length_optimization_apply_nonconverged"": [null, ""False""], ""branch_length_optimization_max_iterations"": [""300"", ""1000""]}",True,True
run_20260706_170815Z_full_graphtools_tree_consensus,C04,gauss_outlier_cluster_4c_continuous,ok,ok,0.0,0.0,1,1,False,"{""adaptive_neighbor_grid"": [""(5, 10, 15, 25, 40, 80, 160)"", ""[5, 10, 15, 25, 40, 80, 160]""], ""branch_length_optimization_apply_nonconverged"": [null, ""False""], ""branch_length_optimization_max_iterations"": [""300"", ""1000""]}",True,True
run_20260706_170815Z_full_graphtools_tree_consensus,C04,binary_balanced_low_noise,ok,unsupported,1.0,,4,0,False,"{""adaptive_neighbor_grid"": [""(5, 10, 15, 25, 40, 80, 160)"", ""[5, 10, 15, 25, 40, 80, 160]""], ""branch_length_optimization_apply_nonconverged"": [null, ""False""], ""branch_length_optimization_max_iterations"": [""300"", ""1000""]}",True,True
run_20260706_170815Z_full_graphtools_tree_consensus,C04,binary_balanced_low_noise__2,ok,unsupported,0.8777379017332668,,7,0,False,"{""adaptive_neighbor_grid"": [""(5, 10, 15, 25, 40, 80, 160)"", ""[5, 10, 15, 25, 40, 80, 160]""], ""branch_length_optimization_apply_nonconverged"": [null, ""False""], ""branch_length_optimization_max_iterations"": [""300"", ""1000""]}",True,True
run_20260706_170815Z_full_graphtools_tree_consensus,C04,sparse_features_72x72,ok,unsupported,1.0,,4,0,False,"{""adaptive_neighbor_grid"": [""(5, 10, 15, 25, 40, 80, 160)"", ""[5, 10, 15, 25, 40, 80, 160]""], ""branch_length_optimization_apply_nonconverged"": [null, ""False""], ""branch_length_optimization_max_iterations"": [""300"", ""1000""]}",True,True
run_20260706_170815Z_full_graphtools_tree_consensus,C04,sparse_features_100x500,ok,unsupported,1.0,,4,0,False,"{""adaptive_neighbor_grid"": [""(5, 10, 15, 25, 40, 80, 160)"", ""[5, 10, 15, 25, 40, 80, 160]""], ""branch_length_optimization_apply_nonconverged"": [null, ""False""], ""branch_length_optimization_max_iterations"": [""300"", ""1000""]}",True,True
run_20260706_170815Z_full_graphtools_tree_consensus,C04,binary_perfect_2c,ok,unsupported,1.0,,2,0,False,"{""adaptive_neighbor_grid"": [""(5, 10, 15, 25, 40, 80, 160)"", ""[5, 10, 15, 25, 40, 80, 160]""], ""branch_length_optimization_apply_nonconverged"": [null, ""False""], ""branch_length_optimization_max_iterations"": [""300"", ""1000""]}",True,True
run_20260706_170815Z_full_graphtools_tree_consensus,C04,binary_perfect_4c,ok,unsupported,0.968302795238732,,5,0,False,"{""adaptive_neighbor_grid"": [""(5, 10, 15, 25, 40, 80, 160)"", ""[5, 10, 15, 25, 40, 80, 160]""], ""branch_length_optimization_apply_nonconverged"": [null, ""False""], ""branch_length_optimization_max_iterations"": [""300"", ""1000""]}",True,True
run_20260706_170815Z_full_graphtools_tree_consensus,C04,binary_perfect_8c,ok,unsupported,1.0,,8,0,False,"{""adaptive_neighbor_grid"": [""(5, 10, 15, 25, 40, 80, 160)"", ""[5, 10, 15, 25, 40, 80, 160]""], ""branch_length_optimization_apply_nonconverged"": [null, ""False""], ""branch_length_optimization_max_iterations"": [""300"", ""1000""]}",True,True
run_20260706_170815Z_full_graphtools_tree_consensus,C04,binary_low_noise_2c,ok,unsupported,0.6609595859048377,,5,0,False,"{""adaptive_neighbor_grid"": [""(5, 10, 15, 25, 40, 80, 160)"", ""[5, 10, 15, 25, 40, 80, 160]""], ""branch_length_optimization_apply_nonconverged"": [null, ""False""], ""branch_length_optimization_max_iterations"": [""300"", ""1000""]}",True,True
run_20260706_170815Z_full_graphtools_tree_consensus,C04,binary_low_noise_4c,ok,unsupported,0.9429190751445088,,5,0,False,"{""adaptive_neighbor_grid"": [""(5, 10, 15, 25, 40, 80, 160)"", ""[5, 10, 15, 25, 40, 80, 160]""], ""branch_length_optimization_apply_nonconverged"": [null, ""False""], ""branch_length_optimization_max_iterations"": [""300"", ""1000""]}",True,True
run_20260706_170815Z_full_graphtools_tree_consensus,C04,binary_low_noise_8c,ok,unsupported,0.9713702658904028,,9,0,False,"{""adaptive_neighbor_grid"": [""(5, 10, 15, 25, 40, 80, 160)"", ""[5, 10, 15, 25, 40, 80, 160]""], ""branch_length_optimization_apply_nonconverged"": [null, ""False""], ""branch_length_optimization_max_iterations"": [""300"", ""1000""]}",True,True
run_20260706_170815Z_full_graphtools_tree_consensus,C04,binary_low_noise_12c,ok,unsupported,1.0,,12,0,False,"{""adaptive_neighbor_grid"": [""(5, 10, 15, 25, 40, 80, 160)"", ""[5, 10, 15, 25, 40, 80, 160]""], ""branch_length_optimization_apply_nonconverged"": [null, ""False""], ""branch_length_optimization_max_iterations"": [""300"", ""1000""]}",True,True
run_20260706_170815Z_full_graphtools_tree_consensus,C04,binary_moderate_4c,ok,unsupported,1.0,,4,0,False,"{""adaptive_neighbor_grid"": [""(5, 10, 15, 25, 40, 80, 160)"", ""[5, 10, 15, 25, 40, 80, 160]""], ""branch_length_optimization_apply_nonconverged"": [null, ""False""], ""branch_length_optimization_max_iterations"": [""300"", ""1000""]}",True,True
run_20260706_170815Z_full_graphtools_tree_consensus,C04,binary_moderate_6c,ok,unsupported,1.0,,6,0,False,"{""adaptive_neighbor_grid"": [""(5, 10, 15, 25, 40, 80, 160)"", ""[5, 10, 15, 25, 40, 80, 160]""], ""branch_length_optimization_apply_nonconverged"": [null, ""False""], ""branch_length_optimization_max_iterations"": [""300"", ""1000""]}",True,True
run_20260706_170815Z_full_graphtools_tree_consensus,C04,binary_moderate_8c,ok,unsupported,1.0,,8,0,False,"{""adaptive_neighbor_grid"": [""(5, 10, 15, 25, 40, 80, 160)"", ""[5, 10, 15, 25, 40, 80, 160]""], ""branch_length_optimization_apply_nonconverged"": [null, ""False""], ""branch_length_optimization_max_iterations"": [""300"", ""1000""]}",True,True
run_20260706_170815Z_full_graphtools_tree_consensus,C04,binary_hard_4c,ok,unsupported,1.0,,4,0,False,"{""adaptive_neighbor_grid"": [""(5, 10, 15, 25, 40, 80, 160)"", ""[5, 10, 15, 25, 40, 80, 160]""], ""branch_length_optimization_apply_nonconverged"": [null, ""False""], ""branch_length_optimization_max_iterations"": [""300"", ""1000""]}",True,True
run_20260706_170815Z_full_graphtools_tree_consensus,C04,binary_hard_8c,ok,unsupported,1.0,,8,0,False,"{""adaptive_neighbor_grid"": [""(5, 10, 15, 25, 40, 80, 160)"", ""[5, 10, 15, 25, 40, 80, 160]""], ""branch_length_optimization_apply_nonconverged"": [null, ""False""], ""branch_length_optimization_max_iterations"": [""300"", ""1000""]}",True,True
run_20260706_170815Z_full_graphtools_tree_consensus,C04,binary_unbalanced_low,ok,unsupported,1.0,,4,0,False,"{""adaptive_neighbor_grid"": [""(5, 10, 15, 25, 40, 80, 160)"", ""[5, 10, 15, 25, 40, 80, 160]""], ""branch_length_optimization_apply_nonconverged"": [null, ""False""], ""branch_length_optimization_max_iterations"": [""300"", ""1000""]}",True,True
run_20260706_170815Z_full_graphtools_tree_consensus,C04,binary_unbalanced_med,ok,unsupported,1.0,,6,0,False,"{""adaptive_neighbor_grid"": [""(5, 10, 15, 25, 40, 80, 160)"", ""[5, 10, 15, 25, 40, 80, 160]""], ""branch_length_optimization_apply_nonconverged"": [null, ""False""], ""branch_length_optimization_max_iterations"": [""300"", ""1000""]}",True,True
run_20260706_170815Z_full_graphtools_tree_consensus,C04,binary_2clusters,ok,unsupported,0.8361204013377926,,3,0,False,"{""adaptive_neighbor_grid"": [""(5, 10, 15, 25, 40, 80, 160)"", ""[5, 10, 15, 25, 40, 80, 160]""], ""branch_length_optimization_apply_nonconverged"": [null, ""False""], ""branch_length_optimization_max_iterations"": [""300"", ""1000""]}",True,True
run_20260706_170815Z_full_graphtools_tree_consensus,C04,binary_many_features,skip,unsupported,,,0,0,False,"{""adaptive_neighbor_grid"": [""(5, 10, 15, 25, 40, 80, 160)"", ""[5, 10, 15, 25, 40, 80, 160]""], ""branch_length_optimization_apply_nonconverged"": [null, ""False""], ""branch_length_optimization_max_iterations"": [""300"", ""1000""]}",True,True
run_20260706_170815Z_full_graphtools_tree_consensus,C04,binary_many_clusters,ok,unsupported,1.0,,15,0,False,"{""adaptive_neighbor_grid"": [""(5, 10, 15, 25, 40, 80, 160)"", ""[5, 10, 15, 25, 40, 80, 160]""], ""branch_length_optimization_apply_nonconverged"": [null, ""False""], ""branch_length_optimization_max_iterations"": [""300"", ""1000""]}",True,True
run_20260706_170815Z_full_graphtools_tree_consensus,C04,binary_null_small,ok,ok,1.0,1.0,1,1,False,"{""adaptive_neighbor_grid"": [""(5, 10, 15, 25, 40, 80, 160)"", ""[5, 10, 15, 25, 40, 80, 160]""], ""branch_length_optimization_apply_nonconverged"": [null, ""False""], ""branch_length_optimization_max_iterations"": [""300"", ""1000""]}",True,True
run_20260706_170815Z_full_graphtools_tree_consensus,C04,binary_null_medium,ok,ok,1.0,1.0,1,1,False,"{""adaptive_neighbor_grid"": [""(5, 10, 15, 25, 40, 80, 160)"", ""[5, 10, 15, 25, 40, 80, 160]""], ""branch_length_optimization_apply_nonconverged"": [null, ""False""], ""branch_length_optimization_max_iterations"": [""300"", ""1000""]}",True,True
run_20260706_170815Z_full_graphtools_tree_consensus,C04,binary_multiscale_4c,ok,unsupported,1.0,,4,0,False,"{""adaptive_neighbor_grid"": [""(5, 10, 15, 25, 40, 80, 160)"", ""[5, 10, 15, 25, 40, 80, 160]""], ""branch_length_optimization_apply_nonconverged"": [null, ""False""], ""branch_length_optimization_max_iterations"": [""300"", ""1000""]}",True,True
run_20260706_170815Z_full_graphtools_tree_consensus,C04,binary_multiscale_6c,ok,unsupported,1.0,,6,0,False,"{""adaptive_neighbor_grid"": [""(5, 10, 15, 25, 40, 80, 160)"", ""[5, 10, 15, 25, 40, 80, 160]""], ""branch_length_optimization_apply_nonconverged"": [null, ""False""], ""branch_length_optimization_max_iterations"": [""300"", ""1000""]}",True,True
run_20260706_170815Z_full_graphtools_tree_consensus,C04,binary_noise_feat_50i_200n,ok,unsupported,1.0,,4,0,False,"{""adaptive_neighbor_grid"": [""(5, 10, 15, 25, 40, 80, 160)"", ""[5, 10, 15, 25, 40, 80, 160]""], ""branch_length_optimization_apply_nonconverged"": [null, ""False""], ""branch_length_optimization_max_iterations"": [""300"", ""1000""]}",True,True
run_20260706_170815Z_full_graphtools_tree_consensus,C04,binary_noise_feat_80i_400n,skip,unsupported,,,0,0,False,"{""adaptive_neighbor_grid"": [""(5, 10, 15, 25, 40, 80, 160)"", ""[5, 10, 15, 25, 40, 80, 160]""], ""branch_length_optimization_apply_nonconverged"": [null, ""False""], ""branch_length_optimization_max_iterations"": [""300"", ""1000""]}",True,True
run_20260706_170815Z_full_graphtools_tree_consensus,C04,binary_noise_feat_30i_500n,ok,unsupported,1.0,,3,0,False,"{""adaptive_neighbor_grid"": [""(5, 10, 15, 25, 40, 80, 160)"", ""[5, 10, 15, 25, 40, 80, 160]""], ""branch_length_optimization_apply_nonconverged"": [null, ""False""], ""branch_length_optimization_max_iterations"": [""300"", ""1000""]}",True,True
run_20260706_170815Z_full_graphtools_tree_consensus,C04,sbm_clear_small,ok,unsupported,0.8067278404628264,,2,0,False,"{""adaptive_neighbor_grid"": [""(5, 10, 15, 25, 40, 80, 160)"", ""[5, 10, 15, 25, 40, 80, 160]""], ""branch_length_optimization_apply_nonconverged"": [null, ""False""], ""branch_length_optimization_max_iterations"": [""300"", ""1000""]}",True,True
run_20260706_170815Z_full_graphtools_tree_consensus,C04,sbm_moderate,ok,unsupported,0.0,,1,0,False,"{""adaptive_neighbor_grid"": [""(5, 10, 15, 25, 40, 80, 160)"", ""[5, 10, 15, 25, 40, 80, 160]""], ""branch_length_optimization_apply_nonconverged"": [null, ""False""], ""branch_length_optimization_max_iterations"": [""300"", ""1000""]}",True,True
run_20260706_170815Z_full_graphtools_tree_consensus,C04,sbm_hard,ok,ok,0.0,0.0,1,1,False,"{""adaptive_neighbor_grid"": [""(5, 10, 15, 25, 40, 80, 160)"", ""[5, 10, 15, 25, 40, 80, 160]""], ""branch_length_optimization_apply_nonconverged"": [null, ""False""], ""branch_length_optimization_max_iterations"": [""300"", ""1000""]}",True,True
run_20260706_170815Z_full_graphtools_tree_consensus,C04,cat_clear_3cat_4c,ok,unsupported,1.0,,4,0,False,"{""adaptive_neighbor_grid"": [""(5, 10, 15, 25, 40, 80, 160)"", ""[5, 10, 15, 25, 40, 80, 160]""], ""branch_length_optimization_apply_nonconverged"": [null, ""False""], ""branch_length_optimization_max_iterations"": [""300"", ""1000""]}",True,True
run_20260706_170815Z_full_graphtools_tree_consensus,C04,cat_clear_4cat_4c,ok,unsupported,1.0,,4,0,False,"{""adaptive_neighbor_grid"": [""(5, 10, 15, 25, 40, 80, 160)"", ""[5, 10, 15, 25, 40, 80, 160]""], ""branch_length_optimization_apply_nonconverged"": [null, ""False""], ""branch_length_optimization_max_iterations"": [""300"", ""1000""]}",True,True
run_20260706_170815Z_full_graphtools_tree_consensus,C04,cat_clear_5cat_6c,ok,unsupported,1.0,,6,0,False,"{""adaptive_neighbor_grid"": [""(5, 10, 15, 25, 40, 80, 160)"", ""[5, 10, 15, 25, 40, 80, 160]""], ""branch_length_optimization_apply_nonconverged"": [null, ""False""], ""branch_length_optimization_max_iterations"": [""300"", ""1000""]}",True,True
run_20260706_170815Z_full_graphtools_tree_consensus,C04,cat_mod_3cat_4c,ok,unsupported,0.7090464547677262,,3,0,False,"{""adaptive_neighbor_grid"": [""(5, 10, 15, 25, 40, 80, 160)"", ""[5, 10, 15, 25, 40, 80, 160]""], ""branch_length_optimization_apply_nonconverged"": [null, ""False""], ""branch_length_optimization_max_iterations"": [""300"", ""1000""]}",True,True
run_20260706_170815Z_full_graphtools_tree_consensus,C04,cat_mod_4cat_6c,ok,unsupported,1.0,,6,0,False,"{""adaptive_neighbor_grid"": [""(5, 10, 15, 25, 40, 80, 160)"", ""[5, 10, 15, 25, 40, 80, 160]""], ""branch_length_optimization_apply_nonconverged"": [null, ""False""], ""branch_length_optimization_max_iterations"": [""300"", ""1000""]}",True,True
run_20260706_170815Z_full_graphtools_tree_consensus,C04,cat_highcard_10cat_4c,ok,unsupported,0.986598879940902,,4,0,False,"{""adaptive_neighbor_grid"": [""(5, 10, 15, 25, 40, 80, 160)"", ""[5, 10, 15, 25, 40, 80, 160]""], ""branch_length_optimization_apply_nonconverged"": [null, ""False""], ""branch_length_optimization_max_iterations"": [""300"", ""1000""]}",True,True
run_20260706_170815Z_full_graphtools_tree_consensus,C04,cat_highcard_20cat_4c,ok,unsupported,0.9072337873039762,,4,0,False,"{""adaptive_neighbor_grid"": [""(5, 10, 15, 25, 40, 80, 160)"", ""[5, 10, 15, 25, 40, 80, 160]""], ""branch_length_optimization_apply_nonconverged"": [null, ""False""], ""branch_length_optimization_max_iterations"": [""300"", ""1000""]}",True,True
run_20260706_170815Z_full_graphtools_tree_consensus,C04,cat_unbal_3cat_4c,ok,unsupported,0.9810013457716332,,4,0,False,"{""adaptive_neighbor_grid"": [""(5, 10, 15, 25, 40, 80, 160)"", ""[5, 10, 15, 25, 40, 80, 160]""], ""branch_length_optimization_apply_nonconverged"": [null, ""False""], ""branch_length_optimization_max_iterations"": [""300"", ""1000""]}",True,True
run_20260706_170815Z_full_graphtools_tree_consensus,C04,cat_overlap_3cat_4c,ok,unsupported,0.9242354305314692,,4,0,False,"{""adaptive_neighbor_grid"": [""(5, 10, 15, 25, 40, 80, 160)"", ""[5, 10, 15, 25, 40, 80, 160]""], ""branch_length_optimization_apply_nonconverged"": [null, ""False""], ""branch_length_optimization_max_iterations"": [""300"", ""1000""]}",True,True
run_20260706_170815Z_full_graphtools_tree_consensus,C04,cat_highd_3cat_500feat,ok,unsupported,1.0,,4,0,False,"{""adaptive_neighbor_grid"": [""(5, 10, 15, 25, 40, 80, 160)"", ""[5, 10, 15, 25, 40, 80, 160]""], ""branch_length_optimization_apply_nonconverged"": [null, ""False""], ""branch_length_optimization_max_iterations"": [""300"", ""1000""]}",True,True
run_20260706_170815Z_full_graphtools_tree_consensus,C04,cat_highd_4cat_1000feat,ok,unsupported,0.0962341815064148,,98,0,False,"{""adaptive_neighbor_grid"": [""(5, 10, 15, 25, 40, 80, 160)"", ""[5, 10, 15, 25, 40, 80, 160]""], ""branch_length_optimization_apply_nonconverged"": [null, ""False""], ""branch_length_optimization_max_iterations"": [""300"", ""1000""]}",True,True
run_20260706_170815Z_full_graphtools_tree_consensus,C04,phylo_dna_4taxa_low_mut,ok,unsupported,0.9138381201044388,,5,0,False,"{""adaptive_neighbor_grid"": [""(5, 10, 15, 25, 40, 80, 160)"", ""[5, 10, 15, 25, 40, 80, 160]""], ""branch_length_optimization_apply_nonconverged"": [null, ""False""], ""branch_length_optimization_max_iterations"": [""300"", ""1000""]}",True,True
run_20260706_170815Z_full_graphtools_tree_consensus,C04,phylo_dna_8taxa_low_mut,ok,unsupported,0.9631290098168044,,9,0,False,"{""adaptive_neighbor_grid"": [""(5, 10, 15, 25, 40, 80, 160)"", ""[5, 10, 15, 25, 40, 80, 160]""], ""branch_length_optimization_apply_nonconverged"": [null, ""False""], ""branch_length_optimization_max_iterations"": [""300"", ""1000""]}",True,True
run_20260706_170815Z_full_graphtools_tree_consensus,C04,phylo_dna_8taxa_med_mut,ok,unsupported,1.0,,8,0,False,"{""adaptive_neighbor_grid"": [""(5, 10, 15, 25, 40, 80, 160)"", ""[5, 10, 15, 25, 40, 80, 160]""], ""branch_length_optimization_apply_nonconverged"": [null, ""False""], ""branch_length_optimization_max_iterations"": [""300"", ""1000""]}",True,True
run_20260706_170815Z_full_graphtools_tree_consensus,C04,phylo_dna_16taxa_low_mut,ok,unsupported,0.9885035355235942,,17,0,False,"{""adaptive_neighbor_grid"": [""(5, 10, 15, 25, 40, 80, 160)"", ""[5, 10, 15, 25, 40, 80, 160]""], ""branch_length_optimization_apply_nonconverged"": [null, ""False""], ""branch_length_optimization_max_iterations"": [""300"", ""1000""]}",True,True
run_20260706_170815Z_full_graphtools_tree_consensus,C04,phylo_protein_4taxa,ok,unsupported,0.9122544783613984,,5,0,False,"{""adaptive_neighbor_grid"": [""(5, 10, 15, 25, 40, 80, 160)"", ""[5, 10, 15, 25, 40, 80, 160]""], ""branch_length_optimization_apply_nonconverged"": [null, ""False""], ""branch_length_optimization_max_iterations"": [""300"", ""1000""]}",True,True
run_20260706_170815Z_full_graphtools_tree_consensus,C04,phylo_protein_8taxa,ok,unsupported,1.0,,8,0,False,"{""adaptive_neighbor_grid"": [""(5, 10, 15, 25, 40, 80, 160)"", ""[5, 10, 15, 25, 40, 80, 160]""], ""branch_length_optimization_apply_nonconverged"": [null, ""False""], ""branch_length_optimization_max_iterations"": [""300"", ""1000""]}",True,True
run_20260706_170815Z_full_graphtools_tree_consensus,C04,phylo_protein_12taxa,ok,unsupported,1.0,,12,0,False,"{""adaptive_neighbor_grid"": [""(5, 10, 15, 25, 40, 80, 160)"", ""[5, 10, 15, 25, 40, 80, 160]""], ""branch_length_optimization_apply_nonconverged"": [null, ""False""], ""branch_length_optimization_max_iterations"": [""300"", ""1000""]}",True,True
run_20260706_170815Z_full_graphtools_tree_consensus,C04,phylo_divergent_4taxa,ok,unsupported,1.0,,4,0,False,"{""adaptive_neighbor_grid"": [""(5, 10, 15, 25, 40, 80, 160)"", ""[5, 10, 15, 25, 40, 80, 160]""], ""branch_length_optimization_apply_nonconverged"": [null, ""False""], ""branch_length_optimization_max_iterations"": [""300"", ""1000""]}",True,True
run_20260706_170815Z_full_graphtools_tree_consensus,C04,phylo_divergent_8taxa,ok,unsupported,1.0,,8,0,False,"{""adaptive_neighbor_grid"": [""(5, 10, 15, 25, 40, 80, 160)"", ""[5, 10, 15, 25, 40, 80, 160]""], ""branch_length_optimization_apply_nonconverged"": [null, ""False""], ""branch_length_optimization_max_iterations"": [""300"", ""1000""]}",True,True
run_20260706_170815Z_full_graphtools_tree_consensus,C04,phylo_conserved_4taxa,ok,unsupported,0.8709562744400995,,6,0,False,"{""adaptive_neighbor_grid"": [""(5, 10, 15, 25, 40, 80, 160)"", ""[5, 10, 15, 25, 40, 80, 160]""], ""branch_length_optimization_apply_nonconverged"": [null, ""False""], ""branch_length_optimization_max_iterations"": [""300"", ""1000""]}",True,True
run_20260706_170815Z_full_graphtools_tree_consensus,C04,phylo_conserved_8taxa,ok,unsupported,1.0,,8,0,False,"{""adaptive_neighbor_grid"": [""(5, 10, 15, 25, 40, 80, 160)"", ""[5, 10, 15, 25, 40, 80, 160]""], ""branch_length_optimization_apply_nonconverged"": [null, ""False""], ""branch_length_optimization_max_iterations"": [""300"", ""1000""]}",True,True
run_20260706_170815Z_full_graphtools_tree_consensus,C04,phylo_large_32taxa,ok,unsupported,1.0,,32,0,False,"{""adaptive_neighbor_grid"": [""(5, 10, 15, 25, 40, 80, 160)"", ""[5, 10, 15, 25, 40, 80, 160]""], ""branch_length_optimization_apply_nonconverged"": [null, ""False""], ""branch_length_optimization_max_iterations"": [""300"", ""1000""]}",True,True
run_20260706_170815Z_full_graphtools_tree_consensus,C04,phylo_large_64taxa,ok,unsupported,0.8167517362563802,,99,0,False,"{""adaptive_neighbor_grid"": [""(5, 10, 15, 25, 40, 80, 160)"", ""[5, 10, 15, 25, 40, 80, 160]""], ""branch_length_optimization_apply_nonconverged"": [null, ""False""], ""branch_length_optimization_max_iterations"": [""300"", ""1000""]}",True,True
run_20260706_170815Z_full_graphtools_tree_consensus,C04,overlap_heavy_4c_small_feat,ok,unsupported,0.0,,1,0,False,"{""adaptive_neighbor_grid"": [""(5, 10, 15, 25, 40, 80, 160)"", ""[5, 10, 15, 25, 40, 80, 160]""], ""branch_length_optimization_apply_nonconverged"": [null, ""False""], ""branch_length_optimization_max_iterations"": [""300"", ""1000""]}",True,True
run_20260706_170815Z_full_graphtools_tree_consensus,C04,overlap_heavy_4c_med_feat,ok,unsupported,0.3062388823091823,,4,0,False,"{""adaptive_neighbor_grid"": [""(5, 10, 15, 25, 40, 80, 160)"", ""[5, 10, 15, 25, 40, 80, 160]""], ""branch_length_optimization_apply_nonconverged"": [null, ""False""], ""branch_length_optimization_max_iterations"": [""300"", ""1000""]}",True,True
run_20260706_170815Z_full_graphtools_tree_consensus,C04,overlap_heavy_8c_large_feat,ok,unsupported,0.0,,1,0,False,"{""adaptive_neighbor_grid"": [""(5, 10, 15, 25, 40, 80, 160)"", ""[5, 10, 15, 25, 40, 80, 160]""], ""branch_length_optimization_apply_nonconverged"": [null, ""False""], ""branch_length_optimization_max_iterations"": [""300"", ""1000""]}",True,True
run_20260706_170815Z_full_graphtools_tree_consensus,C04,overlap_extreme_4c,ok,unsupported,0.0,,1,0,False,"{""adaptive_neighbor_grid"": [""(5, 10, 15, 25, 40, 80, 160)"", ""[5, 10, 15, 25, 40, 80, 160]""], ""branch_length_optimization_apply_nonconverged"": [null, ""False""], ""branch_length_optimization_max_iterations"": [""300"", ""1000""]}",True,True
run_20260706_170815Z_full_graphtools_tree_consensus,C04,overlap_mod_4c_small,ok,unsupported,0.6673807716705011,,5,0,False,"{""adaptive_neighbor_grid"": [""(5, 10, 15, 25, 40, 80, 160)"", ""[5, 10, 15, 25, 40, 80, 160]""], ""branch_length_optimization_apply_nonconverged"": [null, ""False""], ""branch_length_optimization_max_iterations"": [""300"", ""1000""]}",True,True
run_20260706_170815Z_full_graphtools_tree_consensus,C04,overlap_mod_6c_med,ok,unsupported,0.9758666308762785,,6,0,False,"{""adaptive_neighbor_grid"": [""(5, 10, 15, 25, 40, 80, 160)"", ""[5, 10, 15, 25, 40, 80, 160]""], ""branch_length_optimization_apply_nonconverged"": [null, ""False""], ""branch_length_optimization_max_iterations"": [""300"", ""1000""]}",True,True
run_20260706_170815Z_full_graphtools_tree_consensus,C04,overlap_mod_8c_large,ok,unsupported,1.0,,8,0,False,"{""adaptive_neighbor_grid"": [""(5, 10, 15, 25, 40, 80, 160)"", ""[5, 10, 15, 25, 40, 80, 160]""], ""branch_length_optimization_apply_nonconverged"": [null, ""False""], ""branch_length_optimization_max_iterations"": [""300"", ""1000""]}",True,True
run_20260706_170815Z_full_graphtools_tree_consensus,C04,overlap_part_4c_small,ok,unsupported,0.9933165272203728,,4,0,False,"{""adaptive_neighbor_grid"": [""(5, 10, 15, 25, 40, 80, 160)"", ""[5, 10, 15, 25, 40, 80, 160]""], ""branch_length_optimization_apply_nonconverged"": [null, ""False""], ""branch_length_optimization_max_iterations"": [""300"", ""1000""]}",True,True
run_20260706_170815Z_full_graphtools_tree_consensus,C04,overlap_part_6c_med,ok,unsupported,1.0,,6,0,False,"{""adaptive_neighbor_grid"": [""(5, 10, 15, 25, 40, 80, 160)"", ""[5, 10, 15, 25, 40, 80, 160]""], ""branch_length_optimization_apply_nonconverged"": [null, ""False""], ""branch_length_optimization_max_iterations"": [""300"", ""1000""]}",True,True
run_20260706_170815Z_full_graphtools_tree_consensus,C04,overlap_part_8c_large,ok,unsupported,1.0,,8,0,False,"{""adaptive_neighbor_grid"": [""(5, 10, 15, 25, 40, 80, 160)"", ""[5, 10, 15, 25, 40, 80, 160]""], ""branch_length_optimization_apply_nonconverged"": [null, ""False""], ""branch_length_optimization_max_iterations"": [""300"", ""1000""]}",True,True
run_20260706_170815Z_full_graphtools_tree_consensus,C04,overlap_hd_4c_1k,ok,unsupported,0.6769553388504584,,10,0,False,"{""adaptive_neighbor_grid"": [""(5, 10, 15, 25, 40, 80, 160)"", ""[5, 10, 15, 25, 40, 80, 160]""], ""branch_length_optimization_apply_nonconverged"": [null, ""False""], ""branch_length_optimization_max_iterations"": [""300"", ""1000""]}",True,True
run_20260706_170815Z_full_graphtools_tree_consensus,C04,overlap_unbal_4c_small,ok,unsupported,0.494714858631772,,3,0,False,"{""adaptive_neighbor_grid"": [""(5, 10, 15, 25, 40, 80, 160)"", ""[5, 10, 15, 25, 40, 80, 160]""], ""branch_length_optimization_apply_nonconverged"": [null, ""False""], ""branch_length_optimization_max_iterations"": [""300"", ""1000""]}",True,True
run_20260706_170815Z_full_graphtools_tree_consensus,C04,overlap_unbal_6c_med,ok,unsupported,0.9923360095770026,,6,0,False,"{""adaptive_neighbor_grid"": [""(5, 10, 15, 25, 40, 80, 160)"", ""[5, 10, 15, 25, 40, 80, 160]""], ""branch_length_optimization_apply_nonconverged"": [null, ""False""], ""branch_length_optimization_max_iterations"": [""300"", ""1000""]}",True,True
run_20260706_170815Z_full_graphtools_tree_consensus,C04,overlap_unbal_8c_large,ok,unsupported,0.9922125036667706,,8,0,False,"{""adaptive_neighbor_grid"": [""(5, 10, 15, 25, 40, 80, 160)"", ""[5, 10, 15, 25, 40, 80, 160]""], ""branch_length_optimization_apply_nonconverged"": [null, ""False""], ""branch_length_optimization_max_iterations"": [""300"", ""1000""]}",True,True
run_20260706_170815Z_full_graphtools_tree_consensus,C04,gauss_overlap_3c_small,ok,unsupported,0.5589412612620978,,7,0,False,"{""adaptive_neighbor_grid"": [""(5, 10, 15, 25, 40, 80, 160)"", ""[5, 10, 15, 25, 40, 80, 160]""], ""branch_length_optimization_apply_nonconverged"": [null, ""False""], ""branch_length_optimization_max_iterations"": [""300"", ""1000""]}",True,True
run_20260706_170815Z_full_graphtools_tree_consensus,C04,gauss_overlap_4c_med,ok,unsupported,1.0,,4,0,False,"{""adaptive_neighbor_grid"": [""(5, 10, 15, 25, 40, 80, 160)"", ""[5, 10, 15, 25, 40, 80, 160]""], ""branch_length_optimization_apply_nonconverged"": [null, ""False""], ""branch_length_optimization_max_iterations"": [""300"", ""1000""]}",True,True
run_20260706_170815Z_full_graphtools_tree_consensus,C04,gauss_overlap_6c_large,ok,unsupported,1.0,,6,0,False,"{""adaptive_neighbor_grid"": [""(5, 10, 15, 25, 40, 80, 160)"", ""[5, 10, 15, 25, 40, 80, 160]""], ""branch_length_optimization_apply_nonconverged"": [null, ""False""], ""branch_length_optimization_max_iterations"": [""300"", ""1000""]}",True,True
run_20260706_170815Z_full_graphtools_tree_consensus,C04,gauss_overlap_8c_highd,ok,unsupported,1.0,,8,0,False,"{""adaptive_neighbor_grid"": [""(5, 10, 15, 25, 40, 80, 160)"", ""[5, 10, 15, 25, 40, 80, 160]""], ""branch_length_optimization_apply_nonconverged"": [null, ""False""], ""branch_length_optimization_max_iterations"": [""300"", ""1000""]}",True,True
run_20260706_170815Z_full_graphtools_tree_consensus,C04,gauss_overlap_extreme_4c,ok,unsupported,1.0,,4,0,False,"{""adaptive_neighbor_grid"": [""(5, 10, 15, 25, 40, 80, 160)"", ""[5, 10, 15, 25, 40, 80, 160]""], ""branch_length_optimization_apply_nonconverged"": [null, ""False""], ""branch_length_optimization_max_iterations"": [""300"", ""1000""]}",True,True
run_20260706_170815Z_full_graphtools_tree_consensus,C04,gauss_overlap_extreme_6c,ok,unsupported,0.8474979107556758,,11,0,False,"{""adaptive_neighbor_grid"": [""(5, 10, 15, 25, 40, 80, 160)"", ""[5, 10, 15, 25, 40, 80, 160]""], ""branch_length_optimization_apply_nonconverged"": [null, ""False""], ""branch_length_optimization_max_iterations"": [""300"", ""1000""]}",True,True
run_20260706_170815Z_full_graphtools_tree_consensus,C04,gauss_overlap_many_10c,ok,unsupported,1.0,,10,0,False,"{""adaptive_neighbor_grid"": [""(5, 10, 15, 25, 40, 80, 160)"", ""[5, 10, 15, 25, 40, 80, 160]""], ""branch_length_optimization_apply_nonconverged"": [null, ""False""], ""branch_length_optimization_max_iterations"": [""300"", ""1000""]}",True,True
run_20260706_170815Z_full_graphtools_tree_consensus,C04,gauss_overlap_dense_8c,ok,unsupported,0.9598990826248932,,10,0,False,"{""adaptive_neighbor_grid"": [""(5, 10, 15, 25, 40, 80, 160)"", ""[5, 10, 15, 25, 40, 80, 160]""], ""branch_length_optimization_apply_nonconverged"": [null, ""False""], ""branch_length_optimization_max_iterations"": [""300"", ""1000""]}",True,True
run_20260706_170815Z_full_graphtools_tree_consensus,C04,gauss_overlap_3c_small_q3,ok,unsupported,1.0,,3,0,False,"{""adaptive_neighbor_grid"": [""(5, 10, 15, 25, 40, 80, 160)"", ""[5, 10, 15, 25, 40, 80, 160]""], ""branch_length_optimization_apply_nonconverged"": [null, ""False""], ""branch_length_optimization_max_iterations"": [""300"", ""1000""]}",True,True
run_20260706_170815Z_full_graphtools_tree_consensus,C04,gauss_overlap_3c_small_q4,ok,unsupported,1.0,,3,0,False,"{""adaptive_neighbor_grid"": [""(5, 10, 15, 25, 40, 80, 160)"", ""[5, 10, 15, 25, 40, 80, 160]""], ""branch_length_optimization_apply_nonconverged"": [null, ""False""], ""branch_length_optimization_max_iterations"": [""300"", ""1000""]}",True,True
run_20260706_170815Z_full_graphtools_tree_consensus,C04,gauss_overlap_3c_small_q5,ok,unsupported,0.9899831669528852,,3,0,False,"{""adaptive_neighbor_grid"": [""(5, 10, 15, 25, 40, 80, 160)"", ""[5, 10, 15, 25, 40, 80, 160]""], ""branch_length_optimization_apply_nonconverged"": [null, ""False""], ""branch_length_optimization_max_iterations"": [""300"", ""1000""]}",True,True
run_20260706_170815Z_full_graphtools_tree_consensus,C04,bar_binary_balanced_4c,ok,unsupported,0.2970053329686859,,2,0,False,"{""adaptive_neighbor_grid"": [""(5, 10, 15, 25, 40, 80, 160)"", ""[5, 10, 15, 25, 40, 80, 160]""], ""branch_length_optimization_apply_nonconverged"": [null, ""False""], ""branch_length_optimization_max_iterations"": [""300"", ""1000""]}",True,True
run_20260706_170815Z_full_graphtools_tree_consensus,C04,bar_binary_unbalanced_95_5,skip,unsupported,,,0,0,False,"{""adaptive_neighbor_grid"": [""(5, 10, 15, 25, 40, 80, 160)"", ""[5, 10, 15, 25, 40, 80, 160]""], ""branch_length_optimization_apply_nonconverged"": [null, ""False""], ""branch_length_optimization_max_iterations"": [""300"", ""1000""]}",True,True
run_20260706_170815Z_full_graphtools_tree_consensus,C04,mp_spike_below_bbp_continuous,ok,ok,1.0,1.0,1,1,False,"{""adaptive_neighbor_grid"": [""(5, 10, 15, 25, 40, 80, 160)"", ""[5, 10, 15, 25, 40, 80, 160]""], ""branch_length_optimization_apply_nonconverged"": [null, ""False""], ""branch_length_optimization_max_iterations"": [""300"", ""1000""]}",True,True
run_20260706_170815Z_full_graphtools_tree_consensus,C04,mp_spike_above_bbp_continuous,ok,ok,0.0,0.0,1,1,False,"{""adaptive_neighbor_grid"": [""(5, 10, 15, 25, 40, 80, 160)"", ""[5, 10, 15, 25, 40, 80, 160]""], ""branch_length_optimization_apply_nonconverged"": [null, ""False""], ""branch_length_optimization_max_iterations"": [""300"", ""1000""]}",True,True
run_20260706_170815Z_full_graphtools_tree_consensus,C04,cat_simplex_face_rare_20cat,ok,unsupported,0.3796968800195809,,3,0,False,"{""adaptive_neighbor_grid"": [""(5, 10, 15, 25, 40, 80, 160)"", ""[5, 10, 15, 25, 40, 80, 160]""], ""branch_length_optimization_apply_nonconverged"": [null, ""False""], ""branch_length_optimization_max_iterations"": [""300"", ""1000""]}",True,True
run_20260706_170815Z_full_graphtools_tree_consensus,C04,cat_dirichlet_overdispersed_20cat,ok,unsupported,0.1049279314231,,2,0,False,"{""adaptive_neighbor_grid"": [""(5, 10, 15, 25, 40, 80, 160)"", ""[5, 10, 15, 25, 40, 80, 160]""], ""branch_length_optimization_apply_nonconverged"": [null, ""False""], ""branch_length_optimization_max_iterations"": [""300"", ""1000""]}",True,True
run_20260706_170815Z_full_graphtools_tree_consensus,C04,cont_lowrank_pggn_shrinkage,ok,unsupported,0.0,,1,0,False,"{""adaptive_neighbor_grid"": [""(5, 10, 15, 25, 40, 80, 160)"", ""[5, 10, 15, 25, 40, 80, 160]""], ""branch_length_optimization_apply_nonconverged"": [null, ""False""], ""branch_length_optimization_max_iterations"": [""300"", ""1000""]}",True,True
run_20260706_170815Z_full_graphtools_tree_consensus,C04,support_selected_only_fail_closed,ok,unsupported,1.0,,4,0,False,"{""adaptive_neighbor_grid"": [""(5, 10, 15, 25, 40, 80, 160)"", ""[5, 10, 15, 25, 40, 80, 160]""], ""branch_length_optimization_apply_nonconverged"": [null, ""False""], ""branch_length_optimization_max_iterations"": [""300"", ""1000""]}",True,True
run_20260706_170815Z_full_graphtools_tree_consensus,C04,phylo_brownian_null_16taxa,ok,ok,0.0,0.0,1,1,False,"{""adaptive_neighbor_grid"": [""(5, 10, 15, 25, 40, 80, 160)"", ""[5, 10, 15, 25, 40, 80, 160]""], ""branch_length_optimization_apply_nonconverged"": [null, ""False""], ""branch_length_optimization_max_iterations"": [""300"", ""1000""]}",True,True
run_20260706_170815Z_full_graphtools_tree_consensus,C04,traversal_deep_signal_under_same_parent,ok,unsupported,0.0,,1,0,False,"{""adaptive_neighbor_grid"": [""(5, 10, 15, 25, 40, 80, 160)"", ""[5, 10, 15, 25, 40, 80, 160]""], ""branch_length_optimization_apply_nonconverged"": [null, ""False""], ""branch_length_optimization_max_iterations"": [""300"", ""1000""]}",True,True
run_20260706_170815Z_full_graphtools_tree_consensus,C04,traversal_deep_branch_recovery_stress,ok,unsupported,1.0,,6,0,False,"{""adaptive_neighbor_grid"": [""(5, 10, 15, 25, 40, 80, 160)"", ""[5, 10, 15, 25, 40, 80, 160]""], ""branch_length_optimization_apply_nonconverged"": [null, ""False""], ""branch_length_optimization_max_iterations"": [""300"", ""1000""]}",True,True
run_20260706_170815Z_full_graphtools_tree_consensus,C05,gauss_extreme_noise_3c,ok,unsupported,1.0,,3,0,False,"{""branch_length_optimization_apply_nonconverged"": [null, ""False""], ""branch_length_optimization_max_iterations"": [""300"", ""1000""]}",True,True
run_20260706_170815Z_full_graphtools_tree_consensus,C05,gauss_extreme_noise_many,ok,unsupported,0.3565718261667964,,136,0,False,"{""adaptive_neighbor_grid"": [""(5, 10, 15, 25, 40, 80, 160)"", ""[5, 10, 15, 25, 40, 80, 160]""], ""branch_length_optimization_apply_nonconverged"": [null, ""False""], ""branch_length_optimization_max_iterations"": [""300"", ""1000""]}",True,True
run_20260706_170815Z_full_graphtools_tree_consensus,C05,gauss_clear_small,ok,unsupported,1.0,,3,0,False,"{""adaptive_neighbor_grid"": [""(5, 10, 15, 25, 40, 80, 160)"", ""[5, 10, 15, 25, 40, 80, 160]""], ""branch_length_optimization_apply_nonconverged"": [null, ""False""], ""branch_length_optimization_max_iterations"": [""300"", ""1000""]}",True,True
run_20260706_170815Z_full_graphtools_tree_consensus,C05,gauss_clear_medium,ok,unsupported,1.0,,4,0,False,"{""adaptive_neighbor_grid"": [""(5, 10, 15, 25, 40, 80, 160)"", ""[5, 10, 15, 25, 40, 80, 160]""], ""branch_length_optimization_apply_nonconverged"": [null, ""False""], ""branch_length_optimization_max_iterations"": [""300"", ""1000""]}",True,True
run_20260706_170815Z_full_graphtools_tree_consensus,C05,gauss_clear_large,ok,unsupported,1.0,,5,0,False,"{""adaptive_neighbor_grid"": [""(5, 10, 15, 25, 40, 80, 160)"", ""[5, 10, 15, 25, 40, 80, 160]""], ""branch_length_optimization_apply_nonconverged"": [null, ""False""], ""branch_length_optimization_max_iterations"": [""300"", ""1000""]}",True,True
run_20260706_170815Z_full_graphtools_tree_consensus,C05,gauss_moderate_3c,ok,unsupported,1.0,,3,0,False,"{""adaptive_neighbor_grid"": [""(5, 10, 15, 25, 40, 80, 160)"", ""[5, 10, 15, 25, 40, 80, 160]""], ""branch_length_optimization_apply_nonconverged"": [null, ""False""], ""branch_length_optimization_max_iterations"": [""300"", ""1000""]}",True,True
run_20260706_170815Z_full_graphtools_tree_consensus,C05,gauss_moderate_5c,ok,unsupported,1.0,,5,0,False,"{""adaptive_neighbor_grid"": [""(5, 10, 15, 25, 40, 80, 160)"", ""[5, 10, 15, 25, 40, 80, 160]""], ""branch_length_optimization_apply_nonconverged"": [null, ""False""], ""branch_length_optimization_max_iterations"": [""300"", ""1000""]}",True,True
run_20260706_170815Z_full_graphtools_tree_consensus,C05,gauss_noisy_3c,ok,unsupported,1.0,,3,0,False,"{""adaptive_neighbor_grid"": [""(5, 10, 15, 25, 40, 80, 160)"", ""[5, 10, 15, 25, 40, 80, 160]""], ""branch_length_optimization_apply_nonconverged"": [null, ""False""], ""branch_length_optimization_max_iterations"": [""300"", ""1000""]}",True,True
run_20260706_170815Z_full_graphtools_tree_consensus,C05,gauss_noisy_many,ok,unsupported,1.0,,8,0,False,"{""adaptive_neighbor_grid"": [""(5, 10, 15, 25, 40, 80, 160)"", ""[5, 10, 15, 25, 40, 80, 160]""], ""branch_length_optimization_apply_nonconverged"": [null, ""False""], ""branch_length_optimization_max_iterations"": [""300"", ""1000""]}",True,True
run_20260706_170815Z_full_graphtools_tree_consensus,C05,gauss_null_small,ok,unsupported,0.0,,2,0,False,"{""adaptive_neighbor_grid"": [""(5, 10, 15, 25, 40, 80, 160)"", ""[5, 10, 15, 25, 40, 80, 160]""], ""branch_length_optimization_apply_nonconverged"": [null, ""False""], ""branch_length_optimization_max_iterations"": [""300"", ""1000""]}",True,True
run_20260706_170815Z_full_graphtools_tree_consensus,C05,gauss_null_large,ok,unsupported,1.0,,1,0,False,"{""adaptive_neighbor_grid"": [""(5, 10, 15, 25, 40, 80, 160)"", ""[5, 10, 15, 25, 40, 80, 160]""], ""branch_length_optimization_apply_nonconverged"": [null, ""False""], ""branch_length_optimization_max_iterations"": [""300"", ""1000""]}",True,True
run_20260706_170815Z_full_graphtools_tree_consensus,C05,gauss_clear_medium_continuous,ok,ok,0.0,0.0,1,1,False,"{""adaptive_neighbor_grid"": [""(5, 10, 15, 25, 40, 80, 160)"", ""[5, 10, 15, 25, 40, 80, 160]""], ""branch_length_optimization_apply_nonconverged"": [null, ""False""], ""branch_length_optimization_max_iterations"": [""300"", ""1000""]}",True,True
run_20260706_170815Z_full_graphtools_tree_consensus,C05,gauss_moderate_3c_continuous,ok,ok,0.0,0.0,1,1,False,"{""adaptive_neighbor_grid"": [""(5, 10, 15, 25, 40, 80, 160)"", ""[5, 10, 15, 25, 40, 80, 160]""], ""branch_length_optimization_apply_nonconverged"": [null, ""False""], ""branch_length_optimization_max_iterations"": [""300"", ""1000""]}",True,True
run_20260706_170815Z_full_graphtools_tree_consensus,C05,gauss_null_large_continuous,ok,ok,1.0,1.0,1,1,False,"{""adaptive_neighbor_grid"": [""(5, 10, 15, 25, 40, 80, 160)"", ""[5, 10, 15, 25, 40, 80, 160]""], ""branch_length_optimization_apply_nonconverged"": [null, ""False""], ""branch_length_optimization_max_iterations"": [""300"", ""1000""]}",True,True
run_20260706_170815Z_full_graphtools_tree_consensus,C05,dim_consolidated_4c_24f,ok,unsupported,0.6012143800799671,,6,0,False,"{""adaptive_neighbor_grid"": [""(5, 10, 15, 25, 40, 80, 160)"", ""[5, 10, 15, 25, 40, 80, 160]""], ""branch_length_optimization_apply_nonconverged"": [null, ""False""], ""branch_length_optimization_max_iterations"": [""300"", ""1000""]}",True,True
run_20260706_170815Z_full_graphtools_tree_consensus,C05,dim_consolidated_4c_72f,ok,unsupported,0.0776195302970433,,33,0,False,"{""adaptive_neighbor_grid"": [""(5, 10, 15, 25, 40, 80, 160)"", ""[5, 10, 15, 25, 40, 80, 160]""], ""branch_length_optimization_apply_nonconverged"": [null, ""False""], ""branch_length_optimization_max_iterations"": [""300"", ""1000""]}",True,True
run_20260706_170815Z_full_graphtools_tree_consensus,C05,dim_consolidated_4c_272f,ok,unsupported,-0.0079720798990124,,2,0,False,"{""adaptive_neighbor_grid"": [""(5, 10, 15, 25, 40, 80, 160)"", ""[5, 10, 15, 25, 40, 80, 160]""], ""branch_length_optimization_apply_nonconverged"": [null, ""False""], ""branch_length_optimization_max_iterations"": [""300"", ""1000""]}",True,True
run_20260706_170815Z_full_graphtools_tree_consensus,C05,dim_diffuse_6c_36f,ok,unsupported,0.050127077702582,,4,0,False,"{""adaptive_neighbor_grid"": [""(5, 10, 15, 25, 40, 80, 160)"", ""[5, 10, 15, 25, 40, 80, 160]""], ""branch_length_optimization_apply_nonconverged"": [null, ""False""], ""branch_length_optimization_max_iterations"": [""300"", ""1000""]}",True,True
run_20260706_170815Z_full_graphtools_tree_consensus,C05,dim_diffuse_6c_136f,ok,unsupported,0.0091424295677237,,2,0,False,"{""adaptive_neighbor_grid"": [""(5, 10, 15, 25, 40, 80, 160)"", ""[5, 10, 15, 25, 40, 80, 160]""], ""branch_length_optimization_apply_nonconverged"": [null, ""False""], ""branch_length_optimization_max_iterations"": [""300"", ""1000""]}",True,True
run_20260706_170815Z_full_graphtools_tree_consensus,C05,dim_diffuse_6c_536f,ok,unsupported,-0.0025391159260003,,4,0,False,"{""adaptive_neighbor_grid"": [""(5, 10, 15, 25, 40, 80, 160)"", ""[5, 10, 15, 25, 40, 80, 160]""], ""branch_length_optimization_apply_nonconverged"": [null, ""False""], ""branch_length_optimization_max_iterations"": [""300"", ""1000""]}",True,True
run_20260706_170815Z_full_graphtools_tree_consensus,C05,dim_consolidated_4c_24f_continuous,ok,ok,0.0,0.0,1,1,False,"{""adaptive_neighbor_grid"": [""(5, 10, 15, 25, 40, 80, 160)"", ""[5, 10, 15, 25, 40, 80, 160]""], ""branch_length_optimization_apply_nonconverged"": [null, ""False""], ""branch_length_optimization_max_iterations"": [""300"", ""1000""]}",True,True
run_20260706_170815Z_full_graphtools_tree_consensus,C05,dim_consolidated_4c_72f_continuous,ok,ok,0.0,0.0,1,1,False,"{""adaptive_neighbor_grid"": [""(5, 10, 15, 25, 40, 80, 160)"", ""[5, 10, 15, 25, 40, 80, 160]""], ""branch_length_optimization_apply_nonconverged"": [null, ""False""], ""branch_length_optimization_max_iterations"": [""300"", ""1000""]}",True,True
run_20260706_170815Z_full_graphtools_tree_consensus,C05,dim_diffuse_6c_136f_continuous,ok,ok,0.0,0.0,1,1,False,"{""adaptive_neighbor_grid"": [""(5, 10, 15, 25, 40, 80, 160)"", ""[5, 10, 15, 25, 40, 80, 160]""], ""branch_length_optimization_apply_nonconverged"": [null, ""False""], ""branch_length_optimization_max_iterations"": [""300"", ""1000""]}",True,True
run_20260706_170815Z_full_graphtools_tree_consensus,C05,gauss_single_outlier_4c,ok,unsupported,0.9915772953178132,,4,0,False,"{""adaptive_neighbor_grid"": [""(5, 10, 15, 25, 40, 80, 160)"", ""[5, 10, 15, 25, 40, 80, 160]""], ""branch_length_optimization_apply_nonconverged"": [null, ""False""], ""branch_length_optimization_max_iterations"": [""300"", ""1000""]}",True,True
run_20260706_170815Z_full_graphtools_tree_consensus,C05,gauss_outlier_cluster_4c,ok,unsupported,1.0,,5,0,False,"{""adaptive_neighbor_grid"": [""(5, 10, 15, 25, 40, 80, 160)"", ""[5, 10, 15, 25, 40, 80, 160]""], ""branch_length_optimization_apply_nonconverged"": [null, ""False""], ""branch_length_optimization_max_iterations"": [""300"", ""1000""]}",True,True
run_20260706_170815Z_full_graphtools_tree_consensus,C05,gauss_outlier_shell_4c,ok,unsupported,0.898363858726231,,7,0,False,"{""adaptive_neighbor_grid"": [""(5, 10, 15, 25, 40, 80, 160)"", ""[5, 10, 15, 25, 40, 80, 160]""], ""branch_length_optimization_apply_nonconverged"": [null, ""False""], ""branch_length_optimization_max_iterations"": [""300"", ""1000""]}",True,True
run_20260706_170815Z_full_graphtools_tree_consensus,C05,gauss_single_outlier_4c_continuous,ok,ok,0.0,0.0,1,1,False,"{""adaptive_neighbor_grid"": [""(5, 10, 15, 25, 40, 80, 160)"", ""[5, 10, 15, 25, 40, 80, 160]""], ""branch_length_optimization_apply_nonconverged"": [null, ""False""], ""branch_length_optimization_max_iterations"": [""300"", ""1000""]}",True,True
run_20260706_170815Z_full_graphtools_tree_consensus,C05,gauss_outlier_cluster_4c_continuous,ok,ok,0.0,0.0,1,1,False,"{""adaptive_neighbor_grid"": [""(5, 10, 15, 25, 40, 80, 160)"", ""[5, 10, 15, 25, 40, 80, 160]""], ""branch_length_optimization_apply_nonconverged"": [null, ""False""], ""branch_length_optimization_max_iterations"": [""300"", ""1000""]}",True,True
run_20260706_170815Z_full_graphtools_tree_consensus,C05,binary_balanced_low_noise,ok,unsupported,1.0,,4,0,False,"{""adaptive_neighbor_grid"": [""(5, 10, 15, 25, 40, 80, 160)"", ""[5, 10, 15, 25, 40, 80, 160]""], ""branch_length_optimization_apply_nonconverged"": [null, ""False""], ""branch_length_optimization_max_iterations"": [""300"", ""1000""]}",True,True
run_20260706_170815Z_full_graphtools_tree_consensus,C05,binary_balanced_low_noise__2,ok,unsupported,1.0,,4,0,False,"{""adaptive_neighbor_grid"": [""(5, 10, 15, 25, 40, 80, 160)"", ""[5, 10, 15, 25, 40, 80, 160]""], ""branch_length_optimization_apply_nonconverged"": [null, ""False""], ""branch_length_optimization_max_iterations"": [""300"", ""1000""]}",True,True
run_20260706_170815Z_full_graphtools_tree_consensus,C05,sparse_features_72x72,ok,unsupported,1.0,,4,0,False,"{""adaptive_neighbor_grid"": [""(5, 10, 15, 25, 40, 80, 160)"", ""[5, 10, 15, 25, 40, 80, 160]""], ""branch_length_optimization_apply_nonconverged"": [null, ""False""], ""branch_length_optimization_max_iterations"": [""300"", ""1000""]}",True,True
run_20260706_170815Z_full_graphtools_tree_consensus,C05,sparse_features_100x500,ok,unsupported,1.0,,4,0,False,"{""adaptive_neighbor_grid"": [""(5, 10, 15, 25, 40, 80, 160)"", ""[5, 10, 15, 25, 40, 80, 160]""], ""branch_length_optimization_apply_nonconverged"": [null, ""False""], ""branch_length_optimization_max_iterations"": [""300"", ""1000""]}",True,True
run_20260706_170815Z_full_graphtools_tree_consensus,C05,binary_perfect_2c,ok,unsupported,1.0,,2,0,False,"{""adaptive_neighbor_grid"": [""(5, 10, 15, 25, 40, 80, 160)"", ""[5, 10, 15, 25, 40, 80, 160]""], ""branch_length_optimization_apply_nonconverged"": [null, ""False""], ""branch_length_optimization_max_iterations"": [""300"", ""1000""]}",True,True
run_20260706_170815Z_full_graphtools_tree_consensus,C05,binary_perfect_4c,ok,unsupported,0.968302795238732,,5,0,False,"{""adaptive_neighbor_grid"": [""(5, 10, 15, 25, 40, 80, 160)"", ""[5, 10, 15, 25, 40, 80, 160]""], ""branch_length_optimization_apply_nonconverged"": [null, ""False""], ""branch_length_optimization_max_iterations"": [""300"", ""1000""]}",True,True
run_20260706_170815Z_full_graphtools_tree_consensus,C05,binary_perfect_8c,ok,unsupported,1.0,,8,0,False,"{""adaptive_neighbor_grid"": [""(5, 10, 15, 25, 40, 80, 160)"", ""[5, 10, 15, 25, 40, 80, 160]""], ""branch_length_optimization_apply_nonconverged"": [null, ""False""], ""branch_length_optimization_max_iterations"": [""300"", ""1000""]}",True,True
run_20260706_170815Z_full_graphtools_tree_consensus,C05,binary_low_noise_2c,ok,unsupported,0.6661800809501692,,5,0,False,"{""adaptive_neighbor_grid"": [""(5, 10, 15, 25, 40, 80, 160)"", ""[5, 10, 15, 25, 40, 80, 160]""], ""branch_length_optimization_apply_nonconverged"": [null, ""False""], ""branch_length_optimization_max_iterations"": [""300"", ""1000""]}",True,True
run_20260706_170815Z_full_graphtools_tree_consensus,C05,binary_low_noise_4c,ok,unsupported,0.9547857118809548,,5,0,False,"{""adaptive_neighbor_grid"": [""(5, 10, 15, 25, 40, 80, 160)"", ""[5, 10, 15, 25, 40, 80, 160]""], ""branch_length_optimization_apply_nonconverged"": [null, ""False""], ""branch_length_optimization_max_iterations"": [""300"", ""1000""]}",True,True
run_20260706_170815Z_full_graphtools_tree_consensus,C05,binary_low_noise_8c,ok,unsupported,1.0,,8,0,False,"{""adaptive_neighbor_grid"": [""(5, 10, 15, 25, 40, 80, 160)"", ""[5, 10, 15, 25, 40, 80, 160]""], ""branch_length_optimization_apply_nonconverged"": [null, ""False""], ""branch_length_optimization_max_iterations"": [""300"", ""1000""]}",True,True
run_20260706_170815Z_full_graphtools_tree_consensus,C05,binary_low_noise_12c,ok,unsupported,1.0,,12,0,False,"{""adaptive_neighbor_grid"": [""(5, 10, 15, 25, 40, 80, 160)"", ""[5, 10, 15, 25, 40, 80, 160]""], ""branch_length_optimization_apply_nonconverged"": [null, ""False""], ""branch_length_optimization_max_iterations"": [""300"", ""1000""]}",True,True
run_20260706_170815Z_full_graphtools_tree_consensus,C05,binary_moderate_4c,ok,unsupported,1.0,,4,0,False,"{""adaptive_neighbor_grid"": [""(5, 10, 15, 25, 40, 80, 160)"", ""[5, 10, 15, 25, 40, 80, 160]""], ""branch_length_optimization_apply_nonconverged"": [null, ""False""], ""branch_length_optimization_max_iterations"": [""300"", ""1000""]}",True,True
run_20260706_170815Z_full_graphtools_tree_consensus,C05,binary_moderate_6c,ok,unsupported,1.0,,6,0,False,"{""adaptive_neighbor_grid"": [""(5, 10, 15, 25, 40, 80, 160)"", ""[5, 10, 15, 25, 40, 80, 160]""], ""branch_length_optimization_apply_nonconverged"": [null, ""False""], ""branch_length_optimization_max_iterations"": [""300"", ""1000""]}",True,True
run_20260706_170815Z_full_graphtools_tree_consensus,C05,binary_moderate_8c,ok,unsupported,1.0,,8,0,False,"{""adaptive_neighbor_grid"": [""(5, 10, 15, 25, 40, 80, 160)"", ""[5, 10, 15, 25, 40, 80, 160]""], ""branch_length_optimization_apply_nonconverged"": [null, ""False""], ""branch_length_optimization_max_iterations"": [""300"", ""1000""]}",True,True
run_20260706_170815Z_full_graphtools_tree_consensus,C05,binary_hard_4c,ok,unsupported,1.0,,4,0,False,"{""adaptive_neighbor_grid"": [""(5, 10, 15, 25, 40, 80, 160)"", ""[5, 10, 15, 25, 40, 80, 160]""], ""branch_length_optimization_apply_nonconverged"": [null, ""False""], ""branch_length_optimization_max_iterations"": [""300"", ""1000""]}",True,True
run_20260706_170815Z_full_graphtools_tree_consensus,C05,binary_hard_8c,ok,unsupported,1.0,,8,0,False,"{""adaptive_neighbor_grid"": [""(5, 10, 15, 25, 40, 80, 160)"", ""[5, 10, 15, 25, 40, 80, 160]""], ""branch_length_optimization_apply_nonconverged"": [null, ""False""], ""branch_length_optimization_max_iterations"": [""300"", ""1000""]}",True,True
run_20260706_170815Z_full_graphtools_tree_consensus,C05,binary_unbalanced_low,ok,unsupported,1.0,,4,0,False,"{""adaptive_neighbor_grid"": [""(5, 10, 15, 25, 40, 80, 160)"", ""[5, 10, 15, 25, 40, 80, 160]""], ""branch_length_optimization_apply_nonconverged"": [null, ""False""], ""branch_length_optimization_max_iterations"": [""300"", ""1000""]}",True,True
run_20260706_170815Z_full_graphtools_tree_consensus,C05,binary_unbalanced_med,ok,unsupported,1.0,,6,0,False,"{""adaptive_neighbor_grid"": [""(5, 10, 15, 25, 40, 80, 160)"", ""[5, 10, 15, 25, 40, 80, 160]""], ""branch_length_optimization_apply_nonconverged"": [null, ""False""], ""branch_length_optimization_max_iterations"": [""300"", ""1000""]}",True,True
run_20260706_170815Z_full_graphtools_tree_consensus,C05,binary_2clusters,ok,unsupported,1.0,,2,0,False,"{""adaptive_neighbor_grid"": [""(5, 10, 15, 25, 40, 80, 160)"", ""[5, 10, 15, 25, 40, 80, 160]""], ""branch_length_optimization_apply_nonconverged"": [null, ""False""], ""branch_length_optimization_max_iterations"": [""300"", ""1000""]}",True,True
run_20260706_170815Z_full_graphtools_tree_consensus,C05,binary_many_features,ok,unsupported,1.0,,4,0,False,"{""adaptive_neighbor_grid"": [""(5, 10, 15, 25, 40, 80, 160)"", ""[5, 10, 15, 25, 40, 80, 160]""], ""branch_length_optimization_apply_nonconverged"": [null, ""False""], ""branch_length_optimization_max_iterations"": [""300"", ""1000""]}",True,True
run_20260706_170815Z_full_graphtools_tree_consensus,C05,binary_many_clusters,ok,unsupported,1.0,,15,0,False,"{""adaptive_neighbor_grid"": [""(5, 10, 15, 25, 40, 80, 160)"", ""[5, 10, 15, 25, 40, 80, 160]""], ""branch_length_optimization_apply_nonconverged"": [null, ""False""], ""branch_length_optimization_max_iterations"": [""300"", ""1000""]}",True,True
run_20260706_170815Z_full_graphtools_tree_consensus,C05,binary_null_small,ok,ok,1.0,1.0,1,1,False,"{""adaptive_neighbor_grid"": [""(5, 10, 15, 25, 40, 80, 160)"", ""[5, 10, 15, 25, 40, 80, 160]""], ""branch_length_optimization_apply_nonconverged"": [null, ""False""], ""branch_length_optimization_max_iterations"": [""300"", ""1000""]}",True,True
run_20260706_170815Z_full_graphtools_tree_consensus,C05,binary_null_medium,ok,ok,1.0,1.0,1,1,False,"{""adaptive_neighbor_grid"": [""(5, 10, 15, 25, 40, 80, 160)"", ""[5, 10, 15, 25, 40, 80, 160]""], ""branch_length_optimization_apply_nonconverged"": [null, ""False""], ""branch_length_optimization_max_iterations"": [""300"", ""1000""]}",True,True
run_20260706_170815Z_full_graphtools_tree_consensus,C05,binary_multiscale_4c,ok,unsupported,1.0,,4,0,False,"{""adaptive_neighbor_grid"": [""(5, 10, 15, 25, 40, 80, 160)"", ""[5, 10, 15, 25, 40, 80, 160]""], ""branch_length_optimization_apply_nonconverged"": [null, ""False""], ""branch_length_optimization_max_iterations"": [""300"", ""1000""]}",True,True
run_20260706_170815Z_full_graphtools_tree_consensus,C05,binary_multiscale_6c,ok,unsupported,1.0,,6,0,False,"{""adaptive_neighbor_grid"": [""(5, 10, 15, 25, 40, 80, 160)"", ""[5, 10, 15, 25, 40, 80, 160]""], ""branch_length_optimization_apply_nonconverged"": [null, ""False""], ""branch_length_optimization_max_iterations"": [""300"", ""1000""]}",True,True
run_20260706_170815Z_full_graphtools_tree_consensus,C05,binary_noise_feat_50i_200n,ok,unsupported,1.0,,4,0,False,"{""adaptive_neighbor_grid"": [""(5, 10, 15, 25, 40, 80, 160)"", ""[5, 10, 15, 25, 40, 80, 160]""], ""branch_length_optimization_apply_nonconverged"": [null, ""False""], ""branch_length_optimization_max_iterations"": [""300"", ""1000""]}",True,True
run_20260706_170815Z_full_graphtools_tree_consensus,C05,binary_noise_feat_80i_400n,ok,unsupported,1.0,,6,0,False,"{""adaptive_neighbor_grid"": [""(5, 10, 15, 25, 40, 80, 160)"", ""[5, 10, 15, 25, 40, 80, 160]""], ""branch_length_optimization_apply_nonconverged"": [null, ""False""], ""branch_length_optimization_max_iterations"": [""300"", ""1000""]}",True,True
run_20260706_170815Z_full_graphtools_tree_consensus,C05,binary_noise_feat_30i_500n,ok,unsupported,1.0,,3,0,False,"{""adaptive_neighbor_grid"": [""(5, 10, 15, 25, 40, 80, 160)"", ""[5, 10, 15, 25, 40, 80, 160]""], ""branch_length_optimization_apply_nonconverged"": [null, ""False""], ""branch_length_optimization_max_iterations"": [""300"", ""1000""]}",True,True
run_20260706_170815Z_full_graphtools_tree_consensus,C05,sbm_clear_small,ok,unsupported,0.8688888888888889,,2,0,False,"{""adaptive_neighbor_grid"": [""(5, 10, 15, 25, 40, 80, 160)"", ""[5, 10, 15, 25, 40, 80, 160]""], ""branch_length_optimization_apply_nonconverged"": [null, ""False""], ""branch_length_optimization_max_iterations"": [""300"", ""1000""]}",True,True
run_20260706_170815Z_full_graphtools_tree_consensus,C05,sbm_moderate,ok,ok,0.0,0.0,1,1,False,"{""adaptive_neighbor_grid"": [""(5, 10, 15, 25, 40, 80, 160)"", ""[5, 10, 15, 25, 40, 80, 160]""], ""branch_length_optimization_apply_nonconverged"": [null, ""False""], ""branch_length_optimization_max_iterations"": [""300"", ""1000""]}",True,True
run_20260706_170815Z_full_graphtools_tree_consensus,C05,sbm_hard,ok,ok,0.0,0.0,1,1,False,"{""adaptive_neighbor_grid"": [""(5, 10, 15, 25, 40, 80, 160)"", ""[5, 10, 15, 25, 40, 80, 160]""], ""branch_length_optimization_apply_nonconverged"": [null, ""False""], ""branch_length_optimization_max_iterations"": [""300"", ""1000""]}",True,True
run_20260706_170815Z_full_graphtools_tree_consensus,C05,cat_clear_3cat_4c,ok,unsupported,0.7079646017699115,,3,0,False,"{""adaptive_neighbor_grid"": [""(5, 10, 15, 25, 40, 80, 160)"", ""[5, 10, 15, 25, 40, 80, 160]""], ""branch_length_optimization_apply_nonconverged"": [null, ""False""], ""branch_length_optimization_max_iterations"": [""300"", ""1000""]}",True,True
run_20260706_170815Z_full_graphtools_tree_consensus,C05,cat_clear_4cat_4c,ok,unsupported,1.0,,4,0,False,"{""adaptive_neighbor_grid"": [""(5, 10, 15, 25, 40, 80, 160)"", ""[5, 10, 15, 25, 40, 80, 160]""], ""branch_length_optimization_apply_nonconverged"": [null, ""False""], ""branch_length_optimization_max_iterations"": [""300"", ""1000""]}",True,True
run_20260706_170815Z_full_graphtools_tree_consensus,C05,cat_clear_5cat_6c,ok,unsupported,1.0,,6,0,False,"{""adaptive_neighbor_grid"": [""(5, 10, 15, 25, 40, 80, 160)"", ""[5, 10, 15, 25, 40, 80, 160]""], ""branch_length_optimization_apply_nonconverged"": [null, ""False""], ""branch_length_optimization_max_iterations"": [""300"", ""1000""]}",True,True
run_20260706_170815Z_full_graphtools_tree_consensus,C05,cat_mod_3cat_4c,ok,unsupported,0.935142422764694,,4,0,False,"{""adaptive_neighbor_grid"": [""(5, 10, 15, 25, 40, 80, 160)"", ""[5, 10, 15, 25, 40, 80, 160]""], ""branch_length_optimization_apply_nonconverged"": [null, ""False""], ""branch_length_optimization_max_iterations"": [""300"", ""1000""]}",True,True
run_20260706_170815Z_full_graphtools_tree_consensus,C05,cat_mod_4cat_6c,ok,unsupported,1.0,,6,0,False,"{""adaptive_neighbor_grid"": [""(5, 10, 15, 25, 40, 80, 160)"", ""[5, 10, 15, 25, 40, 80, 160]""], ""branch_length_optimization_apply_nonconverged"": [null, ""False""], ""branch_length_optimization_max_iterations"": [""300"", ""1000""]}",True,True
run_20260706_170815Z_full_graphtools_tree_consensus,C05,cat_highcard_10cat_4c,ok,unsupported,0.986598879940902,,4,0,False,"{""adaptive_neighbor_grid"": [""(5, 10, 15, 25, 40, 80, 160)"", ""[5, 10, 15, 25, 40, 80, 160]""], ""branch_length_optimization_apply_nonconverged"": [null, ""False""], ""branch_length_optimization_max_iterations"": [""300"", ""1000""]}",True,True
run_20260706_170815Z_full_graphtools_tree_consensus,C05,cat_highcard_20cat_4c,ok,unsupported,0.8815027629100077,,4,0,False,"{""adaptive_neighbor_grid"": [""(5, 10, 15, 25, 40, 80, 160)"", ""[5, 10, 15, 25, 40, 80, 160]""], ""branch_length_optimization_apply_nonconverged"": [null, ""False""], ""branch_length_optimization_max_iterations"": [""300"", ""1000""]}",True,True
run_20260706_170815Z_full_graphtools_tree_consensus,C05,cat_unbal_3cat_4c,ok,unsupported,0.9810013457716332,,4,0,False,"{""adaptive_neighbor_grid"": [""(5, 10, 15, 25, 40, 80, 160)"", ""[5, 10, 15, 25, 40, 80, 160]""], ""branch_length_optimization_apply_nonconverged"": [null, ""False""], ""branch_length_optimization_max_iterations"": [""300"", ""1000""]}",True,True
run_20260706_170815Z_full_graphtools_tree_consensus,C05,cat_overlap_3cat_4c,ok,unsupported,0.8066031023196243,,5,0,False,"{""adaptive_neighbor_grid"": [""(5, 10, 15, 25, 40, 80, 160)"", ""[5, 10, 15, 25, 40, 80, 160]""], ""branch_length_optimization_apply_nonconverged"": [null, ""False""], ""branch_length_optimization_max_iterations"": [""300"", ""1000""]}",True,True
run_20260706_170815Z_full_graphtools_tree_consensus,C05,cat_highd_3cat_500feat,ok,unsupported,1.0,,4,0,False,"{""adaptive_neighbor_grid"": [""(5, 10, 15, 25, 40, 80, 160)"", ""[5, 10, 15, 25, 40, 80, 160]""], ""branch_length_optimization_apply_nonconverged"": [null, ""False""], ""branch_length_optimization_max_iterations"": [""300"", ""1000""]}",True,True
run_20260706_170815Z_full_graphtools_tree_consensus,C05,cat_highd_4cat_1000feat,ok,unsupported,0.0803605436335735,,121,0,False,"{""adaptive_neighbor_grid"": [""(5, 10, 15, 25, 40, 80, 160)"", ""[5, 10, 15, 25, 40, 80, 160]""], ""branch_length_optimization_apply_nonconverged"": [null, ""False""], ""branch_length_optimization_max_iterations"": [""300"", ""1000""]}",True,True
run_20260706_170815Z_full_graphtools_tree_consensus,C05,phylo_dna_4taxa_low_mut,ok,unsupported,1.0,,4,0,False,"{""adaptive_neighbor_grid"": [""(5, 10, 15, 25, 40, 80, 160)"", ""[5, 10, 15, 25, 40, 80, 160]""], ""branch_length_optimization_apply_nonconverged"": [null, ""False""], ""branch_length_optimization_max_iterations"": [""300"", ""1000""]}",True,True
run_20260706_170815Z_full_graphtools_tree_consensus,C05,phylo_dna_8taxa_low_mut,ok,unsupported,0.9631290098168044,,9,0,False,"{""adaptive_neighbor_grid"": [""(5, 10, 15, 25, 40, 80, 160)"", ""[5, 10, 15, 25, 40, 80, 160]""], ""branch_length_optimization_apply_nonconverged"": [null, ""False""], ""branch_length_optimization_max_iterations"": [""300"", ""1000""]}",True,True
run_20260706_170815Z_full_graphtools_tree_consensus,C05,phylo_dna_8taxa_med_mut,ok,unsupported,0.969025899533188,,10,0,False,"{""adaptive_neighbor_grid"": [""(5, 10, 15, 25, 40, 80, 160)"", ""[5, 10, 15, 25, 40, 80, 160]""], ""branch_length_optimization_apply_nonconverged"": [null, ""False""], ""branch_length_optimization_max_iterations"": [""300"", ""1000""]}",True,True
run_20260706_170815Z_full_graphtools_tree_consensus,C05,phylo_dna_16taxa_low_mut,ok,unsupported,1.0,,16,0,False,"{""adaptive_neighbor_grid"": [""(5, 10, 15, 25, 40, 80, 160)"", ""[5, 10, 15, 25, 40, 80, 160]""], ""branch_length_optimization_apply_nonconverged"": [null, ""False""], ""branch_length_optimization_max_iterations"": [""300"", ""1000""]}",True,True
run_20260706_170815Z_full_graphtools_tree_consensus,C05,phylo_protein_4taxa,ok,unsupported,1.0,,4,0,False,"{""adaptive_neighbor_grid"": [""(5, 10, 15, 25, 40, 80, 160)"", ""[5, 10, 15, 25, 40, 80, 160]""], ""branch_length_optimization_apply_nonconverged"": [null, ""False""], ""branch_length_optimization_max_iterations"": [""300"", ""1000""]}",True,True
run_20260706_170815Z_full_graphtools_tree_consensus,C05,phylo_protein_8taxa,ok,unsupported,0.9678506436611176,,9,0,False,"{""adaptive_neighbor_grid"": [""(5, 10, 15, 25, 40, 80, 160)"", ""[5, 10, 15, 25, 40, 80, 160]""], ""branch_length_optimization_apply_nonconverged"": [null, ""False""], ""branch_length_optimization_max_iterations"": [""300"", ""1000""]}",True,True
run_20260706_170815Z_full_graphtools_tree_consensus,C05,phylo_protein_12taxa,ok,unsupported,1.0,,12,0,False,"{""adaptive_neighbor_grid"": [""(5, 10, 15, 25, 40, 80, 160)"", ""[5, 10, 15, 25, 40, 80, 160]""], ""branch_length_optimization_apply_nonconverged"": [null, ""False""], ""branch_length_optimization_max_iterations"": [""300"", ""1000""]}",True,True
run_20260706_170815Z_full_graphtools_tree_consensus,C05,phylo_divergent_4taxa,ok,unsupported,1.0,,4,0,False,"{""adaptive_neighbor_grid"": [""(5, 10, 15, 25, 40, 80, 160)"", ""[5, 10, 15, 25, 40, 80, 160]""], ""branch_length_optimization_apply_nonconverged"": [null, ""False""], ""branch_length_optimization_max_iterations"": [""300"", ""1000""]}",True,True
run_20260706_170815Z_full_graphtools_tree_consensus,C05,phylo_divergent_8taxa,ok,unsupported,1.0,,8,0,False,"{""adaptive_neighbor_grid"": [""(5, 10, 15, 25, 40, 80, 160)"", ""[5, 10, 15, 25, 40, 80, 160]""], ""branch_length_optimization_apply_nonconverged"": [null, ""False""], ""branch_length_optimization_max_iterations"": [""300"", ""1000""]}",True,True
run_20260706_170815Z_full_graphtools_tree_consensus,C05,phylo_conserved_4taxa,ok,unsupported,0.8709562744400995,,6,0,False,"{""adaptive_neighbor_grid"": [""(5, 10, 15, 25, 40, 80, 160)"", ""[5, 10, 15, 25, 40, 80, 160]""], ""branch_length_optimization_apply_nonconverged"": [null, ""False""], ""branch_length_optimization_max_iterations"": [""300"", ""1000""]}",True,True
run_20260706_170815Z_full_graphtools_tree_consensus,C05,phylo_conserved_8taxa,ok,unsupported,1.0,,8,0,False,"{""adaptive_neighbor_grid"": [""(5, 10, 15, 25, 40, 80, 160)"", ""[5, 10, 15, 25, 40, 80, 160]""], ""branch_length_optimization_apply_nonconverged"": [null, ""False""], ""branch_length_optimization_max_iterations"": [""300"", ""1000""]}",True,True
run_20260706_170815Z_full_graphtools_tree_consensus,C05,phylo_large_32taxa,ok,unsupported,1.0,,32,0,False,"{""adaptive_neighbor_grid"": [""(5, 10, 15, 25, 40, 80, 160)"", ""[5, 10, 15, 25, 40, 80, 160]""], ""branch_length_optimization_apply_nonconverged"": [null, ""False""], ""branch_length_optimization_max_iterations"": [""300"", ""1000""]}",True,True
run_20260706_170815Z_full_graphtools_tree_consensus,C05,phylo_large_64taxa,ok,unsupported,0.8192388603646122,,104,0,False,"{""adaptive_neighbor_grid"": [""(5, 10, 15, 25, 40, 80, 160)"", ""[5, 10, 15, 25, 40, 80, 160]""], ""branch_length_optimization_apply_nonconverged"": [null, ""False""], ""branch_length_optimization_max_iterations"": [""300"", ""1000""]}",True,True
run_20260706_170815Z_full_graphtools_tree_consensus,C05,overlap_heavy_4c_small_feat,ok,unsupported,0.0,,1,0,False,"{""adaptive_neighbor_grid"": [""(5, 10, 15, 25, 40, 80, 160)"", ""[5, 10, 15, 25, 40, 80, 160]""], ""branch_length_optimization_apply_nonconverged"": [null, ""False""], ""branch_length_optimization_max_iterations"": [""300"", ""1000""]}",True,True
run_20260706_170815Z_full_graphtools_tree_consensus,C05,overlap_heavy_4c_med_feat,ok,unsupported,0.0,,1,0,False,"{""adaptive_neighbor_grid"": [""(5, 10, 15, 25, 40, 80, 160)"", ""[5, 10, 15, 25, 40, 80, 160]""], ""branch_length_optimization_apply_nonconverged"": [null, ""False""], ""branch_length_optimization_max_iterations"": [""300"", ""1000""]}",True,True
run_20260706_170815Z_full_graphtools_tree_consensus,C05,overlap_heavy_8c_large_feat,ok,unsupported,0.0,,1,0,False,"{""adaptive_neighbor_grid"": [""(5, 10, 15, 25, 40, 80, 160)"", ""[5, 10, 15, 25, 40, 80, 160]""], ""branch_length_optimization_apply_nonconverged"": [null, ""False""], ""branch_length_optimization_max_iterations"": [""300"", ""1000""]}",True,True
run_20260706_170815Z_full_graphtools_tree_consensus,C05,overlap_extreme_4c,ok,ok,0.0,0.0,1,1,False,"{""adaptive_neighbor_grid"": [""(5, 10, 15, 25, 40, 80, 160)"", ""[5, 10, 15, 25, 40, 80, 160]""], ""branch_length_optimization_apply_nonconverged"": [null, ""False""], ""branch_length_optimization_max_iterations"": [""300"", ""1000""]}",True,True
run_20260706_170815Z_full_graphtools_tree_consensus,C05,overlap_mod_4c_small,ok,unsupported,0.8489930468306586,,4,0,False,"{""adaptive_neighbor_grid"": [""(5, 10, 15, 25, 40, 80, 160)"", ""[5, 10, 15, 25, 40, 80, 160]""], ""branch_length_optimization_apply_nonconverged"": [null, ""False""], ""branch_length_optimization_max_iterations"": [""300"", ""1000""]}",True,True
run_20260706_170815Z_full_graphtools_tree_consensus,C05,overlap_mod_6c_med,ok,unsupported,0.9357077645991744,,7,0,False,"{""adaptive_neighbor_grid"": [""(5, 10, 15, 25, 40, 80, 160)"", ""[5, 10, 15, 25, 40, 80, 160]""], ""branch_length_optimization_apply_nonconverged"": [null, ""False""], ""branch_length_optimization_max_iterations"": [""300"", ""1000""]}",True,True
run_20260706_170815Z_full_graphtools_tree_consensus,C05,overlap_mod_8c_large,ok,unsupported,1.0,,8,0,False,"{""adaptive_neighbor_grid"": [""(5, 10, 15, 25, 40, 80, 160)"", ""[5, 10, 15, 25, 40, 80, 160]""], ""branch_length_optimization_apply_nonconverged"": [null, ""False""], ""branch_length_optimization_max_iterations"": [""300"", ""1000""]}",True,True
run_20260706_170815Z_full_graphtools_tree_consensus,C05,overlap_part_4c_small,ok,unsupported,0.9933165272203728,,4,0,False,"{""adaptive_neighbor_grid"": [""(5, 10, 15, 25, 40, 80, 160)"", ""[5, 10, 15, 25, 40, 80, 160]""], ""branch_length_optimization_apply_nonconverged"": [null, ""False""], ""branch_length_optimization_max_iterations"": [""300"", ""1000""]}",True,True
run_20260706_170815Z_full_graphtools_tree_consensus,C05,overlap_part_6c_med,ok,unsupported,1.0,,6,0,False,"{""adaptive_neighbor_grid"": [""(5, 10, 15, 25, 40, 80, 160)"", ""[5, 10, 15, 25, 40, 80, 160]""], ""branch_length_optimization_apply_nonconverged"": [null, ""False""], ""branch_length_optimization_max_iterations"": [""300"", ""1000""]}",True,True
run_20260706_170815Z_full_graphtools_tree_consensus,C05,overlap_part_8c_large,ok,unsupported,1.0,,8,0,False,"{""adaptive_neighbor_grid"": [""(5, 10, 15, 25, 40, 80, 160)"", ""[5, 10, 15, 25, 40, 80, 160]""], ""branch_length_optimization_apply_nonconverged"": [null, ""False""], ""branch_length_optimization_max_iterations"": [""300"", ""1000""]}",True,True
run_20260706_170815Z_full_graphtools_tree_consensus,C05,overlap_hd_4c_1k,ok,unsupported,0.9411151334013172,,5,0,False,"{""adaptive_neighbor_grid"": [""(5, 10, 15, 25, 40, 80, 160)"", ""[5, 10, 15, 25, 40, 80, 160]""], ""branch_length_optimization_apply_nonconverged"": [null, ""False""], ""branch_length_optimization_max_iterations"": [""300"", ""1000""]}",True,True
run_20260706_170815Z_full_graphtools_tree_consensus,C05,overlap_unbal_4c_small,ok,unsupported,0.5650099413437926,,5,0,False,"{""adaptive_neighbor_grid"": [""(5, 10, 15, 25, 40, 80, 160)"", ""[5, 10, 15, 25, 40, 80, 160]""], ""branch_length_optimization_apply_nonconverged"": [null, ""False""], ""branch_length_optimization_max_iterations"": [""300"", ""1000""]}",True,True
run_20260706_170815Z_full_graphtools_tree_consensus,C05,overlap_unbal_6c_med,ok,unsupported,0.9963655612373828,,6,0,False,"{""adaptive_neighbor_grid"": [""(5, 10, 15, 25, 40, 80, 160)"", ""[5, 10, 15, 25, 40, 80, 160]""], ""branch_length_optimization_apply_nonconverged"": [null, ""False""], ""branch_length_optimization_max_iterations"": [""300"", ""1000""]}",True,True
run_20260706_170815Z_full_graphtools_tree_consensus,C05,overlap_unbal_8c_large,ok,unsupported,0.9922125036667706,,8,0,False,"{""adaptive_neighbor_grid"": [""(5, 10, 15, 25, 40, 80, 160)"", ""[5, 10, 15, 25, 40, 80, 160]""], ""branch_length_optimization_apply_nonconverged"": [null, ""False""], ""branch_length_optimization_max_iterations"": [""300"", ""1000""]}",True,True
run_20260706_170815Z_full_graphtools_tree_consensus,C05,gauss_overlap_3c_small,ok,unsupported,1.0,,3,0,False,"{""adaptive_neighbor_grid"": [""(5, 10, 15, 25, 40, 80, 160)"", ""[5, 10, 15, 25, 40, 80, 160]""], ""branch_length_optimization_apply_nonconverged"": [null, ""False""], ""branch_length_optimization_max_iterations"": [""300"", ""1000""]}",True,True
run_20260706_170815Z_full_graphtools_tree_consensus,C05,gauss_overlap_4c_med,ok,unsupported,1.0,,4,0,False,"{""adaptive_neighbor_grid"": [""(5, 10, 15, 25, 40, 80, 160)"", ""[5, 10, 15, 25, 40, 80, 160]""], ""branch_length_optimization_apply_nonconverged"": [null, ""False""], ""branch_length_optimization_max_iterations"": [""300"", ""1000""]}",True,True
run_20260706_170815Z_full_graphtools_tree_consensus,C05,gauss_overlap_6c_large,ok,unsupported,1.0,,6,0,False,"{""adaptive_neighbor_grid"": [""(5, 10, 15, 25, 40, 80, 160)"", ""[5, 10, 15, 25, 40, 80, 160]""], ""branch_length_optimization_apply_nonconverged"": [null, ""False""], ""branch_length_optimization_max_iterations"": [""300"", ""1000""]}",True,True
run_20260706_170815Z_full_graphtools_tree_consensus,C05,gauss_overlap_8c_highd,ok,unsupported,1.0,,8,0,False,"{""adaptive_neighbor_grid"": [""(5, 10, 15, 25, 40, 80, 160)"", ""[5, 10, 15, 25, 40, 80, 160]""], ""branch_length_optimization_apply_nonconverged"": [null, ""False""], ""branch_length_optimization_max_iterations"": [""300"", ""1000""]}",True,True
run_20260706_170815Z_full_graphtools_tree_consensus,C05,gauss_overlap_extreme_4c,ok,unsupported,1.0,,4,0,False,"{""adaptive_neighbor_grid"": [""(5, 10, 15, 25, 40, 80, 160)"", ""[5, 10, 15, 25, 40, 80, 160]""], ""branch_length_optimization_apply_nonconverged"": [null, ""False""], ""branch_length_optimization_max_iterations"": [""300"", ""1000""]}",True,True
run_20260706_170815Z_full_graphtools_tree_consensus,C05,gauss_overlap_extreme_6c,ok,unsupported,0.9941078599422396,,7,0,False,"{""adaptive_neighbor_grid"": [""(5, 10, 15, 25, 40, 80, 160)"", ""[5, 10, 15, 25, 40, 80, 160]""], ""branch_length_optimization_apply_nonconverged"": [null, ""False""], ""branch_length_optimization_max_iterations"": [""300"", ""1000""]}",True,True
run_20260706_170815Z_full_graphtools_tree_consensus,C05,gauss_overlap_many_10c,ok,unsupported,1.0,,10,0,False,"{""adaptive_neighbor_grid"": [""(5, 10, 15, 25, 40, 80, 160)"", ""[5, 10, 15, 25, 40, 80, 160]""], ""branch_length_optimization_apply_nonconverged"": [null, ""False""], ""branch_length_optimization_max_iterations"": [""300"", ""1000""]}",True,True
run_20260706_170815Z_full_graphtools_tree_consensus,C05,gauss_overlap_dense_8c,ok,unsupported,0.8506913186124729,,14,0,False,"{""adaptive_neighbor_grid"": [""(5, 10, 15, 25, 40, 80, 160)"", ""[5, 10, 15, 25, 40, 80, 160]""], ""branch_length_optimization_apply_nonconverged"": [null, ""False""], ""branch_length_optimization_max_iterations"": [""300"", ""1000""]}",True,True
run_20260706_170815Z_full_graphtools_tree_consensus,C05,gauss_overlap_3c_small_q3,ok,unsupported,0.9852791818914092,,4,0,False,"{""adaptive_neighbor_grid"": [""(5, 10, 15, 25, 40, 80, 160)"", ""[5, 10, 15, 25, 40, 80, 160]""], ""branch_length_optimization_apply_nonconverged"": [null, ""False""], ""branch_length_optimization_max_iterations"": [""300"", ""1000""]}",True,True
run_20260706_170815Z_full_graphtools_tree_consensus,C05,gauss_overlap_3c_small_q4,ok,unsupported,1.0,,3,0,False,"{""adaptive_neighbor_grid"": [""(5, 10, 15, 25, 40, 80, 160)"", ""[5, 10, 15, 25, 40, 80, 160]""], ""branch_length_optimization_apply_nonconverged"": [null, ""False""], ""branch_length_optimization_max_iterations"": [""300"", ""1000""]}",True,True
run_20260706_170815Z_full_graphtools_tree_consensus,C05,gauss_overlap_3c_small_q5,ok,unsupported,0.9899831669528852,,3,0,False,"{""adaptive_neighbor_grid"": [""(5, 10, 15, 25, 40, 80, 160)"", ""[5, 10, 15, 25, 40, 80, 160]""], ""branch_length_optimization_apply_nonconverged"": [null, ""False""], ""branch_length_optimization_max_iterations"": [""300"", ""1000""]}",True,True
run_20260706_170815Z_full_graphtools_tree_consensus,C05,bar_binary_balanced_4c,skip,unsupported,,,0,0,False,"{""adaptive_neighbor_grid"": [""(5, 10, 15, 25, 40, 80, 160)"", ""[5, 10, 15, 25, 40, 80, 160]""], ""branch_length_optimization_apply_nonconverged"": [null, ""False""], ""branch_length_optimization_max_iterations"": [""300"", ""1000""]}",True,True
run_20260706_170815Z_full_graphtools_tree_consensus,C05,bar_binary_unbalanced_95_5,ok,unsupported,0.7679051411325934,,2,0,False,"{""adaptive_neighbor_grid"": [""(5, 10, 15, 25, 40, 80, 160)"", ""[5, 10, 15, 25, 40, 80, 160]""], ""branch_length_optimization_apply_nonconverged"": [null, ""False""], ""branch_length_optimization_max_iterations"": [""300"", ""1000""]}",True,True
run_20260706_170815Z_full_graphtools_tree_consensus,C05,mp_spike_below_bbp_continuous,ok,ok,1.0,1.0,1,1,False,"{""adaptive_neighbor_grid"": [""(5, 10, 15, 25, 40, 80, 160)"", ""[5, 10, 15, 25, 40, 80, 160]""], ""branch_length_optimization_apply_nonconverged"": [null, ""False""], ""branch_length_optimization_max_iterations"": [""300"", ""1000""]}",True,True
run_20260706_170815Z_full_graphtools_tree_consensus,C05,mp_spike_above_bbp_continuous,ok,ok,0.0,0.0,1,1,False,"{""adaptive_neighbor_grid"": [""(5, 10, 15, 25, 40, 80, 160)"", ""[5, 10, 15, 25, 40, 80, 160]""], ""branch_length_optimization_apply_nonconverged"": [null, ""False""], ""branch_length_optimization_max_iterations"": [""300"", ""1000""]}",True,True
run_20260706_170815Z_full_graphtools_tree_consensus,C05,cat_simplex_face_rare_20cat,ok,unsupported,0.2320182860676397,,10,0,False,"{""adaptive_neighbor_grid"": [""(5, 10, 15, 25, 40, 80, 160)"", ""[5, 10, 15, 25, 40, 80, 160]""], ""branch_length_optimization_apply_nonconverged"": [null, ""False""], ""branch_length_optimization_max_iterations"": [""300"", ""1000""]}",True,True
run_20260706_170815Z_full_graphtools_tree_consensus,C05,cat_dirichlet_overdispersed_20cat,ok,unsupported,0.0,,1,0,False,"{""adaptive_neighbor_grid"": [""(5, 10, 15, 25, 40, 80, 160)"", ""[5, 10, 15, 25, 40, 80, 160]""], ""branch_length_optimization_apply_nonconverged"": [null, ""False""], ""branch_length_optimization_max_iterations"": [""300"", ""1000""]}",True,True
run_20260706_170815Z_full_graphtools_tree_consensus,C05,cont_lowrank_pggn_shrinkage,ok,unsupported,0.0,,1,0,False,"{""adaptive_neighbor_grid"": [""(5, 10, 15, 25, 40, 80, 160)"", ""[5, 10, 15, 25, 40, 80, 160]""], ""branch_length_optimization_apply_nonconverged"": [null, ""False""], ""branch_length_optimization_max_iterations"": [""300"", ""1000""]}",True,True
run_20260706_170815Z_full_graphtools_tree_consensus,C05,support_selected_only_fail_closed,ok,unsupported,1.0,,4,0,False,"{""adaptive_neighbor_grid"": [""(5, 10, 15, 25, 40, 80, 160)"", ""[5, 10, 15, 25, 40, 80, 160]""], ""branch_length_optimization_apply_nonconverged"": [null, ""False""], ""branch_length_optimization_max_iterations"": [""300"", ""1000""]}",True,True
run_20260706_170815Z_full_graphtools_tree_consensus,C05,phylo_brownian_null_16taxa,ok,ok,0.0,0.0,1,1,False,"{""adaptive_neighbor_grid"": [""(5, 10, 15, 25, 40, 80, 160)"", ""[5, 10, 15, 25, 40, 80, 160]""], ""branch_length_optimization_apply_nonconverged"": [null, ""False""], ""branch_length_optimization_max_iterations"": [""300"", ""1000""]}",True,True
run_20260706_170815Z_full_graphtools_tree_consensus,C05,traversal_deep_signal_under_same_parent,ok,unsupported,0.0,,1,0,False,"{""adaptive_neighbor_grid"": [""(5, 10, 15, 25, 40, 80, 160)"", ""[5, 10, 15, 25, 40, 80, 160]""], ""branch_length_optimization_apply_nonconverged"": [null, ""False""], ""branch_length_optimization_max_iterations"": [""300"", ""1000""]}",True,True
run_20260706_170815Z_full_graphtools_tree_consensus,C05,traversal_deep_branch_recovery_stress,ok,unsupported,1.0,,6,0,False,"{""adaptive_neighbor_grid"": [""(5, 10, 15, 25, 40, 80, 160)"", ""[5, 10, 15, 25, 40, 80, 160]""], ""branch_length_optimization_apply_nonconverged"": [null, ""False""], ""branch_length_optimization_max_iterations"": [""300"", ""1000""]}",True,True
run_20260706_170815Z_full_graphtools_tree_consensus,C06,gauss_extreme_noise_3c,ok,unsupported,1.0,,3,0,False,"{""branch_length_optimization_apply_nonconverged"": [null, ""False""], ""branch_length_optimization_max_iterations"": [""300"", ""1000""]}",True,True
run_20260706_170815Z_full_graphtools_tree_consensus,C06,gauss_extreme_noise_many,ok,unsupported,0.3192503207448656,,162,0,False,"{""adaptive_neighbor_grid"": [""(5, 10, 15, 25, 40, 80, 160)"", ""[5, 10, 15, 25, 40, 80, 160]""], ""branch_length_optimization_apply_nonconverged"": [null, ""False""], ""branch_length_optimization_max_iterations"": [""300"", ""1000""]}",True,True
run_20260706_170815Z_full_graphtools_tree_consensus,C06,gauss_clear_small,ok,unsupported,1.0,,3,0,False,"{""adaptive_neighbor_grid"": [""(5, 10, 15, 25, 40, 80, 160)"", ""[5, 10, 15, 25, 40, 80, 160]""], ""branch_length_optimization_apply_nonconverged"": [null, ""False""], ""branch_length_optimization_max_iterations"": [""300"", ""1000""]}",True,True
run_20260706_170815Z_full_graphtools_tree_consensus,C06,gauss_clear_medium,ok,unsupported,1.0,,4,0,False,"{""adaptive_neighbor_grid"": [""(5, 10, 15, 25, 40, 80, 160)"", ""[5, 10, 15, 25, 40, 80, 160]""], ""branch_length_optimization_apply_nonconverged"": [null, ""False""], ""branch_length_optimization_max_iterations"": [""300"", ""1000""]}",True,True
run_20260706_170815Z_full_graphtools_tree_consensus,C06,gauss_clear_large,ok,unsupported,1.0,,5,0,False,"{""adaptive_neighbor_grid"": [""(5, 10, 15, 25, 40, 80, 160)"", ""[5, 10, 15, 25, 40, 80, 160]""], ""branch_length_optimization_apply_nonconverged"": [null, ""False""], ""branch_length_optimization_max_iterations"": [""300"", ""1000""]}",True,True
run_20260706_170815Z_full_graphtools_tree_consensus,C06,gauss_moderate_3c,ok,unsupported,1.0,,3,0,False,"{""adaptive_neighbor_grid"": [""(5, 10, 15, 25, 40, 80, 160)"", ""[5, 10, 15, 25, 40, 80, 160]""], ""branch_length_optimization_apply_nonconverged"": [null, ""False""], ""branch_length_optimization_max_iterations"": [""300"", ""1000""]}",True,True
run_20260706_170815Z_full_graphtools_tree_consensus,C06,gauss_moderate_5c,ok,unsupported,1.0,,5,0,False,"{""adaptive_neighbor_grid"": [""(5, 10, 15, 25, 40, 80, 160)"", ""[5, 10, 15, 25, 40, 80, 160]""], ""branch_length_optimization_apply_nonconverged"": [null, ""False""], ""branch_length_optimization_max_iterations"": [""300"", ""1000""]}",True,True
run_20260706_170815Z_full_graphtools_tree_consensus,C06,gauss_noisy_3c,ok,unsupported,1.0,,3,0,False,"{""adaptive_neighbor_grid"": [""(5, 10, 15, 25, 40, 80, 160)"", ""[5, 10, 15, 25, 40, 80, 160]""], ""branch_length_optimization_apply_nonconverged"": [null, ""False""], ""branch_length_optimization_max_iterations"": [""300"", ""1000""]}",True,True
run_20260706_170815Z_full_graphtools_tree_consensus,C06,gauss_noisy_many,ok,unsupported,1.0,,8,0,False,"{""adaptive_neighbor_grid"": [""(5, 10, 15, 25, 40, 80, 160)"", ""[5, 10, 15, 25, 40, 80, 160]""], ""branch_length_optimization_apply_nonconverged"": [null, ""False""], ""branch_length_optimization_max_iterations"": [""300"", ""1000""]}",True,True
run_20260706_170815Z_full_graphtools_tree_consensus,C06,gauss_null_small,ok,ok,1.0,1.0,1,1,False,"{""adaptive_neighbor_grid"": [""(5, 10, 15, 25, 40, 80, 160)"", ""[5, 10, 15, 25, 40, 80, 160]""], ""branch_length_optimization_apply_nonconverged"": [null, ""False""], ""branch_length_optimization_max_iterations"": [""300"", ""1000""]}",True,True
run_20260706_170815Z_full_graphtools_tree_consensus,C06,gauss_null_large,ok,ok,1.0,1.0,1,1,False,"{""adaptive_neighbor_grid"": [""(5, 10, 15, 25, 40, 80, 160)"", ""[5, 10, 15, 25, 40, 80, 160]""], ""branch_length_optimization_apply_nonconverged"": [null, ""False""], ""branch_length_optimization_max_iterations"": [""300"", ""1000""]}",True,True
run_20260706_170815Z_full_graphtools_tree_consensus,C06,gauss_clear_medium_continuous,ok,ok,0.0,0.0,1,1,False,"{""adaptive_neighbor_grid"": [""(5, 10, 15, 25, 40, 80, 160)"", ""[5, 10, 15, 25, 40, 80, 160]""], ""branch_length_optimization_apply_nonconverged"": [null, ""False""], ""branch_length_optimization_max_iterations"": [""300"", ""1000""]}",True,True
run_20260706_170815Z_full_graphtools_tree_consensus,C06,gauss_moderate_3c_continuous,ok,ok,0.0,0.0,1,1,False,"{""adaptive_neighbor_grid"": [""(5, 10, 15, 25, 40, 80, 160)"", ""[5, 10, 15, 25, 40, 80, 160]""], ""branch_length_optimization_apply_nonconverged"": [null, ""False""], ""branch_length_optimization_max_iterations"": [""300"", ""1000""]}",True,True
run_20260706_170815Z_full_graphtools_tree_consensus,C06,gauss_null_large_continuous,ok,ok,1.0,1.0,1,1,False,"{""adaptive_neighbor_grid"": [""(5, 10, 15, 25, 40, 80, 160)"", ""[5, 10, 15, 25, 40, 80, 160]""], ""branch_length_optimization_apply_nonconverged"": [null, ""False""], ""branch_length_optimization_max_iterations"": [""300"", ""1000""]}",True,True
run_20260706_170815Z_full_graphtools_tree_consensus,C06,dim_consolidated_4c_24f,ok,unsupported,0.0,,1,0,False,"{""adaptive_neighbor_grid"": [""(5, 10, 15, 25, 40, 80, 160)"", ""[5, 10, 15, 25, 40, 80, 160]""], ""branch_length_optimization_apply_nonconverged"": [null, ""False""], ""branch_length_optimization_max_iterations"": [""300"", ""1000""]}",True,True
run_20260706_170815Z_full_graphtools_tree_consensus,C06,dim_consolidated_4c_72f,ok,ok,0.0,0.0,1,1,False,"{""adaptive_neighbor_grid"": [""(5, 10, 15, 25, 40, 80, 160)"", ""[5, 10, 15, 25, 40, 80, 160]""], ""branch_length_optimization_apply_nonconverged"": [null, ""False""], ""branch_length_optimization_max_iterations"": [""300"", ""1000""]}",True,True
run_20260706_170815Z_full_graphtools_tree_consensus,C06,dim_consolidated_4c_272f,ok,ok,0.0,0.0,1,1,False,"{""adaptive_neighbor_grid"": [""(5, 10, 15, 25, 40, 80, 160)"", ""[5, 10, 15, 25, 40, 80, 160]""], ""branch_length_optimization_apply_nonconverged"": [null, ""False""], ""branch_length_optimization_max_iterations"": [""300"", ""1000""]}",True,True
run_20260706_170815Z_full_graphtools_tree_consensus,C06,dim_diffuse_6c_36f,ok,ok,0.0,0.0,1,1,False,"{""adaptive_neighbor_grid"": [""(5, 10, 15, 25, 40, 80, 160)"", ""[5, 10, 15, 25, 40, 80, 160]""], ""branch_length_optimization_apply_nonconverged"": [null, ""False""], ""branch_length_optimization_max_iterations"": [""300"", ""1000""]}",True,True
run_20260706_170815Z_full_graphtools_tree_consensus,C06,dim_diffuse_6c_136f,ok,ok,0.0,0.0,1,1,False,"{""adaptive_neighbor_grid"": [""(5, 10, 15, 25, 40, 80, 160)"", ""[5, 10, 15, 25, 40, 80, 160]""], ""branch_length_optimization_apply_nonconverged"": [null, ""False""], ""branch_length_optimization_max_iterations"": [""300"", ""1000""]}",True,True
run_20260706_170815Z_full_graphtools_tree_consensus,C06,dim_diffuse_6c_536f,ok,ok,0.0,0.0,1,1,False,"{""adaptive_neighbor_grid"": [""(5, 10, 15, 25, 40, 80, 160)"", ""[5, 10, 15, 25, 40, 80, 160]""], ""branch_length_optimization_apply_nonconverged"": [null, ""False""], ""branch_length_optimization_max_iterations"": [""300"", ""1000""]}",True,True
run_20260706_170815Z_full_graphtools_tree_consensus,C06,dim_consolidated_4c_24f_continuous,ok,ok,0.0,0.0,1,1,False,"{""adaptive_neighbor_grid"": [""(5, 10, 15, 25, 40, 80, 160)"", ""[5, 10, 15, 25, 40, 80, 160]""], ""branch_length_optimization_apply_nonconverged"": [null, ""False""], ""branch_length_optimization_max_iterations"": [""300"", ""1000""]}",True,True
run_20260706_170815Z_full_graphtools_tree_consensus,C06,dim_consolidated_4c_72f_continuous,ok,ok,0.0,0.0,1,1,False,"{""adaptive_neighbor_grid"": [""(5, 10, 15, 25, 40, 80, 160)"", ""[5, 10, 15, 25, 40, 80, 160]""], ""branch_length_optimization_apply_nonconverged"": [null, ""False""], ""branch_length_optimization_max_iterations"": [""300"", ""1000""]}",True,True
run_20260706_170815Z_full_graphtools_tree_consensus,C06,dim_diffuse_6c_136f_continuous,ok,ok,0.0,0.0,1,1,False,"{""adaptive_neighbor_grid"": [""(5, 10, 15, 25, 40, 80, 160)"", ""[5, 10, 15, 25, 40, 80, 160]""], ""branch_length_optimization_apply_nonconverged"": [null, ""False""], ""branch_length_optimization_max_iterations"": [""300"", ""1000""]}",True,True
run_20260706_170815Z_full_graphtools_tree_consensus,C06,gauss_single_outlier_4c,ok,unsupported,0.9915772953178132,,4,0,False,"{""adaptive_neighbor_grid"": [""(5, 10, 15, 25, 40, 80, 160)"", ""[5, 10, 15, 25, 40, 80, 160]""], ""branch_length_optimization_apply_nonconverged"": [null, ""False""], ""branch_length_optimization_max_iterations"": [""300"", ""1000""]}",True,True
run_20260706_170815Z_full_graphtools_tree_consensus,C06,gauss_outlier_cluster_4c,ok,ok,0.0,0.0,1,1,False,"{""adaptive_neighbor_grid"": [""(5, 10, 15, 25, 40, 80, 160)"", ""[5, 10, 15, 25, 40, 80, 160]""], ""branch_length_optimization_apply_nonconverged"": [null, ""False""], ""branch_length_optimization_max_iterations"": [""300"", ""1000""]}",True,True
run_20260706_170815Z_full_graphtools_tree_consensus,C06,gauss_outlier_shell_4c,ok,unsupported,0.912888363003998,,5,0,False,"{""adaptive_neighbor_grid"": [""(5, 10, 15, 25, 40, 80, 160)"", ""[5, 10, 15, 25, 40, 80, 160]""], ""branch_length_optimization_apply_nonconverged"": [null, ""False""], ""branch_length_optimization_max_iterations"": [""300"", ""1000""]}",True,True
run_20260706_170815Z_full_graphtools_tree_consensus,C06,gauss_single_outlier_4c_continuous,ok,ok,0.0,0.0,1,1,False,"{""adaptive_neighbor_grid"": [""(5, 10, 15, 25, 40, 80, 160)"", ""[5, 10, 15, 25, 40, 80, 160]""], ""branch_length_optimization_apply_nonconverged"": [null, ""False""], ""branch_length_optimization_max_iterations"": [""300"", ""1000""]}",True,True
run_20260706_170815Z_full_graphtools_tree_consensus,C06,gauss_outlier_cluster_4c_continuous,ok,ok,0.0,0.0,1,1,False,"{""adaptive_neighbor_grid"": [""(5, 10, 15, 25, 40, 80, 160)"", ""[5, 10, 15, 25, 40, 80, 160]""], ""branch_length_optimization_apply_nonconverged"": [null, ""False""], ""branch_length_optimization_max_iterations"": [""300"", ""1000""]}",True,True
run_20260706_170815Z_full_graphtools_tree_consensus,C06,binary_balanced_low_noise,ok,unsupported,1.0,,4,0,False,"{""adaptive_neighbor_grid"": [""(5, 10, 15, 25, 40, 80, 160)"", ""[5, 10, 15, 25, 40, 80, 160]""], ""branch_length_optimization_apply_nonconverged"": [null, ""False""], ""branch_length_optimization_max_iterations"": [""300"", ""1000""]}",True,True
run_20260706_170815Z_full_graphtools_tree_consensus,C06,binary_balanced_low_noise__2,ok,unsupported,1.0,,4,0,False,"{""adaptive_neighbor_grid"": [""(5, 10, 15, 25, 40, 80, 160)"", ""[5, 10, 15, 25, 40, 80, 160]""], ""branch_length_optimization_apply_nonconverged"": [null, ""False""], ""branch_length_optimization_max_iterations"": [""300"", ""1000""]}",True,True
run_20260706_170815Z_full_graphtools_tree_consensus,C06,sparse_features_72x72,ok,unsupported,1.0,,4,0,False,"{""adaptive_neighbor_grid"": [""(5, 10, 15, 25, 40, 80, 160)"", ""[5, 10, 15, 25, 40, 80, 160]""], ""branch_length_optimization_apply_nonconverged"": [null, ""False""], ""branch_length_optimization_max_iterations"": [""300"", ""1000""]}",True,True
run_20260706_170815Z_full_graphtools_tree_consensus,C06,sparse_features_100x500,ok,unsupported,1.0,,4,0,False,"{""adaptive_neighbor_grid"": [""(5, 10, 15, 25, 40, 80, 160)"", ""[5, 10, 15, 25, 40, 80, 160]""], ""branch_length_optimization_apply_nonconverged"": [null, ""False""], ""branch_length_optimization_max_iterations"": [""300"", ""1000""]}",True,True
run_20260706_170815Z_full_graphtools_tree_consensus,C06,binary_perfect_2c,ok,unsupported,1.0,,2,0,False,"{""adaptive_neighbor_grid"": [""(5, 10, 15, 25, 40, 80, 160)"", ""[5, 10, 15, 25, 40, 80, 160]""], ""branch_length_optimization_apply_nonconverged"": [null, ""False""], ""branch_length_optimization_max_iterations"": [""300"", ""1000""]}",True,True
run_20260706_170815Z_full_graphtools_tree_consensus,C06,binary_perfect_4c,ok,unsupported,0.968302795238732,,5,0,False,"{""adaptive_neighbor_grid"": [""(5, 10, 15, 25, 40, 80, 160)"", ""[5, 10, 15, 25, 40, 80, 160]""], ""branch_length_optimization_apply_nonconverged"": [null, ""False""], ""branch_length_optimization_max_iterations"": [""300"", ""1000""]}",True,True
run_20260706_170815Z_full_graphtools_tree_consensus,C06,binary_perfect_8c,ok,unsupported,1.0,,8,0,False,"{""adaptive_neighbor_grid"": [""(5, 10, 15, 25, 40, 80, 160)"", ""[5, 10, 15, 25, 40, 80, 160]""], ""branch_length_optimization_apply_nonconverged"": [null, ""False""], ""branch_length_optimization_max_iterations"": [""300"", ""1000""]}",True,True
run_20260706_170815Z_full_graphtools_tree_consensus,C06,binary_low_noise_2c,ok,unsupported,1.0,,2,0,False,"{""adaptive_neighbor_grid"": [""(5, 10, 15, 25, 40, 80, 160)"", ""[5, 10, 15, 25, 40, 80, 160]""], ""branch_length_optimization_apply_nonconverged"": [null, ""False""], ""branch_length_optimization_max_iterations"": [""300"", ""1000""]}",True,True
run_20260706_170815Z_full_graphtools_tree_consensus,C06,binary_low_noise_4c,ok,unsupported,0.968302795238732,,5,0,False,"{""adaptive_neighbor_grid"": [""(5, 10, 15, 25, 40, 80, 160)"", ""[5, 10, 15, 25, 40, 80, 160]""], ""branch_length_optimization_apply_nonconverged"": [null, ""False""], ""branch_length_optimization_max_iterations"": [""300"", ""1000""]}",True,True
run_20260706_170815Z_full_graphtools_tree_consensus,C06,binary_low_noise_8c,ok,unsupported,1.0,,8,0,False,"{""adaptive_neighbor_grid"": [""(5, 10, 15, 25, 40, 80, 160)"", ""[5, 10, 15, 25, 40, 80, 160]""], ""branch_length_optimization_apply_nonconverged"": [null, ""False""], ""branch_length_optimization_max_iterations"": [""300"", ""1000""]}",True,True
run_20260706_170815Z_full_graphtools_tree_consensus,C06,binary_low_noise_12c,ok,unsupported,1.0,,12,0,False,"{""adaptive_neighbor_grid"": [""(5, 10, 15, 25, 40, 80, 160)"", ""[5, 10, 15, 25, 40, 80, 160]""], ""branch_length_optimization_apply_nonconverged"": [null, ""False""], ""branch_length_optimization_max_iterations"": [""300"", ""1000""]}",True,True
run_20260706_170815Z_full_graphtools_tree_consensus,C06,binary_moderate_4c,ok,unsupported,1.0,,4,0,False,"{""adaptive_neighbor_grid"": [""(5, 10, 15, 25, 40, 80, 160)"", ""[5, 10, 15, 25, 40, 80, 160]""], ""branch_length_optimization_apply_nonconverged"": [null, ""False""], ""branch_length_optimization_max_iterations"": [""300"", ""1000""]}",True,True
run_20260706_170815Z_full_graphtools_tree_consensus,C06,binary_moderate_6c,ok,unsupported,1.0,,6,0,False,"{""adaptive_neighbor_grid"": [""(5, 10, 15, 25, 40, 80, 160)"", ""[5, 10, 15, 25, 40, 80, 160]""], ""branch_length_optimization_apply_nonconverged"": [null, ""False""], ""branch_length_optimization_max_iterations"": [""300"", ""1000""]}",True,True
run_20260706_170815Z_full_graphtools_tree_consensus,C06,binary_moderate_8c,ok,unsupported,1.0,,8,0,False,"{""adaptive_neighbor_grid"": [""(5, 10, 15, 25, 40, 80, 160)"", ""[5, 10, 15, 25, 40, 80, 160]""], ""branch_length_optimization_apply_nonconverged"": [null, ""False""], ""branch_length_optimization_max_iterations"": [""300"", ""1000""]}",True,True
run_20260706_170815Z_full_graphtools_tree_consensus,C06,binary_hard_4c,ok,unsupported,1.0,,4,0,False,"{""adaptive_neighbor_grid"": [""(5, 10, 15, 25, 40, 80, 160)"", ""[5, 10, 15, 25, 40, 80, 160]""], ""branch_length_optimization_apply_nonconverged"": [null, ""False""], ""branch_length_optimization_max_iterations"": [""300"", ""1000""]}",True,True
run_20260706_170815Z_full_graphtools_tree_consensus,C06,binary_hard_8c,ok,unsupported,1.0,,8,0,False,"{""adaptive_neighbor_grid"": [""(5, 10, 15, 25, 40, 80, 160)"", ""[5, 10, 15, 25, 40, 80, 160]""], ""branch_length_optimization_apply_nonconverged"": [null, ""False""], ""branch_length_optimization_max_iterations"": [""300"", ""1000""]}",True,True
run_20260706_170815Z_full_graphtools_tree_consensus,C06,binary_unbalanced_low,ok,unsupported,1.0,,4,0,False,"{""adaptive_neighbor_grid"": [""(5, 10, 15, 25, 40, 80, 160)"", ""[5, 10, 15, 25, 40, 80, 160]""], ""branch_length_optimization_apply_nonconverged"": [null, ""False""], ""branch_length_optimization_max_iterations"": [""300"", ""1000""]}",True,True
run_20260706_170815Z_full_graphtools_tree_consensus,C06,binary_unbalanced_med,ok,unsupported,1.0,,6,0,False,"{""adaptive_neighbor_grid"": [""(5, 10, 15, 25, 40, 80, 160)"", ""[5, 10, 15, 25, 40, 80, 160]""], ""branch_length_optimization_apply_nonconverged"": [null, ""False""], ""branch_length_optimization_max_iterations"": [""300"", ""1000""]}",True,True
run_20260706_170815Z_full_graphtools_tree_consensus,C06,binary_2clusters,ok,unsupported,1.0,,2,0,False,"{""adaptive_neighbor_grid"": [""(5, 10, 15, 25, 40, 80, 160)"", ""[5, 10, 15, 25, 40, 80, 160]""], ""branch_length_optimization_apply_nonconverged"": [null, ""False""], ""branch_length_optimization_max_iterations"": [""300"", ""1000""]}",True,True
run_20260706_170815Z_full_graphtools_tree_consensus,C06,binary_many_features,ok,unsupported,1.0,,4,0,False,"{""adaptive_neighbor_grid"": [""(5, 10, 15, 25, 40, 80, 160)"", ""[5, 10, 15, 25, 40, 80, 160]""], ""branch_length_optimization_apply_nonconverged"": [null, ""False""], ""branch_length_optimization_max_iterations"": [""300"", ""1000""]}",True,True
run_20260706_170815Z_full_graphtools_tree_consensus,C06,binary_many_clusters,ok,unsupported,1.0,,15,0,False,"{""adaptive_neighbor_grid"": [""(5, 10, 15, 25, 40, 80, 160)"", ""[5, 10, 15, 25, 40, 80, 160]""], ""branch_length_optimization_apply_nonconverged"": [null, ""False""], ""branch_length_optimization_max_iterations"": [""300"", ""1000""]}",True,True
run_20260706_170815Z_full_graphtools_tree_consensus,C06,binary_null_small,ok,ok,1.0,1.0,1,1,False,"{""adaptive_neighbor_grid"": [""(5, 10, 15, 25, 40, 80, 160)"", ""[5, 10, 15, 25, 40, 80, 160]""], ""branch_length_optimization_apply_nonconverged"": [null, ""False""], ""branch_length_optimization_max_iterations"": [""300"", ""1000""]}",True,True
run_20260706_170815Z_full_graphtools_tree_consensus,C06,binary_null_medium,ok,ok,1.0,1.0,1,1,False,"{""adaptive_neighbor_grid"": [""(5, 10, 15, 25, 40, 80, 160)"", ""[5, 10, 15, 25, 40, 80, 160]""], ""branch_length_optimization_apply_nonconverged"": [null, ""False""], ""branch_length_optimization_max_iterations"": [""300"", ""1000""]}",True,True
run_20260706_170815Z_full_graphtools_tree_consensus,C06,binary_multiscale_4c,ok,unsupported,1.0,,4,0,False,"{""adaptive_neighbor_grid"": [""(5, 10, 15, 25, 40, 80, 160)"", ""[5, 10, 15, 25, 40, 80, 160]""], ""branch_length_optimization_apply_nonconverged"": [null, ""False""], ""branch_length_optimization_max_iterations"": [""300"", ""1000""]}",True,True
run_20260706_170815Z_full_graphtools_tree_consensus,C06,binary_multiscale_6c,ok,unsupported,1.0,,6,0,False,"{""adaptive_neighbor_grid"": [""(5, 10, 15, 25, 40, 80, 160)"", ""[5, 10, 15, 25, 40, 80, 160]""], ""branch_length_optimization_apply_nonconverged"": [null, ""False""], ""branch_length_optimization_max_iterations"": [""300"", ""1000""]}",True,True
run_20260706_170815Z_full_graphtools_tree_consensus,C06,binary_noise_feat_50i_200n,ok,unsupported,1.0,,4,0,False,"{""adaptive_neighbor_grid"": [""(5, 10, 15, 25, 40, 80, 160)"", ""[5, 10, 15, 25, 40, 80, 160]""], ""branch_length_optimization_apply_nonconverged"": [null, ""False""], ""branch_length_optimization_max_iterations"": [""300"", ""1000""]}",True,True
run_20260706_170815Z_full_graphtools_tree_consensus,C06,binary_noise_feat_80i_400n,ok,unsupported,1.0,,6,0,False,"{""adaptive_neighbor_grid"": [""(5, 10, 15, 25, 40, 80, 160)"", ""[5, 10, 15, 25, 40, 80, 160]""], ""branch_length_optimization_apply_nonconverged"": [null, ""False""], ""branch_length_optimization_max_iterations"": [""300"", ""1000""]}",True,True
run_20260706_170815Z_full_graphtools_tree_consensus,C06,binary_noise_feat_30i_500n,ok,unsupported,1.0,,3,0,False,"{""adaptive_neighbor_grid"": [""(5, 10, 15, 25, 40, 80, 160)"", ""[5, 10, 15, 25, 40, 80, 160]""], ""branch_length_optimization_apply_nonconverged"": [null, ""False""], ""branch_length_optimization_max_iterations"": [""300"", ""1000""]}",True,True
run_20260706_170815Z_full_graphtools_tree_consensus,C06,sbm_clear_small,ok,unsupported,0.0221989129398302,,4,0,False,"{""adaptive_neighbor_grid"": [""(5, 10, 15, 25, 40, 80, 160)"", ""[5, 10, 15, 25, 40, 80, 160]""], ""branch_length_optimization_apply_nonconverged"": [null, ""False""], ""branch_length_optimization_max_iterations"": [""300"", ""1000""]}",True,True
run_20260706_170815Z_full_graphtools_tree_consensus,C06,sbm_moderate,ok,ok,0.0,0.0,1,1,False,"{""adaptive_neighbor_grid"": [""(5, 10, 15, 25, 40, 80, 160)"", ""[5, 10, 15, 25, 40, 80, 160]""], ""branch_length_optimization_apply_nonconverged"": [null, ""False""], ""branch_length_optimization_max_iterations"": [""300"", ""1000""]}",True,True
run_20260706_170815Z_full_graphtools_tree_consensus,C06,sbm_hard,ok,unsupported,0.0,,1,0,False,"{""adaptive_neighbor_grid"": [""(5, 10, 15, 25, 40, 80, 160)"", ""[5, 10, 15, 25, 40, 80, 160]""], ""branch_length_optimization_apply_nonconverged"": [null, ""False""], ""branch_length_optimization_max_iterations"": [""300"", ""1000""]}",True,True
run_20260706_170815Z_full_graphtools_tree_consensus,C06,cat_clear_3cat_4c,ok,unsupported,1.0,,4,0,False,"{""adaptive_neighbor_grid"": [""(5, 10, 15, 25, 40, 80, 160)"", ""[5, 10, 15, 25, 40, 80, 160]""], ""branch_length_optimization_apply_nonconverged"": [null, ""False""], ""branch_length_optimization_max_iterations"": [""300"", ""1000""]}",True,True
run_20260706_170815Z_full_graphtools_tree_consensus,C06,cat_clear_4cat_4c,ok,unsupported,1.0,,4,0,False,"{""adaptive_neighbor_grid"": [""(5, 10, 15, 25, 40, 80, 160)"", ""[5, 10, 15, 25, 40, 80, 160]""], ""branch_length_optimization_apply_nonconverged"": [null, ""False""], ""branch_length_optimization_max_iterations"": [""300"", ""1000""]}",True,True
run_20260706_170815Z_full_graphtools_tree_consensus,C06,cat_clear_5cat_6c,ok,unsupported,1.0,,6,0,False,"{""adaptive_neighbor_grid"": [""(5, 10, 15, 25, 40, 80, 160)"", ""[5, 10, 15, 25, 40, 80, 160]""], ""branch_length_optimization_apply_nonconverged"": [null, ""False""], ""branch_length_optimization_max_iterations"": [""300"", ""1000""]}",True,True
run_20260706_170815Z_full_graphtools_tree_consensus,C06,cat_mod_3cat_4c,ok,unsupported,0.935142422764694,,4,0,False,"{""adaptive_neighbor_grid"": [""(5, 10, 15, 25, 40, 80, 160)"", ""[5, 10, 15, 25, 40, 80, 160]""], ""branch_length_optimization_apply_nonconverged"": [null, ""False""], ""branch_length_optimization_max_iterations"": [""300"", ""1000""]}",True,True
run_20260706_170815Z_full_graphtools_tree_consensus,C06,cat_mod_4cat_6c,ok,unsupported,1.0,,6,0,False,"{""adaptive_neighbor_grid"": [""(5, 10, 15, 25, 40, 80, 160)"", ""[5, 10, 15, 25, 40, 80, 160]""], ""branch_length_optimization_apply_nonconverged"": [null, ""False""], ""branch_length_optimization_max_iterations"": [""300"", ""1000""]}",True,True
run_20260706_170815Z_full_graphtools_tree_consensus,C06,cat_highcard_10cat_4c,ok,unsupported,0.986598879940902,,4,0,False,"{""adaptive_neighbor_grid"": [""(5, 10, 15, 25, 40, 80, 160)"", ""[5, 10, 15, 25, 40, 80, 160]""], ""branch_length_optimization_apply_nonconverged"": [null, ""False""], ""branch_length_optimization_max_iterations"": [""300"", ""1000""]}",True,True
run_20260706_170815Z_full_graphtools_tree_consensus,C06,cat_highcard_20cat_4c,ok,unsupported,0.6504274774808646,,4,0,False,"{""adaptive_neighbor_grid"": [""(5, 10, 15, 25, 40, 80, 160)"", ""[5, 10, 15, 25, 40, 80, 160]""], ""branch_length_optimization_apply_nonconverged"": [null, ""False""], ""branch_length_optimization_max_iterations"": [""300"", ""1000""]}",True,True
run_20260706_170815Z_full_graphtools_tree_consensus,C06,cat_unbal_3cat_4c,ok,unsupported,0.9809920929302728,,4,0,False,"{""adaptive_neighbor_grid"": [""(5, 10, 15, 25, 40, 80, 160)"", ""[5, 10, 15, 25, 40, 80, 160]""], ""branch_length_optimization_apply_nonconverged"": [null, ""False""], ""branch_length_optimization_max_iterations"": [""300"", ""1000""]}",True,True
run_20260706_170815Z_full_graphtools_tree_consensus,C06,cat_overlap_3cat_4c,ok,unsupported,0.712742980561555,,3,0,False,"{""adaptive_neighbor_grid"": [""(5, 10, 15, 25, 40, 80, 160)"", ""[5, 10, 15, 25, 40, 80, 160]""], ""branch_length_optimization_apply_nonconverged"": [null, ""False""], ""branch_length_optimization_max_iterations"": [""300"", ""1000""]}",True,True
run_20260706_170815Z_full_graphtools_tree_consensus,C06,cat_highd_3cat_500feat,ok,unsupported,1.0,,4,0,False,"{""adaptive_neighbor_grid"": [""(5, 10, 15, 25, 40, 80, 160)"", ""[5, 10, 15, 25, 40, 80, 160]""], ""branch_length_optimization_apply_nonconverged"": [null, ""False""], ""branch_length_optimization_max_iterations"": [""300"", ""1000""]}",True,True
run_20260706_170815Z_full_graphtools_tree_consensus,C06,cat_highd_4cat_1000feat,ok,unsupported,1.0,,6,0,False,"{""adaptive_neighbor_grid"": [""(5, 10, 15, 25, 40, 80, 160)"", ""[5, 10, 15, 25, 40, 80, 160]""], ""branch_length_optimization_apply_nonconverged"": [null, ""False""], ""branch_length_optimization_max_iterations"": [""300"", ""1000""]}",True,True
run_20260706_170815Z_full_graphtools_tree_consensus,C06,phylo_dna_4taxa_low_mut,ok,unsupported,1.0,,4,0,False,"{""adaptive_neighbor_grid"": [""(5, 10, 15, 25, 40, 80, 160)"", ""[5, 10, 15, 25, 40, 80, 160]""], ""branch_length_optimization_apply_nonconverged"": [null, ""False""], ""branch_length_optimization_max_iterations"": [""300"", ""1000""]}",True,True
run_20260706_170815Z_full_graphtools_tree_consensus,C06,phylo_dna_8taxa_low_mut,ok,unsupported,1.0,,8,0,False,"{""adaptive_neighbor_grid"": [""(5, 10, 15, 25, 40, 80, 160)"", ""[5, 10, 15, 25, 40, 80, 160]""], ""branch_length_optimization_apply_nonconverged"": [null, ""False""], ""branch_length_optimization_max_iterations"": [""300"", ""1000""]}",True,True
run_20260706_170815Z_full_graphtools_tree_consensus,C06,phylo_dna_8taxa_med_mut,ok,unsupported,1.0,,8,0,False,"{""adaptive_neighbor_grid"": [""(5, 10, 15, 25, 40, 80, 160)"", ""[5, 10, 15, 25, 40, 80, 160]""], ""branch_length_optimization_apply_nonconverged"": [null, ""False""], ""branch_length_optimization_max_iterations"": [""300"", ""1000""]}",True,True
run_20260706_170815Z_full_graphtools_tree_consensus,C06,phylo_dna_16taxa_low_mut,ok,unsupported,0.9885035355235942,,17,0,False,"{""adaptive_neighbor_grid"": [""(5, 10, 15, 25, 40, 80, 160)"", ""[5, 10, 15, 25, 40, 80, 160]""], ""branch_length_optimization_apply_nonconverged"": [null, ""False""], ""branch_length_optimization_max_iterations"": [""300"", ""1000""]}",True,True
run_20260706_170815Z_full_graphtools_tree_consensus,C06,phylo_protein_4taxa,ok,unsupported,1.0,,4,0,False,"{""adaptive_neighbor_grid"": [""(5, 10, 15, 25, 40, 80, 160)"", ""[5, 10, 15, 25, 40, 80, 160]""], ""branch_length_optimization_apply_nonconverged"": [null, ""False""], ""branch_length_optimization_max_iterations"": [""300"", ""1000""]}",True,True
run_20260706_170815Z_full_graphtools_tree_consensus,C06,phylo_protein_8taxa,ok,unsupported,1.0,,8,0,False,"{""adaptive_neighbor_grid"": [""(5, 10, 15, 25, 40, 80, 160)"", ""[5, 10, 15, 25, 40, 80, 160]""], ""branch_length_optimization_apply_nonconverged"": [null, ""False""], ""branch_length_optimization_max_iterations"": [""300"", ""1000""]}",True,True
run_20260706_170815Z_full_graphtools_tree_consensus,C06,phylo_protein_12taxa,ok,unsupported,1.0,,12,0,False,"{""adaptive_neighbor_grid"": [""(5, 10, 15, 25, 40, 80, 160)"", ""[5, 10, 15, 25, 40, 80, 160]""], ""branch_length_optimization_apply_nonconverged"": [null, ""False""], ""branch_length_optimization_max_iterations"": [""300"", ""1000""]}",True,True
run_20260706_170815Z_full_graphtools_tree_consensus,C06,phylo_divergent_4taxa,ok,unsupported,1.0,,4,0,False,"{""adaptive_neighbor_grid"": [""(5, 10, 15, 25, 40, 80, 160)"", ""[5, 10, 15, 25, 40, 80, 160]""], ""branch_length_optimization_apply_nonconverged"": [null, ""False""], ""branch_length_optimization_max_iterations"": [""300"", ""1000""]}",True,True
run_20260706_170815Z_full_graphtools_tree_consensus,C06,phylo_divergent_8taxa,ok,unsupported,0.9678506436611176,,9,0,False,"{""adaptive_neighbor_grid"": [""(5, 10, 15, 25, 40, 80, 160)"", ""[5, 10, 15, 25, 40, 80, 160]""], ""branch_length_optimization_apply_nonconverged"": [null, ""False""], ""branch_length_optimization_max_iterations"": [""300"", ""1000""]}",True,True
run_20260706_170815Z_full_graphtools_tree_consensus,C06,phylo_conserved_4taxa,ok,unsupported,0.7699190932478281,,7,0,False,"{""adaptive_neighbor_grid"": [""(5, 10, 15, 25, 40, 80, 160)"", ""[5, 10, 15, 25, 40, 80, 160]""], ""branch_length_optimization_apply_nonconverged"": [null, ""False""], ""branch_length_optimization_max_iterations"": [""300"", ""1000""]}",True,True
run_20260706_170815Z_full_graphtools_tree_consensus,C06,phylo_conserved_8taxa,ok,unsupported,1.0,,8,0,False,"{""adaptive_neighbor_grid"": [""(5, 10, 15, 25, 40, 80, 160)"", ""[5, 10, 15, 25, 40, 80, 160]""], ""branch_length_optimization_apply_nonconverged"": [null, ""False""], ""branch_length_optimization_max_iterations"": [""300"", ""1000""]}",True,True
run_20260706_170815Z_full_graphtools_tree_consensus,C06,phylo_large_32taxa,ok,unsupported,1.0,,32,0,False,"{""adaptive_neighbor_grid"": [""(5, 10, 15, 25, 40, 80, 160)"", ""[5, 10, 15, 25, 40, 80, 160]""], ""branch_length_optimization_apply_nonconverged"": [null, ""False""], ""branch_length_optimization_max_iterations"": [""300"", ""1000""]}",True,True
run_20260706_170815Z_full_graphtools_tree_consensus,C06,phylo_large_64taxa,ok,unsupported,0.8319866211875352,,102,0,False,"{""adaptive_neighbor_grid"": [""(5, 10, 15, 25, 40, 80, 160)"", ""[5, 10, 15, 25, 40, 80, 160]""], ""branch_length_optimization_apply_nonconverged"": [null, ""False""], ""branch_length_optimization_max_iterations"": [""300"", ""1000""]}",True,True
run_20260706_170815Z_full_graphtools_tree_consensus,C06,overlap_heavy_4c_small_feat,ok,unsupported,0.0,,1,0,False,"{""adaptive_neighbor_grid"": [""(5, 10, 15, 25, 40, 80, 160)"", ""[5, 10, 15, 25, 40, 80, 160]""], ""branch_length_optimization_apply_nonconverged"": [null, ""False""], ""branch_length_optimization_max_iterations"": [""300"", ""1000""]}",True,True
run_20260706_170815Z_full_graphtools_tree_consensus,C06,overlap_heavy_4c_med_feat,ok,ok,0.0,0.0,1,1,False,"{""adaptive_neighbor_grid"": [""(5, 10, 15, 25, 40, 80, 160)"", ""[5, 10, 15, 25, 40, 80, 160]""], ""branch_length_optimization_apply_nonconverged"": [null, ""False""], ""branch_length_optimization_max_iterations"": [""300"", ""1000""]}",True,True
run_20260706_170815Z_full_graphtools_tree_consensus,C06,overlap_heavy_8c_large_feat,ok,unsupported,0.0,,1,0,False,"{""adaptive_neighbor_grid"": [""(5, 10, 15, 25, 40, 80, 160)"", ""[5, 10, 15, 25, 40, 80, 160]""], ""branch_length_optimization_apply_nonconverged"": [null, ""False""], ""branch_length_optimization_max_iterations"": [""300"", ""1000""]}",True,True
run_20260706_170815Z_full_graphtools_tree_consensus,C06,overlap_extreme_4c,ok,ok,0.0,0.0,1,1,False,"{""adaptive_neighbor_grid"": [""(5, 10, 15, 25, 40, 80, 160)"", ""[5, 10, 15, 25, 40, 80, 160]""], ""branch_length_optimization_apply_nonconverged"": [null, ""False""], ""branch_length_optimization_max_iterations"": [""300"", ""1000""]}",True,True
run_20260706_170815Z_full_graphtools_tree_consensus,C06,overlap_mod_4c_small,ok,ok,0.0,0.0,1,1,False,"{""adaptive_neighbor_grid"": [""(5, 10, 15, 25, 40, 80, 160)"", ""[5, 10, 15, 25, 40, 80, 160]""], ""branch_length_optimization_apply_nonconverged"": [null, ""False""], ""branch_length_optimization_max_iterations"": [""300"", ""1000""]}",True,True
run_20260706_170815Z_full_graphtools_tree_consensus,C06,overlap_mod_6c_med,ok,unsupported,0.8223079204983684,,5,0,False,"{""adaptive_neighbor_grid"": [""(5, 10, 15, 25, 40, 80, 160)"", ""[5, 10, 15, 25, 40, 80, 160]""], ""branch_length_optimization_apply_nonconverged"": [null, ""False""], ""branch_length_optimization_max_iterations"": [""300"", ""1000""]}",True,True
run_20260706_170815Z_full_graphtools_tree_consensus,C06,overlap_mod_8c_large,ok,unsupported,1.0,,8,0,False,"{""adaptive_neighbor_grid"": [""(5, 10, 15, 25, 40, 80, 160)"", ""[5, 10, 15, 25, 40, 80, 160]""], ""branch_length_optimization_apply_nonconverged"": [null, ""False""], ""branch_length_optimization_max_iterations"": [""300"", ""1000""]}",True,True
run_20260706_170815Z_full_graphtools_tree_consensus,C06,overlap_part_4c_small,ok,unsupported,0.7094829374349906,,3,0,False,"{""adaptive_neighbor_grid"": [""(5, 10, 15, 25, 40, 80, 160)"", ""[5, 10, 15, 25, 40, 80, 160]""], ""branch_length_optimization_apply_nonconverged"": [null, ""False""], ""branch_length_optimization_max_iterations"": [""300"", ""1000""]}",True,True
run_20260706_170815Z_full_graphtools_tree_consensus,C06,overlap_part_6c_med,ok,unsupported,1.0,,6,0,False,"{""adaptive_neighbor_grid"": [""(5, 10, 15, 25, 40, 80, 160)"", ""[5, 10, 15, 25, 40, 80, 160]""], ""branch_length_optimization_apply_nonconverged"": [null, ""False""], ""branch_length_optimization_max_iterations"": [""300"", ""1000""]}",True,True
run_20260706_170815Z_full_graphtools_tree_consensus,C06,overlap_part_8c_large,ok,unsupported,1.0,,8,0,False,"{""adaptive_neighbor_grid"": [""(5, 10, 15, 25, 40, 80, 160)"", ""[5, 10, 15, 25, 40, 80, 160]""], ""branch_length_optimization_apply_nonconverged"": [null, ""False""], ""branch_length_optimization_max_iterations"": [""300"", ""1000""]}",True,True
run_20260706_170815Z_full_graphtools_tree_consensus,C06,overlap_hd_4c_1k,ok,unsupported,0.0,,1,0,False,"{""adaptive_neighbor_grid"": [""(5, 10, 15, 25, 40, 80, 160)"", ""[5, 10, 15, 25, 40, 80, 160]""], ""branch_length_optimization_apply_nonconverged"": [null, ""False""], ""branch_length_optimization_max_iterations"": [""300"", ""1000""]}",True,True
run_20260706_170815Z_full_graphtools_tree_consensus,C06,overlap_unbal_4c_small,ok,ok,0.0,0.0,1,1,False,"{""adaptive_neighbor_grid"": [""(5, 10, 15, 25, 40, 80, 160)"", ""[5, 10, 15, 25, 40, 80, 160]""], ""branch_length_optimization_apply_nonconverged"": [null, ""False""], ""branch_length_optimization_max_iterations"": [""300"", ""1000""]}",True,True
run_20260706_170815Z_full_graphtools_tree_consensus,C06,overlap_unbal_6c_med,ok,unsupported,0.8513650719909633,,5,0,False,"{""adaptive_neighbor_grid"": [""(5, 10, 15, 25, 40, 80, 160)"", ""[5, 10, 15, 25, 40, 80, 160]""], ""branch_length_optimization_apply_nonconverged"": [null, ""False""], ""branch_length_optimization_max_iterations"": [""300"", ""1000""]}",True,True
run_20260706_170815Z_full_graphtools_tree_consensus,C06,overlap_unbal_8c_large,ok,unsupported,1.0,,8,0,False,"{""adaptive_neighbor_grid"": [""(5, 10, 15, 25, 40, 80, 160)"", ""[5, 10, 15, 25, 40, 80, 160]""], ""branch_length_optimization_apply_nonconverged"": [null, ""False""], ""branch_length_optimization_max_iterations"": [""300"", ""1000""]}",True,True
run_20260706_170815Z_full_graphtools_tree_consensus,C06,gauss_overlap_3c_small,ok,unsupported,1.0,,3,0,False,"{""adaptive_neighbor_grid"": [""(5, 10, 15, 25, 40, 80, 160)"", ""[5, 10, 15, 25, 40, 80, 160]""], ""branch_length_optimization_apply_nonconverged"": [null, ""False""], ""branch_length_optimization_max_iterations"": [""300"", ""1000""]}",True,True
run_20260706_170815Z_full_graphtools_tree_consensus,C06,gauss_overlap_4c_med,ok,unsupported,1.0,,4,0,False,"{""adaptive_neighbor_grid"": [""(5, 10, 15, 25, 40, 80, 160)"", ""[5, 10, 15, 25, 40, 80, 160]""], ""branch_length_optimization_apply_nonconverged"": [null, ""False""], ""branch_length_optimization_max_iterations"": [""300"", ""1000""]}",True,True
run_20260706_170815Z_full_graphtools_tree_consensus,C06,gauss_overlap_6c_large,ok,unsupported,1.0,,6,0,False,"{""adaptive_neighbor_grid"": [""(5, 10, 15, 25, 40, 80, 160)"", ""[5, 10, 15, 25, 40, 80, 160]""], ""branch_length_optimization_apply_nonconverged"": [null, ""False""], ""branch_length_optimization_max_iterations"": [""300"", ""1000""]}",True,True
run_20260706_170815Z_full_graphtools_tree_consensus,C06,gauss_overlap_8c_highd,ok,unsupported,1.0,,8,0,False,"{""adaptive_neighbor_grid"": [""(5, 10, 15, 25, 40, 80, 160)"", ""[5, 10, 15, 25, 40, 80, 160]""], ""branch_length_optimization_apply_nonconverged"": [null, ""False""], ""branch_length_optimization_max_iterations"": [""300"", ""1000""]}",True,True
run_20260706_170815Z_full_graphtools_tree_consensus,C06,gauss_overlap_extreme_4c,ok,unsupported,1.0,,4,0,False,"{""adaptive_neighbor_grid"": [""(5, 10, 15, 25, 40, 80, 160)"", ""[5, 10, 15, 25, 40, 80, 160]""], ""branch_length_optimization_apply_nonconverged"": [null, ""False""], ""branch_length_optimization_max_iterations"": [""300"", ""1000""]}",True,True
run_20260706_170815Z_full_graphtools_tree_consensus,C06,gauss_overlap_extreme_6c,ok,unsupported,0.9941078599422396,,7,0,False,"{""adaptive_neighbor_grid"": [""(5, 10, 15, 25, 40, 80, 160)"", ""[5, 10, 15, 25, 40, 80, 160]""], ""branch_length_optimization_apply_nonconverged"": [null, ""False""], ""branch_length_optimization_max_iterations"": [""300"", ""1000""]}",True,True
run_20260706_170815Z_full_graphtools_tree_consensus,C06,gauss_overlap_many_10c,ok,unsupported,1.0,,10,0,False,"{""adaptive_neighbor_grid"": [""(5, 10, 15, 25, 40, 80, 160)"", ""[5, 10, 15, 25, 40, 80, 160]""], ""branch_length_optimization_apply_nonconverged"": [null, ""False""], ""branch_length_optimization_max_iterations"": [""300"", ""1000""]}",True,True
run_20260706_170815Z_full_graphtools_tree_consensus,C06,gauss_overlap_dense_8c,ok,unsupported,1.0,,8,0,False,"{""adaptive_neighbor_grid"": [""(5, 10, 15, 25, 40, 80, 160)"", ""[5, 10, 15, 25, 40, 80, 160]""], ""branch_length_optimization_apply_nonconverged"": [null, ""False""], ""branch_length_optimization_max_iterations"": [""300"", ""1000""]}",True,True
run_20260706_170815Z_full_graphtools_tree_consensus,C06,gauss_overlap_3c_small_q3,ok,unsupported,1.0,,3,0,False,"{""adaptive_neighbor_grid"": [""(5, 10, 15, 25, 40, 80, 160)"", ""[5, 10, 15, 25, 40, 80, 160]""], ""branch_length_optimization_apply_nonconverged"": [null, ""False""], ""branch_length_optimization_max_iterations"": [""300"", ""1000""]}",True,True
run_20260706_170815Z_full_graphtools_tree_consensus,C06,gauss_overlap_3c_small_q4,ok,unsupported,1.0,,3,0,False,"{""adaptive_neighbor_grid"": [""(5, 10, 15, 25, 40, 80, 160)"", ""[5, 10, 15, 25, 40, 80, 160]""], ""branch_length_optimization_apply_nonconverged"": [null, ""False""], ""branch_length_optimization_max_iterations"": [""300"", ""1000""]}",True,True
run_20260706_170815Z_full_graphtools_tree_consensus,C06,gauss_overlap_3c_small_q5,ok,unsupported,0.9950082639109168,,4,0,False,"{""adaptive_neighbor_grid"": [""(5, 10, 15, 25, 40, 80, 160)"", ""[5, 10, 15, 25, 40, 80, 160]""], ""branch_length_optimization_apply_nonconverged"": [null, ""False""], ""branch_length_optimization_max_iterations"": [""300"", ""1000""]}",True,True
run_20260706_170815Z_full_graphtools_tree_consensus,C06,bar_binary_balanced_4c,ok,unsupported,0.0,,1,0,False,"{""adaptive_neighbor_grid"": [""(5, 10, 15, 25, 40, 80, 160)"", ""[5, 10, 15, 25, 40, 80, 160]""], ""branch_length_optimization_apply_nonconverged"": [null, ""False""], ""branch_length_optimization_max_iterations"": [""300"", ""1000""]}",True,True
run_20260706_170815Z_full_graphtools_tree_consensus,C06,bar_binary_unbalanced_95_5,ok,unsupported,0.8822818317294334,,2,0,False,"{""adaptive_neighbor_grid"": [""(5, 10, 15, 25, 40, 80, 160)"", ""[5, 10, 15, 25, 40, 80, 160]""], ""branch_length_optimization_apply_nonconverged"": [null, ""False""], ""branch_length_optimization_max_iterations"": [""300"", ""1000""]}",True,True
run_20260706_170815Z_full_graphtools_tree_consensus,C06,mp_spike_below_bbp_continuous,ok,ok,1.0,1.0,1,1,False,"{""adaptive_neighbor_grid"": [""(5, 10, 15, 25, 40, 80, 160)"", ""[5, 10, 15, 25, 40, 80, 160]""], ""branch_length_optimization_apply_nonconverged"": [null, ""False""], ""branch_length_optimization_max_iterations"": [""300"", ""1000""]}",True,True
run_20260706_170815Z_full_graphtools_tree_consensus,C06,mp_spike_above_bbp_continuous,ok,ok,0.0,0.0,1,1,False,"{""adaptive_neighbor_grid"": [""(5, 10, 15, 25, 40, 80, 160)"", ""[5, 10, 15, 25, 40, 80, 160]""], ""branch_length_optimization_apply_nonconverged"": [null, ""False""], ""branch_length_optimization_max_iterations"": [""300"", ""1000""]}",True,True
run_20260706_170815Z_full_graphtools_tree_consensus,C06,cat_simplex_face_rare_20cat,ok,ok,0.0,0.0,1,1,False,"{""adaptive_neighbor_grid"": [""(5, 10, 15, 25, 40, 80, 160)"", ""[5, 10, 15, 25, 40, 80, 160]""], ""branch_length_optimization_apply_nonconverged"": [null, ""False""], ""branch_length_optimization_max_iterations"": [""300"", ""1000""]}",True,True
run_20260706_170815Z_full_graphtools_tree_consensus,C06,cat_dirichlet_overdispersed_20cat,ok,unsupported,0.0,,1,0,False,"{""adaptive_neighbor_grid"": [""(5, 10, 15, 25, 40, 80, 160)"", ""[5, 10, 15, 25, 40, 80, 160]""], ""branch_length_optimization_apply_nonconverged"": [null, ""False""], ""branch_length_optimization_max_iterations"": [""300"", ""1000""]}",True,True
run_20260706_170815Z_full_graphtools_tree_consensus,C06,cont_lowrank_pggn_shrinkage,ok,unsupported,0.0,,1,0,False,"{""adaptive_neighbor_grid"": [""(5, 10, 15, 25, 40, 80, 160)"", ""[5, 10, 15, 25, 40, 80, 160]""], ""branch_length_optimization_apply_nonconverged"": [null, ""False""], ""branch_length_optimization_max_iterations"": [""300"", ""1000""]}",True,True
run_20260706_170815Z_full_graphtools_tree_consensus,C06,support_selected_only_fail_closed,ok,unsupported,1.0,,4,0,False,"{""adaptive_neighbor_grid"": [""(5, 10, 15, 25, 40, 80, 160)"", ""[5, 10, 15, 25, 40, 80, 160]""], ""branch_length_optimization_apply_nonconverged"": [null, ""False""], ""branch_length_optimization_max_iterations"": [""300"", ""1000""]}",True,True
run_20260706_170815Z_full_graphtools_tree_consensus,C06,phylo_brownian_null_16taxa,ok,ok,0.0,0.0,1,1,False,"{""adaptive_neighbor_grid"": [""(5, 10, 15, 25, 40, 80, 160)"", ""[5, 10, 15, 25, 40, 80, 160]""], ""branch_length_optimization_apply_nonconverged"": [null, ""False""], ""branch_length_optimization_max_iterations"": [""300"", ""1000""]}",True,True
run_20260706_170815Z_full_graphtools_tree_consensus,C06,traversal_deep_signal_under_same_parent,ok,ok,0.0,0.0,1,1,False,"{""adaptive_neighbor_grid"": [""(5, 10, 15, 25, 40, 80, 160)"", ""[5, 10, 15, 25, 40, 80, 160]""], ""branch_length_optimization_apply_nonconverged"": [null, ""False""], ""branch_length_optimization_max_iterations"": [""300"", ""1000""]}",True,True
run_20260706_170815Z_full_graphtools_tree_consensus,C06,traversal_deep_branch_recovery_stress,ok,unsupported,1.0,,6,0,False,"{""adaptive_neighbor_grid"": [""(5, 10, 15, 25, 40, 80, 160)"", ""[5, 10, 15, 25, 40, 80, 160]""], ""branch_length_optimization_apply_nonconverged"": [null, ""False""], ""branch_length_optimization_max_iterations"": [""300"", ""1000""]}",True,True
run_20260706_170815Z_full_graphtools_tree_consensus,C07,gauss_extreme_noise_3c,ok,unsupported,1.0,,3,0,False,"{""branch_length_optimization_apply_nonconverged"": [null, ""False""], ""branch_length_optimization_max_iterations"": [""300"", ""1000""]}",True,True
run_20260706_170815Z_full_graphtools_tree_consensus,C07,gauss_clear_small,ok,unsupported,1.0,,3,0,False,"{""adaptive_neighbor_grid"": [""(5, 10, 15, 25, 40, 80, 160)"", ""[5, 10, 15, 25, 40, 80, 160]""], ""branch_length_optimization_apply_nonconverged"": [null, ""False""], ""branch_length_optimization_max_iterations"": [""300"", ""1000""]}",True,True
run_20260706_170815Z_full_graphtools_tree_consensus,C07,gauss_clear_medium_continuous,ok,ok,0.0,0.0,1,1,False,"{""adaptive_neighbor_grid"": [""(5, 10, 15, 25, 40, 80, 160)"", ""[5, 10, 15, 25, 40, 80, 160]""], ""branch_length_optimization_apply_nonconverged"": [null, ""False""], ""branch_length_optimization_max_iterations"": [""300"", ""1000""]}",True,True
run_20260706_170815Z_full_graphtools_tree_consensus,C07,gauss_moderate_3c_continuous,ok,ok,0.0,0.0,1,1,False,"{""adaptive_neighbor_grid"": [""(5, 10, 15, 25, 40, 80, 160)"", ""[5, 10, 15, 25, 40, 80, 160]""], ""branch_length_optimization_apply_nonconverged"": [null, ""False""], ""branch_length_optimization_max_iterations"": [""300"", ""1000""]}",True,True
run_20260706_170815Z_full_graphtools_tree_consensus,C07,gauss_null_large_continuous,ok,ok,1.0,1.0,1,1,False,"{""adaptive_neighbor_grid"": [""(5, 10, 15, 25, 40, 80, 160)"", ""[5, 10, 15, 25, 40, 80, 160]""], ""branch_length_optimization_apply_nonconverged"": [null, ""False""], ""branch_length_optimization_max_iterations"": [""300"", ""1000""]}",True,True
run_20260706_170815Z_full_graphtools_tree_consensus,C07,dim_consolidated_4c_24f_continuous,ok,ok,0.0,0.0,1,1,False,"{""adaptive_neighbor_grid"": [""(5, 10, 15, 25, 40, 80, 160)"", ""[5, 10, 15, 25, 40, 80, 160]""], ""branch_length_optimization_apply_nonconverged"": [null, ""False""], ""branch_length_optimization_max_iterations"": [""300"", ""1000""]}",True,True
run_20260706_170815Z_full_graphtools_tree_consensus,C07,dim_consolidated_4c_72f_continuous,ok,ok,0.0,0.0,1,1,False,"{""adaptive_neighbor_grid"": [""(5, 10, 15, 25, 40, 80, 160)"", ""[5, 10, 15, 25, 40, 80, 160]""], ""branch_length_optimization_apply_nonconverged"": [null, ""False""], ""branch_length_optimization_max_iterations"": [""300"", ""1000""]}",True,True
run_20260706_170815Z_full_graphtools_tree_consensus,C07,dim_diffuse_6c_136f_continuous,ok,ok,0.0,0.0,1,1,False,"{""adaptive_neighbor_grid"": [""(5, 10, 15, 25, 40, 80, 160)"", ""[5, 10, 15, 25, 40, 80, 160]""], ""branch_length_optimization_apply_nonconverged"": [null, ""False""], ""branch_length_optimization_max_iterations"": [""300"", ""1000""]}",True,True
run_20260706_170815Z_full_graphtools_tree_consensus,C07,gauss_single_outlier_4c_continuous,ok,ok,0.0,0.0,1,1,False,"{""adaptive_neighbor_grid"": [""(5, 10, 15, 25, 40, 80, 160)"", ""[5, 10, 15, 25, 40, 80, 160]""], ""branch_length_optimization_apply_nonconverged"": [null, ""False""], ""branch_length_optimization_max_iterations"": [""300"", ""1000""]}",True,True
run_20260706_170815Z_full_graphtools_tree_consensus,C07,gauss_outlier_cluster_4c_continuous,ok,ok,0.0,0.0,1,1,False,"{""adaptive_neighbor_grid"": [""(5, 10, 15, 25, 40, 80, 160)"", ""[5, 10, 15, 25, 40, 80, 160]""], ""branch_length_optimization_apply_nonconverged"": [null, ""False""], ""branch_length_optimization_max_iterations"": [""300"", ""1000""]}",True,True
run_20260706_170815Z_full_graphtools_tree_consensus,C07,binary_perfect_2c,ok,unsupported,1.0,,2,0,False,"{""adaptive_neighbor_grid"": [""(5, 10, 15, 25, 40, 80, 160)"", ""[5, 10, 15, 25, 40, 80, 160]""], ""branch_length_optimization_apply_nonconverged"": [null, ""False""], ""branch_length_optimization_max_iterations"": [""300"", ""1000""]}",True,True
run_20260706_170815Z_full_graphtools_tree_consensus,C07,binary_perfect_4c,ok,unsupported,0.968302795238732,,5,0,False,"{""adaptive_neighbor_grid"": [""(5, 10, 15, 25, 40, 80, 160)"", ""[5, 10, 15, 25, 40, 80, 160]""], ""branch_length_optimization_apply_nonconverged"": [null, ""False""], ""branch_length_optimization_max_iterations"": [""300"", ""1000""]}",True,True
run_20260706_170815Z_full_graphtools_tree_consensus,C07,binary_perfect_8c,ok,unsupported,1.0,,8,0,False,"{""adaptive_neighbor_grid"": [""(5, 10, 15, 25, 40, 80, 160)"", ""[5, 10, 15, 25, 40, 80, 160]""], ""branch_length_optimization_apply_nonconverged"": [null, ""False""], ""branch_length_optimization_max_iterations"": [""300"", ""1000""]}",True,True
run_20260706_170815Z_full_graphtools_tree_consensus,C07,binary_null_small,ok,ok,1.0,1.0,1,1,False,"{""adaptive_neighbor_grid"": [""(5, 10, 15, 25, 40, 80, 160)"", ""[5, 10, 15, 25, 40, 80, 160]""], ""branch_length_optimization_apply_nonconverged"": [null, ""False""], ""branch_length_optimization_max_iterations"": [""300"", ""1000""]}",True,True
run_20260706_170815Z_full_graphtools_tree_consensus,C07,binary_null_medium,ok,ok,1.0,1.0,1,1,False,"{""adaptive_neighbor_grid"": [""(5, 10, 15, 25, 40, 80, 160)"", ""[5, 10, 15, 25, 40, 80, 160]""], ""branch_length_optimization_apply_nonconverged"": [null, ""False""], ""branch_length_optimization_max_iterations"": [""300"", ""1000""]}",True,True
run_20260706_170815Z_full_graphtools_tree_consensus,C07,phylo_conserved_4taxa,ok,unsupported,0.8709562744400995,,6,0,False,"{""adaptive_neighbor_grid"": [""(5, 10, 15, 25, 40, 80, 160)"", ""[5, 10, 15, 25, 40, 80, 160]""], ""branch_length_optimization_apply_nonconverged"": [null, ""False""], ""branch_length_optimization_max_iterations"": [""300"", ""1000""]}",True,True
run_20260706_170815Z_full_graphtools_tree_consensus,C07,mp_spike_below_bbp_continuous,ok,ok,1.0,1.0,1,1,False,"{""adaptive_neighbor_grid"": [""(5, 10, 15, 25, 40, 80, 160)"", ""[5, 10, 15, 25, 40, 80, 160]""], ""branch_length_optimization_apply_nonconverged"": [null, ""False""], ""branch_length_optimization_max_iterations"": [""300"", ""1000""]}",True,True
run_20260706_170815Z_full_graphtools_tree_consensus,C07,mp_spike_above_bbp_continuous,ok,ok,0.0,0.0,1,1,False,"{""adaptive_neighbor_grid"": [""(5, 10, 15, 25, 40, 80, 160)"", ""[5, 10, 15, 25, 40, 80, 160]""], ""branch_length_optimization_apply_nonconverged"": [null, ""False""], ""branch_length_optimization_max_iterations"": [""300"", ""1000""]}",True,True
run_20260706_170815Z_full_graphtools_tree_consensus,C07,cont_lowrank_pggn_shrinkage,ok,ok,0.0,0.0,1,1,False,"{""adaptive_neighbor_grid"": [""(5, 10, 15, 25, 40, 80, 160)"", ""[5, 10, 15, 25, 40, 80, 160]""], ""branch_length_optimization_apply_nonconverged"": [null, ""False""], ""branch_length_optimization_max_iterations"": [""300"", ""1000""]}",True,True
run_20260706_170815Z_full_graphtools_tree_consensus,C07,phylo_brownian_null_16taxa,ok,ok,0.0,0.0,1,1,False,"{""adaptive_neighbor_grid"": [""(5, 10, 15, 25, 40, 80, 160)"", ""[5, 10, 15, 25, 40, 80, 160]""], ""branch_length_optimization_apply_nonconverged"": [null, ""False""], ""branch_length_optimization_max_iterations"": [""300"", ""1000""]}",True,True
run_20260706_170815Z_full_graphtools_tree_consensus,C08,gauss_extreme_noise_3c,ok,unsupported,1.0,,3,0,False,"{""branch_length_optimization_apply_nonconverged"": [null, ""False""], ""branch_length_optimization_max_iterations"": [""300"", ""1000""]}",True,True
run_20260706_170815Z_full_graphtools_tree_consensus,C08,gauss_clear_small,ok,unsupported,1.0,,3,0,False,"{""adaptive_neighbor_grid"": [""(5, 10, 15, 25, 40, 80, 160)"", ""[5, 10, 15, 25, 40, 80, 160]""], ""branch_length_optimization_apply_nonconverged"": [null, ""False""], ""branch_length_optimization_max_iterations"": [""300"", ""1000""]}",True,True
run_20260706_170815Z_full_graphtools_tree_consensus,C08,gauss_clear_medium,ok,unsupported,1.0,,4,0,False,"{""adaptive_neighbor_grid"": [""(5, 10, 15, 25, 40, 80, 160)"", ""[5, 10, 15, 25, 40, 80, 160]""], ""branch_length_optimization_apply_nonconverged"": [null, ""False""], ""branch_length_optimization_max_iterations"": [""300"", ""1000""]}",True,True
run_20260706_170815Z_full_graphtools_tree_consensus,C08,gauss_moderate_5c,ok,unsupported,1.0,,5,0,False,"{""adaptive_neighbor_grid"": [""(5, 10, 15, 25, 40, 80, 160)"", ""[5, 10, 15, 25, 40, 80, 160]""], ""branch_length_optimization_apply_nonconverged"": [null, ""False""], ""branch_length_optimization_max_iterations"": [""300"", ""1000""]}",True,True
run_20260706_170815Z_full_graphtools_tree_consensus,C08,gauss_clear_medium_continuous,ok,ok,0.0,0.0,1,1,False,"{""adaptive_neighbor_grid"": [""(5, 10, 15, 25, 40, 80, 160)"", ""[5, 10, 15, 25, 40, 80, 160]""], ""branch_length_optimization_apply_nonconverged"": [null, ""False""], ""branch_length_optimization_max_iterations"": [""300"", ""1000""]}",True,True
run_20260706_170815Z_full_graphtools_tree_consensus,C08,gauss_moderate_3c_continuous,ok,ok,0.0,0.0,1,1,False,"{""adaptive_neighbor_grid"": [""(5, 10, 15, 25, 40, 80, 160)"", ""[5, 10, 15, 25, 40, 80, 160]""], ""branch_length_optimization_apply_nonconverged"": [null, ""False""], ""branch_length_optimization_max_iterations"": [""300"", ""1000""]}",True,True
run_20260706_170815Z_full_graphtools_tree_consensus,C08,gauss_null_large_continuous,ok,ok,1.0,1.0,1,1,False,"{""adaptive_neighbor_grid"": [""(5, 10, 15, 25, 40, 80, 160)"", ""[5, 10, 15, 25, 40, 80, 160]""], ""branch_length_optimization_apply_nonconverged"": [null, ""False""], ""branch_length_optimization_max_iterations"": [""300"", ""1000""]}",True,True
run_20260706_170815Z_full_graphtools_tree_consensus,C08,dim_consolidated_4c_24f_continuous,ok,ok,0.0,0.0,1,1,False,"{""adaptive_neighbor_grid"": [""(5, 10, 15, 25, 40, 80, 160)"", ""[5, 10, 15, 25, 40, 80, 160]""], ""branch_length_optimization_apply_nonconverged"": [null, ""False""], ""branch_length_optimization_max_iterations"": [""300"", ""1000""]}",True,True
run_20260706_170815Z_full_graphtools_tree_consensus,C08,dim_consolidated_4c_72f_continuous,ok,ok,0.0,0.0,1,1,False,"{""adaptive_neighbor_grid"": [""(5, 10, 15, 25, 40, 80, 160)"", ""[5, 10, 15, 25, 40, 80, 160]""], ""branch_length_optimization_apply_nonconverged"": [null, ""False""], ""branch_length_optimization_max_iterations"": [""300"", ""1000""]}",True,True
run_20260706_170815Z_full_graphtools_tree_consensus,C08,dim_diffuse_6c_136f_continuous,ok,ok,0.0,0.0,1,1,False,"{""adaptive_neighbor_grid"": [""(5, 10, 15, 25, 40, 80, 160)"", ""[5, 10, 15, 25, 40, 80, 160]""], ""branch_length_optimization_apply_nonconverged"": [null, ""False""], ""branch_length_optimization_max_iterations"": [""300"", ""1000""]}",True,True
run_20260706_170815Z_full_graphtools_tree_consensus,C08,gauss_single_outlier_4c_continuous,ok,ok,0.0,0.0,1,1,False,"{""adaptive_neighbor_grid"": [""(5, 10, 15, 25, 40, 80, 160)"", ""[5, 10, 15, 25, 40, 80, 160]""], ""branch_length_optimization_apply_nonconverged"": [null, ""False""], ""branch_length_optimization_max_iterations"": [""300"", ""1000""]}",True,True
run_20260706_170815Z_full_graphtools_tree_consensus,C08,gauss_outlier_cluster_4c_continuous,ok,ok,0.0,0.0,1,1,False,"{""adaptive_neighbor_grid"": [""(5, 10, 15, 25, 40, 80, 160)"", ""[5, 10, 15, 25, 40, 80, 160]""], ""branch_length_optimization_apply_nonconverged"": [null, ""False""], ""branch_length_optimization_max_iterations"": [""300"", ""1000""]}",True,True
run_20260706_170815Z_full_graphtools_tree_consensus,C08,binary_perfect_2c,ok,unsupported,1.0,,2,0,False,"{""adaptive_neighbor_grid"": [""(5, 10, 15, 25, 40, 80, 160)"", ""[5, 10, 15, 25, 40, 80, 160]""], ""branch_length_optimization_apply_nonconverged"": [null, ""False""], ""branch_length_optimization_max_iterations"": [""300"", ""1000""]}",True,True
run_20260706_170815Z_full_graphtools_tree_consensus,C08,binary_perfect_4c,ok,unsupported,0.968302795238732,,5,0,False,"{""adaptive_neighbor_grid"": [""(5, 10, 15, 25, 40, 80, 160)"", ""[5, 10, 15, 25, 40, 80, 160]""], ""branch_length_optimization_apply_nonconverged"": [null, ""False""], ""branch_length_optimization_max_iterations"": [""300"", ""1000""]}",True,True
run_20260706_170815Z_full_graphtools_tree_consensus,C08,binary_perfect_8c,ok,unsupported,1.0,,8,0,False,"{""adaptive_neighbor_grid"": [""(5, 10, 15, 25, 40, 80, 160)"", ""[5, 10, 15, 25, 40, 80, 160]""], ""branch_length_optimization_apply_nonconverged"": [null, ""False""], ""branch_length_optimization_max_iterations"": [""300"", ""1000""]}",True,True
run_20260706_170815Z_full_graphtools_tree_consensus,C08,binary_low_noise_4c,ok,unsupported,0.9547857118809548,,5,0,False,"{""adaptive_neighbor_grid"": [""(5, 10, 15, 25, 40, 80, 160)"", ""[5, 10, 15, 25, 40, 80, 160]""], ""branch_length_optimization_apply_nonconverged"": [null, ""False""], ""branch_length_optimization_max_iterations"": [""300"", ""1000""]}",True,True
run_20260706_170815Z_full_graphtools_tree_consensus,C08,binary_many_clusters,ok,unsupported,1.0,,15,0,False,"{""adaptive_neighbor_grid"": [""(5, 10, 15, 25, 40, 80, 160)"", ""[5, 10, 15, 25, 40, 80, 160]""], ""branch_length_optimization_apply_nonconverged"": [null, ""False""], ""branch_length_optimization_max_iterations"": [""300"", ""1000""]}",True,True
run_20260706_170815Z_full_graphtools_tree_consensus,C08,binary_null_small,ok,ok,1.0,1.0,1,1,False,"{""adaptive_neighbor_grid"": [""(5, 10, 15, 25, 40, 80, 160)"", ""[5, 10, 15, 25, 40, 80, 160]""], ""branch_length_optimization_apply_nonconverged"": [null, ""False""], ""branch_length_optimization_max_iterations"": [""300"", ""1000""]}",True,True
run_20260706_170815Z_full_graphtools_tree_consensus,C08,binary_null_medium,ok,ok,1.0,1.0,1,1,False,"{""adaptive_neighbor_grid"": [""(5, 10, 15, 25, 40, 80, 160)"", ""[5, 10, 15, 25, 40, 80, 160]""], ""branch_length_optimization_apply_nonconverged"": [null, ""False""], ""branch_length_optimization_max_iterations"": [""300"", ""1000""]}",True,True
run_20260706_170815Z_full_graphtools_tree_consensus,C08,phylo_dna_16taxa_low_mut,ok,unsupported,1.0,,16,0,False,"{""adaptive_neighbor_grid"": [""(5, 10, 15, 25, 40, 80, 160)"", ""[5, 10, 15, 25, 40, 80, 160]""], ""branch_length_optimization_apply_nonconverged"": [null, ""False""], ""branch_length_optimization_max_iterations"": [""300"", ""1000""]}",True,True
run_20260706_170815Z_full_graphtools_tree_consensus,C08,phylo_protein_12taxa,ok,unsupported,1.0,,12,0,False,"{""adaptive_neighbor_grid"": [""(5, 10, 15, 25, 40, 80, 160)"", ""[5, 10, 15, 25, 40, 80, 160]""], ""branch_length_optimization_apply_nonconverged"": [null, ""False""], ""branch_length_optimization_max_iterations"": [""300"", ""1000""]}",True,True
run_20260706_170815Z_full_graphtools_tree_consensus,C08,phylo_divergent_8taxa,ok,unsupported,1.0,,8,0,False,"{""adaptive_neighbor_grid"": [""(5, 10, 15, 25, 40, 80, 160)"", ""[5, 10, 15, 25, 40, 80, 160]""], ""branch_length_optimization_apply_nonconverged"": [null, ""False""], ""branch_length_optimization_max_iterations"": [""300"", ""1000""]}",True,True
run_20260706_170815Z_full_graphtools_tree_consensus,C08,phylo_conserved_4taxa,ok,unsupported,0.7699190932478281,,7,0,False,"{""adaptive_neighbor_grid"": [""(5, 10, 15, 25, 40, 80, 160)"", ""[5, 10, 15, 25, 40, 80, 160]""], ""branch_length_optimization_apply_nonconverged"": [null, ""False""], ""branch_length_optimization_max_iterations"": [""300"", ""1000""]}",True,True
run_20260706_170815Z_full_graphtools_tree_consensus,C08,phylo_conserved_8taxa,ok,unsupported,1.0,,8,0,False,"{""adaptive_neighbor_grid"": [""(5, 10, 15, 25, 40, 80, 160)"", ""[5, 10, 15, 25, 40, 80, 160]""], ""branch_length_optimization_apply_nonconverged"": [null, ""False""], ""branch_length_optimization_max_iterations"": [""300"", ""1000""]}",True,True
run_20260706_170815Z_full_graphtools_tree_consensus,C08,mp_spike_below_bbp_continuous,ok,ok,1.0,1.0,1,1,False,"{""adaptive_neighbor_grid"": [""(5, 10, 15, 25, 40, 80, 160)"", ""[5, 10, 15, 25, 40, 80, 160]""], ""branch_length_optimization_apply_nonconverged"": [null, ""False""], ""branch_length_optimization_max_iterations"": [""300"", ""1000""]}",True,True
run_20260706_170815Z_full_graphtools_tree_consensus,C08,mp_spike_above_bbp_continuous,ok,ok,0.0,0.0,1,1,False,"{""adaptive_neighbor_grid"": [""(5, 10, 15, 25, 40, 80, 160)"", ""[5, 10, 15, 25, 40, 80, 160]""], ""branch_length_optimization_apply_nonconverged"": [null, ""False""], ""branch_length_optimization_max_iterations"": [""300"", ""1000""]}",True,True
run_20260706_170815Z_full_graphtools_tree_consensus,C08,cont_lowrank_pggn_shrinkage,ok,ok,0.0,0.0,1,1,False,"{""adaptive_neighbor_grid"": [""(5, 10, 15, 25, 40, 80, 160)"", ""[5, 10, 15, 25, 40, 80, 160]""], ""branch_length_optimization_apply_nonconverged"": [null, ""False""], ""branch_length_optimization_max_iterations"": [""300"", ""1000""]}",True,True
run_20260706_170815Z_full_graphtools_tree_consensus,C08,phylo_brownian_null_16taxa,ok,ok,0.0,0.0,1,1,False,"{""adaptive_neighbor_grid"": [""(5, 10, 15, 25, 40, 80, 160)"", ""[5, 10, 15, 25, 40, 80, 160]""], ""branch_length_optimization_apply_nonconverged"": [null, ""False""], ""branch_length_optimization_max_iterations"": [""300"", ""1000""]}",True,True
run_20260706_170815Z_full_graphtools_tree_consensus,C09,gauss_extreme_noise_3c,ok,unsupported,1.0,,3,0,False,"{""branch_length_optimization_apply_nonconverged"": [null, ""False""], ""branch_length_optimization_max_iterations"": [""300"", ""1000""]}",True,True
run_20260706_170815Z_full_graphtools_tree_consensus,C09,gauss_extreme_noise_many,ok,unsupported,0.3979318103149878,,122,0,False,"{""adaptive_neighbor_grid"": [""(5, 10, 15, 25, 40, 80, 160)"", ""[5, 10, 15, 25, 40, 80, 160]""], ""branch_length_optimization_apply_nonconverged"": [null, ""False""], ""branch_length_optimization_max_iterations"": [""300"", ""1000""]}",True,True
run_20260706_170815Z_full_graphtools_tree_consensus,C09,gauss_clear_small,ok,unsupported,1.0,,3,0,False,"{""adaptive_neighbor_grid"": [""(5, 10, 15, 25, 40, 80, 160)"", ""[5, 10, 15, 25, 40, 80, 160]""], ""branch_length_optimization_apply_nonconverged"": [null, ""False""], ""branch_length_optimization_max_iterations"": [""300"", ""1000""]}",True,True
run_20260706_170815Z_full_graphtools_tree_consensus,C09,gauss_clear_medium,ok,unsupported,1.0,,4,0,False,"{""adaptive_neighbor_grid"": [""(5, 10, 15, 25, 40, 80, 160)"", ""[5, 10, 15, 25, 40, 80, 160]""], ""branch_length_optimization_apply_nonconverged"": [null, ""False""], ""branch_length_optimization_max_iterations"": [""300"", ""1000""]}",True,True
run_20260706_170815Z_full_graphtools_tree_consensus,C09,gauss_clear_large,ok,unsupported,1.0,,5,0,False,"{""adaptive_neighbor_grid"": [""(5, 10, 15, 25, 40, 80, 160)"", ""[5, 10, 15, 25, 40, 80, 160]""], ""branch_length_optimization_apply_nonconverged"": [null, ""False""], ""branch_length_optimization_max_iterations"": [""300"", ""1000""]}",True,True
run_20260706_170815Z_full_graphtools_tree_consensus,C09,gauss_moderate_3c,ok,unsupported,1.0,,3,0,False,"{""adaptive_neighbor_grid"": [""(5, 10, 15, 25, 40, 80, 160)"", ""[5, 10, 15, 25, 40, 80, 160]""], ""branch_length_optimization_apply_nonconverged"": [null, ""False""], ""branch_length_optimization_max_iterations"": [""300"", ""1000""]}",True,True
run_20260706_170815Z_full_graphtools_tree_consensus,C09,gauss_moderate_5c,ok,unsupported,1.0,,5,0,False,"{""adaptive_neighbor_grid"": [""(5, 10, 15, 25, 40, 80, 160)"", ""[5, 10, 15, 25, 40, 80, 160]""], ""branch_length_optimization_apply_nonconverged"": [null, ""False""], ""branch_length_optimization_max_iterations"": [""300"", ""1000""]}",True,True
run_20260706_170815Z_full_graphtools_tree_consensus,C09,gauss_noisy_3c,ok,unsupported,1.0,,3,0,False,"{""adaptive_neighbor_grid"": [""(5, 10, 15, 25, 40, 80, 160)"", ""[5, 10, 15, 25, 40, 80, 160]""], ""branch_length_optimization_apply_nonconverged"": [null, ""False""], ""branch_length_optimization_max_iterations"": [""300"", ""1000""]}",True,True
run_20260706_170815Z_full_graphtools_tree_consensus,C09,gauss_noisy_many,ok,unsupported,1.0,,8,0,False,"{""adaptive_neighbor_grid"": [""(5, 10, 15, 25, 40, 80, 160)"", ""[5, 10, 15, 25, 40, 80, 160]""], ""branch_length_optimization_apply_nonconverged"": [null, ""False""], ""branch_length_optimization_max_iterations"": [""300"", ""1000""]}",True,True
run_20260706_170815Z_full_graphtools_tree_consensus,C09,gauss_null_small,ok,unsupported,0.0,,2,0,False,"{""adaptive_neighbor_grid"": [""(5, 10, 15, 25, 40, 80, 160)"", ""[5, 10, 15, 25, 40, 80, 160]""], ""branch_length_optimization_apply_nonconverged"": [null, ""False""], ""branch_length_optimization_max_iterations"": [""300"", ""1000""]}",True,True
run_20260706_170815Z_full_graphtools_tree_consensus,C09,gauss_null_large,ok,unsupported,1.0,,1,0,False,"{""adaptive_neighbor_grid"": [""(5, 10, 15, 25, 40, 80, 160)"", ""[5, 10, 15, 25, 40, 80, 160]""], ""branch_length_optimization_apply_nonconverged"": [null, ""False""], ""branch_length_optimization_max_iterations"": [""300"", ""1000""]}",True,True
run_20260706_170815Z_full_graphtools_tree_consensus,C09,gauss_clear_medium_continuous,ok,ok,0.0,0.0,1,1,False,"{""adaptive_neighbor_grid"": [""(5, 10, 15, 25, 40, 80, 160)"", ""[5, 10, 15, 25, 40, 80, 160]""], ""branch_length_optimization_apply_nonconverged"": [null, ""False""], ""branch_length_optimization_max_iterations"": [""300"", ""1000""]}",True,True
run_20260706_170815Z_full_graphtools_tree_consensus,C09,gauss_moderate_3c_continuous,ok,ok,0.0,0.0,1,1,False,"{""adaptive_neighbor_grid"": [""(5, 10, 15, 25, 40, 80, 160)"", ""[5, 10, 15, 25, 40, 80, 160]""], ""branch_length_optimization_apply_nonconverged"": [null, ""False""], ""branch_length_optimization_max_iterations"": [""300"", ""1000""]}",True,True
run_20260706_170815Z_full_graphtools_tree_consensus,C09,gauss_null_large_continuous,ok,ok,1.0,1.0,1,1,False,"{""adaptive_neighbor_grid"": [""(5, 10, 15, 25, 40, 80, 160)"", ""[5, 10, 15, 25, 40, 80, 160]""], ""branch_length_optimization_apply_nonconverged"": [null, ""False""], ""branch_length_optimization_max_iterations"": [""300"", ""1000""]}",True,True
run_20260706_170815Z_full_graphtools_tree_consensus,C09,dim_consolidated_4c_24f,ok,unsupported,0.4425737138428084,,4,0,False,"{""adaptive_neighbor_grid"": [""(5, 10, 15, 25, 40, 80, 160)"", ""[5, 10, 15, 25, 40, 80, 160]""], ""branch_length_optimization_apply_nonconverged"": [null, ""False""], ""branch_length_optimization_max_iterations"": [""300"", ""1000""]}",True,True
run_20260706_170815Z_full_graphtools_tree_consensus,C09,dim_consolidated_4c_72f,ok,unsupported,-0.004522057878915,,2,0,False,"{""adaptive_neighbor_grid"": [""(5, 10, 15, 25, 40, 80, 160)"", ""[5, 10, 15, 25, 40, 80, 160]""], ""branch_length_optimization_apply_nonconverged"": [null, ""False""], ""branch_length_optimization_max_iterations"": [""300"", ""1000""]}",True,True
run_20260706_170815Z_full_graphtools_tree_consensus,C09,dim_consolidated_4c_272f,skip,unsupported,,,0,0,False,"{""adaptive_neighbor_grid"": [""(5, 10, 15, 25, 40, 80, 160)"", ""[5, 10, 15, 25, 40, 80, 160]""], ""branch_length_optimization_apply_nonconverged"": [null, ""False""], ""branch_length_optimization_max_iterations"": [""300"", ""1000""]}",True,True
run_20260706_170815Z_full_graphtools_tree_consensus,C09,dim_diffuse_6c_36f,ok,unsupported,0.0275308131229949,,39,0,False,"{""adaptive_neighbor_grid"": [""(5, 10, 15, 25, 40, 80, 160)"", ""[5, 10, 15, 25, 40, 80, 160]""], ""branch_length_optimization_apply_nonconverged"": [null, ""False""], ""branch_length_optimization_max_iterations"": [""300"", ""1000""]}",True,True
run_20260706_170815Z_full_graphtools_tree_consensus,C09,dim_diffuse_6c_136f,ok,unsupported,0.003833006687431,,2,0,False,"{""adaptive_neighbor_grid"": [""(5, 10, 15, 25, 40, 80, 160)"", ""[5, 10, 15, 25, 40, 80, 160]""], ""branch_length_optimization_apply_nonconverged"": [null, ""False""], ""branch_length_optimization_max_iterations"": [""300"", ""1000""]}",True,True
run_20260706_170815Z_full_graphtools_tree_consensus,C09,dim_diffuse_6c_536f,ok,unsupported,-0.0071201927794921,,2,0,False,"{""adaptive_neighbor_grid"": [""(5, 10, 15, 25, 40, 80, 160)"", ""[5, 10, 15, 25, 40, 80, 160]""], ""branch_length_optimization_apply_nonconverged"": [null, ""False""], ""branch_length_optimization_max_iterations"": [""300"", ""1000""]}",True,True
run_20260706_170815Z_full_graphtools_tree_consensus,C09,dim_consolidated_4c_24f_continuous,ok,ok,0.0,0.0,1,1,False,"{""adaptive_neighbor_grid"": [""(5, 10, 15, 25, 40, 80, 160)"", ""[5, 10, 15, 25, 40, 80, 160]""], ""branch_length_optimization_apply_nonconverged"": [null, ""False""], ""branch_length_optimization_max_iterations"": [""300"", ""1000""]}",True,True
run_20260706_170815Z_full_graphtools_tree_consensus,C09,dim_consolidated_4c_72f_continuous,ok,ok,0.0,0.0,1,1,False,"{""adaptive_neighbor_grid"": [""(5, 10, 15, 25, 40, 80, 160)"", ""[5, 10, 15, 25, 40, 80, 160]""], ""branch_length_optimization_apply_nonconverged"": [null, ""False""], ""branch_length_optimization_max_iterations"": [""300"", ""1000""]}",True,True
run_20260706_170815Z_full_graphtools_tree_consensus,C09,dim_diffuse_6c_136f_continuous,ok,ok,0.0,0.0,1,1,False,"{""adaptive_neighbor_grid"": [""(5, 10, 15, 25, 40, 80, 160)"", ""[5, 10, 15, 25, 40, 80, 160]""], ""branch_length_optimization_apply_nonconverged"": [null, ""False""], ""branch_length_optimization_max_iterations"": [""300"", ""1000""]}",True,True
run_20260706_170815Z_full_graphtools_tree_consensus,C09,gauss_single_outlier_4c,ok,unsupported,0.9915772953178132,,4,0,False,"{""adaptive_neighbor_grid"": [""(5, 10, 15, 25, 40, 80, 160)"", ""[5, 10, 15, 25, 40, 80, 160]""], ""branch_length_optimization_apply_nonconverged"": [null, ""False""], ""branch_length_optimization_max_iterations"": [""300"", ""1000""]}",True,True
run_20260706_170815Z_full_graphtools_tree_consensus,C09,gauss_outlier_cluster_4c,ok,unsupported,0.728281225429229,,9,0,False,"{""adaptive_neighbor_grid"": [""(5, 10, 15, 25, 40, 80, 160)"", ""[5, 10, 15, 25, 40, 80, 160]""], ""branch_length_optimization_apply_nonconverged"": [null, ""False""], ""branch_length_optimization_max_iterations"": [""300"", ""1000""]}",True,True
run_20260706_170815Z_full_graphtools_tree_consensus,C09,gauss_outlier_shell_4c,ok,unsupported,0.735085769461498,,12,0,False,"{""adaptive_neighbor_grid"": [""(5, 10, 15, 25, 40, 80, 160)"", ""[5, 10, 15, 25, 40, 80, 160]""], ""branch_length_optimization_apply_nonconverged"": [null, ""False""], ""branch_length_optimization_max_iterations"": [""300"", ""1000""]}",True,True
run_20260706_170815Z_full_graphtools_tree_consensus,C09,gauss_single_outlier_4c_continuous,ok,ok,0.0,0.0,1,1,False,"{""adaptive_neighbor_grid"": [""(5, 10, 15, 25, 40, 80, 160)"", ""[5, 10, 15, 25, 40, 80, 160]""], ""branch_length_optimization_apply_nonconverged"": [null, ""False""], ""branch_length_optimization_max_iterations"": [""300"", ""1000""]}",True,True
run_20260706_170815Z_full_graphtools_tree_consensus,C09,gauss_outlier_cluster_4c_continuous,ok,ok,0.0,0.0,1,1,False,"{""adaptive_neighbor_grid"": [""(5, 10, 15, 25, 40, 80, 160)"", ""[5, 10, 15, 25, 40, 80, 160]""], ""branch_length_optimization_apply_nonconverged"": [null, ""False""], ""branch_length_optimization_max_iterations"": [""300"", ""1000""]}",True,True
run_20260706_170815Z_full_graphtools_tree_consensus,C09,binary_balanced_low_noise,ok,unsupported,1.0,,4,0,False,"{""adaptive_neighbor_grid"": [""(5, 10, 15, 25, 40, 80, 160)"", ""[5, 10, 15, 25, 40, 80, 160]""], ""branch_length_optimization_apply_nonconverged"": [null, ""False""], ""branch_length_optimization_max_iterations"": [""300"", ""1000""]}",True,True
run_20260706_170815Z_full_graphtools_tree_consensus,C09,binary_balanced_low_noise__2,ok,unsupported,1.0,,4,0,False,"{""adaptive_neighbor_grid"": [""(5, 10, 15, 25, 40, 80, 160)"", ""[5, 10, 15, 25, 40, 80, 160]""], ""branch_length_optimization_apply_nonconverged"": [null, ""False""], ""branch_length_optimization_max_iterations"": [""300"", ""1000""]}",True,True
run_20260706_170815Z_full_graphtools_tree_consensus,C09,sparse_features_72x72,ok,unsupported,0.9275407828421598,,5,0,False,"{""adaptive_neighbor_grid"": [""(5, 10, 15, 25, 40, 80, 160)"", ""[5, 10, 15, 25, 40, 80, 160]""], ""branch_length_optimization_apply_nonconverged"": [null, ""False""], ""branch_length_optimization_max_iterations"": [""300"", ""1000""]}",True,True
run_20260706_170815Z_full_graphtools_tree_consensus,C09,sparse_features_100x500,ok,unsupported,1.0,,4,0,False,"{""adaptive_neighbor_grid"": [""(5, 10, 15, 25, 40, 80, 160)"", ""[5, 10, 15, 25, 40, 80, 160]""], ""branch_length_optimization_apply_nonconverged"": [null, ""False""], ""branch_length_optimization_max_iterations"": [""300"", ""1000""]}",True,True
run_20260706_170815Z_full_graphtools_tree_consensus,C09,binary_perfect_2c,ok,unsupported,1.0,,2,0,False,"{""adaptive_neighbor_grid"": [""(5, 10, 15, 25, 40, 80, 160)"", ""[5, 10, 15, 25, 40, 80, 160]""], ""branch_length_optimization_apply_nonconverged"": [null, ""False""], ""branch_length_optimization_max_iterations"": [""300"", ""1000""]}",True,True
run_20260706_170815Z_full_graphtools_tree_consensus,C09,binary_perfect_4c,ok,unsupported,0.968302795238732,,5,0,False,"{""adaptive_neighbor_grid"": [""(5, 10, 15, 25, 40, 80, 160)"", ""[5, 10, 15, 25, 40, 80, 160]""], ""branch_length_optimization_apply_nonconverged"": [null, ""False""], ""branch_length_optimization_max_iterations"": [""300"", ""1000""]}",True,True
run_20260706_170815Z_full_graphtools_tree_consensus,C09,binary_perfect_8c,ok,unsupported,1.0,,8,0,False,"{""adaptive_neighbor_grid"": [""(5, 10, 15, 25, 40, 80, 160)"", ""[5, 10, 15, 25, 40, 80, 160]""], ""branch_length_optimization_apply_nonconverged"": [null, ""False""], ""branch_length_optimization_max_iterations"": [""300"", ""1000""]}",True,True
run_20260706_170815Z_full_graphtools_tree_consensus,C09,binary_low_noise_2c,ok,unsupported,0.6609595859048377,,5,0,False,"{""adaptive_neighbor_grid"": [""(5, 10, 15, 25, 40, 80, 160)"", ""[5, 10, 15, 25, 40, 80, 160]""], ""branch_length_optimization_apply_nonconverged"": [null, ""False""], ""branch_length_optimization_max_iterations"": [""300"", ""1000""]}",True,True
run_20260706_170815Z_full_graphtools_tree_consensus,C09,binary_low_noise_4c,ok,unsupported,0.9429190751445088,,5,0,False,"{""adaptive_neighbor_grid"": [""(5, 10, 15, 25, 40, 80, 160)"", ""[5, 10, 15, 25, 40, 80, 160]""], ""branch_length_optimization_apply_nonconverged"": [null, ""False""], ""branch_length_optimization_max_iterations"": [""300"", ""1000""]}",True,True
run_20260706_170815Z_full_graphtools_tree_consensus,C09,binary_low_noise_8c,ok,unsupported,0.9713702658904028,,9,0,False,"{""adaptive_neighbor_grid"": [""(5, 10, 15, 25, 40, 80, 160)"", ""[5, 10, 15, 25, 40, 80, 160]""], ""branch_length_optimization_apply_nonconverged"": [null, ""False""], ""branch_length_optimization_max_iterations"": [""300"", ""1000""]}",True,True
run_20260706_170815Z_full_graphtools_tree_consensus,C09,binary_low_noise_12c,ok,unsupported,1.0,,12,0,False,"{""adaptive_neighbor_grid"": [""(5, 10, 15, 25, 40, 80, 160)"", ""[5, 10, 15, 25, 40, 80, 160]""], ""branch_length_optimization_apply_nonconverged"": [null, ""False""], ""branch_length_optimization_max_iterations"": [""300"", ""1000""]}",True,True
run_20260706_170815Z_full_graphtools_tree_consensus,C09,binary_moderate_4c,ok,unsupported,1.0,,4,0,False,"{""adaptive_neighbor_grid"": [""(5, 10, 15, 25, 40, 80, 160)"", ""[5, 10, 15, 25, 40, 80, 160]""], ""branch_length_optimization_apply_nonconverged"": [null, ""False""], ""branch_length_optimization_max_iterations"": [""300"", ""1000""]}",True,True
run_20260706_170815Z_full_graphtools_tree_consensus,C09,binary_moderate_6c,ok,unsupported,1.0,,6,0,False,"{""adaptive_neighbor_grid"": [""(5, 10, 15, 25, 40, 80, 160)"", ""[5, 10, 15, 25, 40, 80, 160]""], ""branch_length_optimization_apply_nonconverged"": [null, ""False""], ""branch_length_optimization_max_iterations"": [""300"", ""1000""]}",True,True
run_20260706_170815Z_full_graphtools_tree_consensus,C09,binary_moderate_8c,ok,unsupported,1.0,,8,0,False,"{""adaptive_neighbor_grid"": [""(5, 10, 15, 25, 40, 80, 160)"", ""[5, 10, 15, 25, 40, 80, 160]""], ""branch_length_optimization_apply_nonconverged"": [null, ""False""], ""branch_length_optimization_max_iterations"": [""300"", ""1000""]}",True,True
run_20260706_170815Z_full_graphtools_tree_consensus,C09,binary_hard_4c,ok,unsupported,1.0,,4,0,False,"{""adaptive_neighbor_grid"": [""(5, 10, 15, 25, 40, 80, 160)"", ""[5, 10, 15, 25, 40, 80, 160]""], ""branch_length_optimization_apply_nonconverged"": [null, ""False""], ""branch_length_optimization_max_iterations"": [""300"", ""1000""]}",True,True
run_20260706_170815Z_full_graphtools_tree_consensus,C09,binary_hard_8c,ok,unsupported,1.0,,8,0,False,"{""adaptive_neighbor_grid"": [""(5, 10, 15, 25, 40, 80, 160)"", ""[5, 10, 15, 25, 40, 80, 160]""], ""branch_length_optimization_apply_nonconverged"": [null, ""False""], ""branch_length_optimization_max_iterations"": [""300"", ""1000""]}",True,True
run_20260706_170815Z_full_graphtools_tree_consensus,C09,binary_unbalanced_low,ok,unsupported,1.0,,4,0,False,"{""adaptive_neighbor_grid"": [""(5, 10, 15, 25, 40, 80, 160)"", ""[5, 10, 15, 25, 40, 80, 160]""], ""branch_length_optimization_apply_nonconverged"": [null, ""False""], ""branch_length_optimization_max_iterations"": [""300"", ""1000""]}",True,True
run_20260706_170815Z_full_graphtools_tree_consensus,C09,binary_unbalanced_med,ok,unsupported,1.0,,6,0,False,"{""adaptive_neighbor_grid"": [""(5, 10, 15, 25, 40, 80, 160)"", ""[5, 10, 15, 25, 40, 80, 160]""], ""branch_length_optimization_apply_nonconverged"": [null, ""False""], ""branch_length_optimization_max_iterations"": [""300"", ""1000""]}",True,True
run_20260706_170815Z_full_graphtools_tree_consensus,C09,binary_2clusters,ok,unsupported,1.0,,2,0,False,"{""adaptive_neighbor_grid"": [""(5, 10, 15, 25, 40, 80, 160)"", ""[5, 10, 15, 25, 40, 80, 160]""], ""branch_length_optimization_apply_nonconverged"": [null, ""False""], ""branch_length_optimization_max_iterations"": [""300"", ""1000""]}",True,True
run_20260706_170815Z_full_graphtools_tree_consensus,C09,binary_many_features,skip,unsupported,,,0,0,False,"{""adaptive_neighbor_grid"": [""(5, 10, 15, 25, 40, 80, 160)"", ""[5, 10, 15, 25, 40, 80, 160]""], ""branch_length_optimization_apply_nonconverged"": [null, ""False""], ""branch_length_optimization_max_iterations"": [""300"", ""1000""]}",True,True
run_20260706_170815Z_full_graphtools_tree_consensus,C09,binary_many_clusters,ok,unsupported,1.0,,15,0,False,"{""adaptive_neighbor_grid"": [""(5, 10, 15, 25, 40, 80, 160)"", ""[5, 10, 15, 25, 40, 80, 160]""], ""branch_length_optimization_apply_nonconverged"": [null, ""False""], ""branch_length_optimization_max_iterations"": [""300"", ""1000""]}",True,True
run_20260706_170815Z_full_graphtools_tree_consensus,C09,binary_null_small,ok,ok,1.0,1.0,1,1,False,"{""adaptive_neighbor_grid"": [""(5, 10, 15, 25, 40, 80, 160)"", ""[5, 10, 15, 25, 40, 80, 160]""], ""branch_length_optimization_apply_nonconverged"": [null, ""False""], ""branch_length_optimization_max_iterations"": [""300"", ""1000""]}",True,True
run_20260706_170815Z_full_graphtools_tree_consensus,C09,binary_null_medium,ok,ok,1.0,1.0,1,1,False,"{""adaptive_neighbor_grid"": [""(5, 10, 15, 25, 40, 80, 160)"", ""[5, 10, 15, 25, 40, 80, 160]""], ""branch_length_optimization_apply_nonconverged"": [null, ""False""], ""branch_length_optimization_max_iterations"": [""300"", ""1000""]}",True,True
run_20260706_170815Z_full_graphtools_tree_consensus,C09,binary_multiscale_4c,ok,unsupported,1.0,,4,0,False,"{""adaptive_neighbor_grid"": [""(5, 10, 15, 25, 40, 80, 160)"", ""[5, 10, 15, 25, 40, 80, 160]""], ""branch_length_optimization_apply_nonconverged"": [null, ""False""], ""branch_length_optimization_max_iterations"": [""300"", ""1000""]}",True,True
run_20260706_170815Z_full_graphtools_tree_consensus,C09,binary_multiscale_6c,ok,unsupported,1.0,,6,0,False,"{""adaptive_neighbor_grid"": [""(5, 10, 15, 25, 40, 80, 160)"", ""[5, 10, 15, 25, 40, 80, 160]""], ""branch_length_optimization_apply_nonconverged"": [null, ""False""], ""branch_length_optimization_max_iterations"": [""300"", ""1000""]}",True,True
run_20260706_170815Z_full_graphtools_tree_consensus,C09,binary_noise_feat_50i_200n,ok,unsupported,1.0,,4,0,False,"{""adaptive_neighbor_grid"": [""(5, 10, 15, 25, 40, 80, 160)"", ""[5, 10, 15, 25, 40, 80, 160]""], ""branch_length_optimization_apply_nonconverged"": [null, ""False""], ""branch_length_optimization_max_iterations"": [""300"", ""1000""]}",True,True
run_20260706_170815Z_full_graphtools_tree_consensus,C09,binary_noise_feat_80i_400n,ok,unsupported,1.0,,6,0,False,"{""adaptive_neighbor_grid"": [""(5, 10, 15, 25, 40, 80, 160)"", ""[5, 10, 15, 25, 40, 80, 160]""], ""branch_length_optimization_apply_nonconverged"": [null, ""False""], ""branch_length_optimization_max_iterations"": [""300"", ""1000""]}",True,True
run_20260706_170815Z_full_graphtools_tree_consensus,C09,binary_noise_feat_30i_500n,ok,unsupported,0.1092679408582762,,33,0,False,"{""adaptive_neighbor_grid"": [""(5, 10, 15, 25, 40, 80, 160)"", ""[5, 10, 15, 25, 40, 80, 160]""], ""branch_length_optimization_apply_nonconverged"": [null, ""False""], ""branch_length_optimization_max_iterations"": [""300"", ""1000""]}",True,True
run_20260706_170815Z_full_graphtools_tree_consensus,C09,sbm_clear_small,ok,unsupported,0.8067278404628264,,2,0,False,"{""adaptive_neighbor_grid"": [""(5, 10, 15, 25, 40, 80, 160)"", ""[5, 10, 15, 25, 40, 80, 160]""], ""branch_length_optimization_apply_nonconverged"": [null, ""False""], ""branch_length_optimization_max_iterations"": [""300"", ""1000""]}",True,True
run_20260706_170815Z_full_graphtools_tree_consensus,C09,sbm_moderate,ok,unsupported,0.0,,1,0,False,"{""adaptive_neighbor_grid"": [""(5, 10, 15, 25, 40, 80, 160)"", ""[5, 10, 15, 25, 40, 80, 160]""], ""branch_length_optimization_apply_nonconverged"": [null, ""False""], ""branch_length_optimization_max_iterations"": [""300"", ""1000""]}",True,True
run_20260706_170815Z_full_graphtools_tree_consensus,C09,sbm_hard,ok,ok,0.0,0.0,1,1,False,"{""adaptive_neighbor_grid"": [""(5, 10, 15, 25, 40, 80, 160)"", ""[5, 10, 15, 25, 40, 80, 160]""], ""branch_length_optimization_apply_nonconverged"": [null, ""False""], ""branch_length_optimization_max_iterations"": [""300"", ""1000""]}",True,True
run_20260706_170815Z_full_graphtools_tree_consensus,C09,cat_clear_3cat_4c,ok,unsupported,0.7079646017699115,,3,0,False,"{""adaptive_neighbor_grid"": [""(5, 10, 15, 25, 40, 80, 160)"", ""[5, 10, 15, 25, 40, 80, 160]""], ""branch_length_optimization_apply_nonconverged"": [null, ""False""], ""branch_length_optimization_max_iterations"": [""300"", ""1000""]}",True,True
run_20260706_170815Z_full_graphtools_tree_consensus,C09,cat_clear_4cat_4c,ok,unsupported,1.0,,4,0,False,"{""adaptive_neighbor_grid"": [""(5, 10, 15, 25, 40, 80, 160)"", ""[5, 10, 15, 25, 40, 80, 160]""], ""branch_length_optimization_apply_nonconverged"": [null, ""False""], ""branch_length_optimization_max_iterations"": [""300"", ""1000""]}",True,True
run_20260706_170815Z_full_graphtools_tree_consensus,C09,cat_clear_5cat_6c,ok,unsupported,1.0,,6,0,False,"{""adaptive_neighbor_grid"": [""(5, 10, 15, 25, 40, 80, 160)"", ""[5, 10, 15, 25, 40, 80, 160]""], ""branch_length_optimization_apply_nonconverged"": [null, ""False""], ""branch_length_optimization_max_iterations"": [""300"", ""1000""]}",True,True
run_20260706_170815Z_full_graphtools_tree_consensus,C09,cat_mod_3cat_4c,ok,unsupported,0.935142422764694,,4,0,False,"{""adaptive_neighbor_grid"": [""(5, 10, 15, 25, 40, 80, 160)"", ""[5, 10, 15, 25, 40, 80, 160]""], ""branch_length_optimization_apply_nonconverged"": [null, ""False""], ""branch_length_optimization_max_iterations"": [""300"", ""1000""]}",True,True
run_20260706_170815Z_full_graphtools_tree_consensus,C09,cat_mod_4cat_6c,ok,unsupported,0.6780575539568345,,4,0,False,"{""adaptive_neighbor_grid"": [""(5, 10, 15, 25, 40, 80, 160)"", ""[5, 10, 15, 25, 40, 80, 160]""], ""branch_length_optimization_apply_nonconverged"": [null, ""False""], ""branch_length_optimization_max_iterations"": [""300"", ""1000""]}",True,True
run_20260706_170815Z_full_graphtools_tree_consensus,C09,cat_highcard_10cat_4c,ok,unsupported,0.986598879940902,,4,0,False,"{""adaptive_neighbor_grid"": [""(5, 10, 15, 25, 40, 80, 160)"", ""[5, 10, 15, 25, 40, 80, 160]""], ""branch_length_optimization_apply_nonconverged"": [null, ""False""], ""branch_length_optimization_max_iterations"": [""300"", ""1000""]}",True,True
run_20260706_170815Z_full_graphtools_tree_consensus,C09,cat_highcard_20cat_4c,ok,unsupported,0.4892396152927404,,17,0,False,"{""adaptive_neighbor_grid"": [""(5, 10, 15, 25, 40, 80, 160)"", ""[5, 10, 15, 25, 40, 80, 160]""], ""branch_length_optimization_apply_nonconverged"": [null, ""False""], ""branch_length_optimization_max_iterations"": [""300"", ""1000""]}",True,True
run_20260706_170815Z_full_graphtools_tree_consensus,C09,cat_unbal_3cat_4c,ok,unsupported,0.9810013457716332,,4,0,False,"{""adaptive_neighbor_grid"": [""(5, 10, 15, 25, 40, 80, 160)"", ""[5, 10, 15, 25, 40, 80, 160]""], ""branch_length_optimization_apply_nonconverged"": [null, ""False""], ""branch_length_optimization_max_iterations"": [""300"", ""1000""]}",True,True
run_20260706_170815Z_full_graphtools_tree_consensus,C09,cat_overlap_3cat_4c,ok,unsupported,0.901230183074489,,4,0,False,"{""adaptive_neighbor_grid"": [""(5, 10, 15, 25, 40, 80, 160)"", ""[5, 10, 15, 25, 40, 80, 160]""], ""branch_length_optimization_apply_nonconverged"": [null, ""False""], ""branch_length_optimization_max_iterations"": [""300"", ""1000""]}",True,True
run_20260706_170815Z_full_graphtools_tree_consensus,C09,cat_highd_3cat_500feat,ok,unsupported,1.0,,4,0,False,"{""adaptive_neighbor_grid"": [""(5, 10, 15, 25, 40, 80, 160)"", ""[5, 10, 15, 25, 40, 80, 160]""], ""branch_length_optimization_apply_nonconverged"": [null, ""False""], ""branch_length_optimization_max_iterations"": [""300"", ""1000""]}",True,True
run_20260706_170815Z_full_graphtools_tree_consensus,C09,cat_highd_4cat_1000feat,ok,unsupported,1.0,,6,0,False,"{""adaptive_neighbor_grid"": [""(5, 10, 15, 25, 40, 80, 160)"", ""[5, 10, 15, 25, 40, 80, 160]""], ""branch_length_optimization_apply_nonconverged"": [null, ""False""], ""branch_length_optimization_max_iterations"": [""300"", ""1000""]}",True,True
run_20260706_170815Z_full_graphtools_tree_consensus,C09,phylo_dna_4taxa_low_mut,ok,unsupported,1.0,,4,0,False,"{""adaptive_neighbor_grid"": [""(5, 10, 15, 25, 40, 80, 160)"", ""[5, 10, 15, 25, 40, 80, 160]""], ""branch_length_optimization_apply_nonconverged"": [null, ""False""], ""branch_length_optimization_max_iterations"": [""300"", ""1000""]}",True,True
run_20260706_170815Z_full_graphtools_tree_consensus,C09,phylo_dna_8taxa_low_mut,ok,unsupported,0.9631290098168044,,9,0,False,"{""adaptive_neighbor_grid"": [""(5, 10, 15, 25, 40, 80, 160)"", ""[5, 10, 15, 25, 40, 80, 160]""], ""branch_length_optimization_apply_nonconverged"": [null, ""False""], ""branch_length_optimization_max_iterations"": [""300"", ""1000""]}",True,True
run_20260706_170815Z_full_graphtools_tree_consensus,C09,phylo_dna_8taxa_med_mut,ok,unsupported,1.0,,8,0,False,"{""adaptive_neighbor_grid"": [""(5, 10, 15, 25, 40, 80, 160)"", ""[5, 10, 15, 25, 40, 80, 160]""], ""branch_length_optimization_apply_nonconverged"": [null, ""False""], ""branch_length_optimization_max_iterations"": [""300"", ""1000""]}",True,True
run_20260706_170815Z_full_graphtools_tree_consensus,C09,phylo_dna_16taxa_low_mut,ok,unsupported,1.0,,16,0,False,"{""adaptive_neighbor_grid"": [""(5, 10, 15, 25, 40, 80, 160)"", ""[5, 10, 15, 25, 40, 80, 160]""], ""branch_length_optimization_apply_nonconverged"": [null, ""False""], ""branch_length_optimization_max_iterations"": [""300"", ""1000""]}",True,True
run_20260706_170815Z_full_graphtools_tree_consensus,C09,phylo_protein_4taxa,ok,unsupported,1.0,,4,0,False,"{""adaptive_neighbor_grid"": [""(5, 10, 15, 25, 40, 80, 160)"", ""[5, 10, 15, 25, 40, 80, 160]""], ""branch_length_optimization_apply_nonconverged"": [null, ""False""], ""branch_length_optimization_max_iterations"": [""300"", ""1000""]}",True,True
run_20260706_170815Z_full_graphtools_tree_consensus,C09,phylo_protein_8taxa,ok,unsupported,0.9678506436611176,,9,0,False,"{""adaptive_neighbor_grid"": [""(5, 10, 15, 25, 40, 80, 160)"", ""[5, 10, 15, 25, 40, 80, 160]""], ""branch_length_optimization_apply_nonconverged"": [null, ""False""], ""branch_length_optimization_max_iterations"": [""300"", ""1000""]}",True,True
run_20260706_170815Z_full_graphtools_tree_consensus,C09,phylo_protein_12taxa,ok,unsupported,1.0,,12,0,False,"{""adaptive_neighbor_grid"": [""(5, 10, 15, 25, 40, 80, 160)"", ""[5, 10, 15, 25, 40, 80, 160]""], ""branch_length_optimization_apply_nonconverged"": [null, ""False""], ""branch_length_optimization_max_iterations"": [""300"", ""1000""]}",True,True
run_20260706_170815Z_full_graphtools_tree_consensus,C09,phylo_divergent_4taxa,ok,unsupported,1.0,,4,0,False,"{""adaptive_neighbor_grid"": [""(5, 10, 15, 25, 40, 80, 160)"", ""[5, 10, 15, 25, 40, 80, 160]""], ""branch_length_optimization_apply_nonconverged"": [null, ""False""], ""branch_length_optimization_max_iterations"": [""300"", ""1000""]}",True,True
run_20260706_170815Z_full_graphtools_tree_consensus,C09,phylo_divergent_8taxa,ok,unsupported,1.0,,8,0,False,"{""adaptive_neighbor_grid"": [""(5, 10, 15, 25, 40, 80, 160)"", ""[5, 10, 15, 25, 40, 80, 160]""], ""branch_length_optimization_apply_nonconverged"": [null, ""False""], ""branch_length_optimization_max_iterations"": [""300"", ""1000""]}",True,True
run_20260706_170815Z_full_graphtools_tree_consensus,C09,phylo_conserved_4taxa,ok,unsupported,0.963008254356466,,5,0,False,"{""adaptive_neighbor_grid"": [""(5, 10, 15, 25, 40, 80, 160)"", ""[5, 10, 15, 25, 40, 80, 160]""], ""branch_length_optimization_apply_nonconverged"": [null, ""False""], ""branch_length_optimization_max_iterations"": [""300"", ""1000""]}",True,True
run_20260706_170815Z_full_graphtools_tree_consensus,C09,phylo_conserved_8taxa,ok,unsupported,1.0,,8,0,False,"{""adaptive_neighbor_grid"": [""(5, 10, 15, 25, 40, 80, 160)"", ""[5, 10, 15, 25, 40, 80, 160]""], ""branch_length_optimization_apply_nonconverged"": [null, ""False""], ""branch_length_optimization_max_iterations"": [""300"", ""1000""]}",True,True
run_20260706_170815Z_full_graphtools_tree_consensus,C09,phylo_large_32taxa,ok,unsupported,1.0,,32,0,False,"{""adaptive_neighbor_grid"": [""(5, 10, 15, 25, 40, 80, 160)"", ""[5, 10, 15, 25, 40, 80, 160]""], ""branch_length_optimization_apply_nonconverged"": [null, ""False""], ""branch_length_optimization_max_iterations"": [""300"", ""1000""]}",True,True
run_20260706_170815Z_full_graphtools_tree_consensus,C09,phylo_large_64taxa,ok,unsupported,0.8204167015312526,,95,0,False,"{""adaptive_neighbor_grid"": [""(5, 10, 15, 25, 40, 80, 160)"", ""[5, 10, 15, 25, 40, 80, 160]""], ""branch_length_optimization_apply_nonconverged"": [null, ""False""], ""branch_length_optimization_max_iterations"": [""300"", ""1000""]}",True,True
run_20260706_170815Z_full_graphtools_tree_consensus,C09,overlap_heavy_4c_small_feat,ok,unsupported,0.0597861943455159,,13,0,False,"{""adaptive_neighbor_grid"": [""(5, 10, 15, 25, 40, 80, 160)"", ""[5, 10, 15, 25, 40, 80, 160]""], ""branch_length_optimization_apply_nonconverged"": [null, ""False""], ""branch_length_optimization_max_iterations"": [""300"", ""1000""]}",True,True
run_20260706_170815Z_full_graphtools_tree_consensus,C09,overlap_heavy_4c_med_feat,ok,unsupported,0.1338586951138581,,2,0,False,"{""adaptive_neighbor_grid"": [""(5, 10, 15, 25, 40, 80, 160)"", ""[5, 10, 15, 25, 40, 80, 160]""], ""branch_length_optimization_apply_nonconverged"": [null, ""False""], ""branch_length_optimization_max_iterations"": [""300"", ""1000""]}",True,True
run_20260706_170815Z_full_graphtools_tree_consensus,C09,overlap_heavy_8c_large_feat,skip,unsupported,,,0,0,False,"{""adaptive_neighbor_grid"": [""(5, 10, 15, 25, 40, 80, 160)"", ""[5, 10, 15, 25, 40, 80, 160]""], ""branch_length_optimization_apply_nonconverged"": [null, ""False""], ""branch_length_optimization_max_iterations"": [""300"", ""1000""]}",True,True
run_20260706_170815Z_full_graphtools_tree_consensus,C09,overlap_extreme_4c,ok,unsupported,0.0,,1,0,False,"{""adaptive_neighbor_grid"": [""(5, 10, 15, 25, 40, 80, 160)"", ""[5, 10, 15, 25, 40, 80, 160]""], ""branch_length_optimization_apply_nonconverged"": [null, ""False""], ""branch_length_optimization_max_iterations"": [""300"", ""1000""]}",True,True
run_20260706_170815Z_full_graphtools_tree_consensus,C09,overlap_mod_4c_small,ok,unsupported,0.9217285793957946,,4,0,False,"{""adaptive_neighbor_grid"": [""(5, 10, 15, 25, 40, 80, 160)"", ""[5, 10, 15, 25, 40, 80, 160]""], ""branch_length_optimization_apply_nonconverged"": [null, ""False""], ""branch_length_optimization_max_iterations"": [""300"", ""1000""]}",True,True
run_20260706_170815Z_full_graphtools_tree_consensus,C09,overlap_mod_6c_med,ok,unsupported,0.9959865525047962,,6,0,False,"{""adaptive_neighbor_grid"": [""(5, 10, 15, 25, 40, 80, 160)"", ""[5, 10, 15, 25, 40, 80, 160]""], ""branch_length_optimization_apply_nonconverged"": [null, ""False""], ""branch_length_optimization_max_iterations"": [""300"", ""1000""]}",True,True
run_20260706_170815Z_full_graphtools_tree_consensus,C09,overlap_mod_8c_large,ok,unsupported,1.0,,8,0,False,"{""adaptive_neighbor_grid"": [""(5, 10, 15, 25, 40, 80, 160)"", ""[5, 10, 15, 25, 40, 80, 160]""], ""branch_length_optimization_apply_nonconverged"": [null, ""False""], ""branch_length_optimization_max_iterations"": [""300"", ""1000""]}",True,True
run_20260706_170815Z_full_graphtools_tree_consensus,C09,overlap_part_4c_small,ok,unsupported,0.9866670908875584,,4,0,False,"{""adaptive_neighbor_grid"": [""(5, 10, 15, 25, 40, 80, 160)"", ""[5, 10, 15, 25, 40, 80, 160]""], ""branch_length_optimization_apply_nonconverged"": [null, ""False""], ""branch_length_optimization_max_iterations"": [""300"", ""1000""]}",True,True
run_20260706_170815Z_full_graphtools_tree_consensus,C09,overlap_part_6c_med,ok,unsupported,1.0,,6,0,False,"{""adaptive_neighbor_grid"": [""(5, 10, 15, 25, 40, 80, 160)"", ""[5, 10, 15, 25, 40, 80, 160]""], ""branch_length_optimization_apply_nonconverged"": [null, ""False""], ""branch_length_optimization_max_iterations"": [""300"", ""1000""]}",True,True
run_20260706_170815Z_full_graphtools_tree_consensus,C09,overlap_part_8c_large,ok,unsupported,1.0,,8,0,False,"{""adaptive_neighbor_grid"": [""(5, 10, 15, 25, 40, 80, 160)"", ""[5, 10, 15, 25, 40, 80, 160]""], ""branch_length_optimization_apply_nonconverged"": [null, ""False""], ""branch_length_optimization_max_iterations"": [""300"", ""1000""]}",True,True
run_20260706_170815Z_full_graphtools_tree_consensus,C09,overlap_hd_4c_1k,ok,unsupported,0.797399792067151,,8,0,False,"{""adaptive_neighbor_grid"": [""(5, 10, 15, 25, 40, 80, 160)"", ""[5, 10, 15, 25, 40, 80, 160]""], ""branch_length_optimization_apply_nonconverged"": [null, ""False""], ""branch_length_optimization_max_iterations"": [""300"", ""1000""]}",True,True
run_20260706_170815Z_full_graphtools_tree_consensus,C09,overlap_unbal_4c_small,ok,unsupported,0.6039779248930247,,4,0,False,"{""adaptive_neighbor_grid"": [""(5, 10, 15, 25, 40, 80, 160)"", ""[5, 10, 15, 25, 40, 80, 160]""], ""branch_length_optimization_apply_nonconverged"": [null, ""False""], ""branch_length_optimization_max_iterations"": [""300"", ""1000""]}",True,True
run_20260706_170815Z_full_graphtools_tree_consensus,C09,overlap_unbal_6c_med,ok,unsupported,0.9963675878724336,,6,0,False,"{""adaptive_neighbor_grid"": [""(5, 10, 15, 25, 40, 80, 160)"", ""[5, 10, 15, 25, 40, 80, 160]""], ""branch_length_optimization_apply_nonconverged"": [null, ""False""], ""branch_length_optimization_max_iterations"": [""300"", ""1000""]}",True,True
run_20260706_170815Z_full_graphtools_tree_consensus,C09,overlap_unbal_8c_large,ok,unsupported,1.0,,8,0,False,"{""adaptive_neighbor_grid"": [""(5, 10, 15, 25, 40, 80, 160)"", ""[5, 10, 15, 25, 40, 80, 160]""], ""branch_length_optimization_apply_nonconverged"": [null, ""False""], ""branch_length_optimization_max_iterations"": [""300"", ""1000""]}",True,True
run_20260706_170815Z_full_graphtools_tree_consensus,C09,gauss_overlap_3c_small,ok,unsupported,0.5175756643111844,,7,0,False,"{""adaptive_neighbor_grid"": [""(5, 10, 15, 25, 40, 80, 160)"", ""[5, 10, 15, 25, 40, 80, 160]""], ""branch_length_optimization_apply_nonconverged"": [null, ""False""], ""branch_length_optimization_max_iterations"": [""300"", ""1000""]}",True,True
run_20260706_170815Z_full_graphtools_tree_consensus,C09,gauss_overlap_4c_med,ok,unsupported,1.0,,4,0,False,"{""adaptive_neighbor_grid"": [""(5, 10, 15, 25, 40, 80, 160)"", ""[5, 10, 15, 25, 40, 80, 160]""], ""branch_length_optimization_apply_nonconverged"": [null, ""False""], ""branch_length_optimization_max_iterations"": [""300"", ""1000""]}",True,True
run_20260706_170815Z_full_graphtools_tree_consensus,C09,gauss_overlap_6c_large,ok,unsupported,1.0,,6,0,False,"{""adaptive_neighbor_grid"": [""(5, 10, 15, 25, 40, 80, 160)"", ""[5, 10, 15, 25, 40, 80, 160]""], ""branch_length_optimization_apply_nonconverged"": [null, ""False""], ""branch_length_optimization_max_iterations"": [""300"", ""1000""]}",True,True
run_20260706_170815Z_full_graphtools_tree_consensus,C09,gauss_overlap_8c_highd,ok,unsupported,1.0,,8,0,False,"{""adaptive_neighbor_grid"": [""(5, 10, 15, 25, 40, 80, 160)"", ""[5, 10, 15, 25, 40, 80, 160]""], ""branch_length_optimization_apply_nonconverged"": [null, ""False""], ""branch_length_optimization_max_iterations"": [""300"", ""1000""]}",True,True
run_20260706_170815Z_full_graphtools_tree_consensus,C09,gauss_overlap_extreme_4c,ok,unsupported,1.0,,4,0,False,"{""adaptive_neighbor_grid"": [""(5, 10, 15, 25, 40, 80, 160)"", ""[5, 10, 15, 25, 40, 80, 160]""], ""branch_length_optimization_apply_nonconverged"": [null, ""False""], ""branch_length_optimization_max_iterations"": [""300"", ""1000""]}",True,True
run_20260706_170815Z_full_graphtools_tree_consensus,C09,gauss_overlap_extreme_6c,ok,unsupported,1.0,,6,0,False,"{""adaptive_neighbor_grid"": [""(5, 10, 15, 25, 40, 80, 160)"", ""[5, 10, 15, 25, 40, 80, 160]""], ""branch_length_optimization_apply_nonconverged"": [null, ""False""], ""branch_length_optimization_max_iterations"": [""300"", ""1000""]}",True,True
run_20260706_170815Z_full_graphtools_tree_consensus,C09,gauss_overlap_many_10c,ok,unsupported,1.0,,10,0,False,"{""adaptive_neighbor_grid"": [""(5, 10, 15, 25, 40, 80, 160)"", ""[5, 10, 15, 25, 40, 80, 160]""], ""branch_length_optimization_apply_nonconverged"": [null, ""False""], ""branch_length_optimization_max_iterations"": [""300"", ""1000""]}",True,True
run_20260706_170815Z_full_graphtools_tree_consensus,C09,gauss_overlap_dense_8c,ok,unsupported,0.6247939279089053,,23,0,False,"{""adaptive_neighbor_grid"": [""(5, 10, 15, 25, 40, 80, 160)"", ""[5, 10, 15, 25, 40, 80, 160]""], ""branch_length_optimization_apply_nonconverged"": [null, ""False""], ""branch_length_optimization_max_iterations"": [""300"", ""1000""]}",True,True
run_20260706_170815Z_full_graphtools_tree_consensus,C09,gauss_overlap_3c_small_q3,ok,unsupported,0.8460622560278748,,5,0,False,"{""adaptive_neighbor_grid"": [""(5, 10, 15, 25, 40, 80, 160)"", ""[5, 10, 15, 25, 40, 80, 160]""], ""branch_length_optimization_apply_nonconverged"": [null, ""False""], ""branch_length_optimization_max_iterations"": [""300"", ""1000""]}",True,True
run_20260706_170815Z_full_graphtools_tree_consensus,C09,gauss_overlap_3c_small_q4,ok,unsupported,1.0,,3,0,False,"{""adaptive_neighbor_grid"": [""(5, 10, 15, 25, 40, 80, 160)"", ""[5, 10, 15, 25, 40, 80, 160]""], ""branch_length_optimization_apply_nonconverged"": [null, ""False""], ""branch_length_optimization_max_iterations"": [""300"", ""1000""]}",True,True
run_20260706_170815Z_full_graphtools_tree_consensus,C09,gauss_overlap_3c_small_q5,ok,unsupported,1.0,,3,0,False,"{""adaptive_neighbor_grid"": [""(5, 10, 15, 25, 40, 80, 160)"", ""[5, 10, 15, 25, 40, 80, 160]""], ""branch_length_optimization_apply_nonconverged"": [null, ""False""], ""branch_length_optimization_max_iterations"": [""300"", ""1000""]}",True,True
run_20260706_170815Z_full_graphtools_tree_consensus,C09,bar_binary_balanced_4c,skip,unsupported,,,0,0,False,"{""adaptive_neighbor_grid"": [""(5, 10, 15, 25, 40, 80, 160)"", ""[5, 10, 15, 25, 40, 80, 160]""], ""branch_length_optimization_apply_nonconverged"": [null, ""False""], ""branch_length_optimization_max_iterations"": [""300"", ""1000""]}",True,True
run_20260706_170815Z_full_graphtools_tree_consensus,C09,bar_binary_unbalanced_95_5,ok,unsupported,0.8827738118694332,,2,0,False,"{""adaptive_neighbor_grid"": [""(5, 10, 15, 25, 40, 80, 160)"", ""[5, 10, 15, 25, 40, 80, 160]""], ""branch_length_optimization_apply_nonconverged"": [null, ""False""], ""branch_length_optimization_max_iterations"": [""300"", ""1000""]}",True,True
run_20260706_170815Z_full_graphtools_tree_consensus,C09,mp_spike_below_bbp_continuous,ok,ok,1.0,1.0,1,1,False,"{""adaptive_neighbor_grid"": [""(5, 10, 15, 25, 40, 80, 160)"", ""[5, 10, 15, 25, 40, 80, 160]""], ""branch_length_optimization_apply_nonconverged"": [null, ""False""], ""branch_length_optimization_max_iterations"": [""300"", ""1000""]}",True,True
run_20260706_170815Z_full_graphtools_tree_consensus,C09,mp_spike_above_bbp_continuous,ok,ok,0.0,0.0,1,1,False,"{""adaptive_neighbor_grid"": [""(5, 10, 15, 25, 40, 80, 160)"", ""[5, 10, 15, 25, 40, 80, 160]""], ""branch_length_optimization_apply_nonconverged"": [null, ""False""], ""branch_length_optimization_max_iterations"": [""300"", ""1000""]}",True,True
run_20260706_170815Z_full_graphtools_tree_consensus,C09,cat_simplex_face_rare_20cat,ok,unsupported,0.0,,1,0,False,"{""adaptive_neighbor_grid"": [""(5, 10, 15, 25, 40, 80, 160)"", ""[5, 10, 15, 25, 40, 80, 160]""], ""branch_length_optimization_apply_nonconverged"": [null, ""False""], ""branch_length_optimization_max_iterations"": [""300"", ""1000""]}",True,True
run_20260706_170815Z_full_graphtools_tree_consensus,C09,cat_dirichlet_overdispersed_20cat,ok,unsupported,0.4035227602479934,,4,0,False,"{""adaptive_neighbor_grid"": [""(5, 10, 15, 25, 40, 80, 160)"", ""[5, 10, 15, 25, 40, 80, 160]""], ""branch_length_optimization_apply_nonconverged"": [null, ""False""], ""branch_length_optimization_max_iterations"": [""300"", ""1000""]}",True,True
run_20260706_170815Z_full_graphtools_tree_consensus,C09,cont_lowrank_pggn_shrinkage,ok,unsupported,0.0,,1,0,False,"{""adaptive_neighbor_grid"": [""(5, 10, 15, 25, 40, 80, 160)"", ""[5, 10, 15, 25, 40, 80, 160]""], ""branch_length_optimization_apply_nonconverged"": [null, ""False""], ""branch_length_optimization_max_iterations"": [""300"", ""1000""]}",True,True
run_20260706_170815Z_full_graphtools_tree_consensus,C09,support_selected_only_fail_closed,skip,unsupported,,,0,0,False,"{""adaptive_neighbor_grid"": [""(5, 10, 15, 25, 40, 80, 160)"", ""[5, 10, 15, 25, 40, 80, 160]""], ""branch_length_optimization_apply_nonconverged"": [null, ""False""], ""branch_length_optimization_max_iterations"": [""300"", ""1000""]}",True,True
run_20260706_170815Z_full_graphtools_tree_consensus,C09,phylo_brownian_null_16taxa,ok,ok,0.0,0.0,1,1,False,"{""adaptive_neighbor_grid"": [""(5, 10, 15, 25, 40, 80, 160)"", ""[5, 10, 15, 25, 40, 80, 160]""], ""branch_length_optimization_apply_nonconverged"": [null, ""False""], ""branch_length_optimization_max_iterations"": [""300"", ""1000""]}",True,True
run_20260706_170815Z_full_graphtools_tree_consensus,C09,traversal_deep_signal_under_same_parent,skip,unsupported,,,0,0,False,"{""adaptive_neighbor_grid"": [""(5, 10, 15, 25, 40, 80, 160)"", ""[5, 10, 15, 25, 40, 80, 160]""], ""branch_length_optimization_apply_nonconverged"": [null, ""False""], ""branch_length_optimization_max_iterations"": [""300"", ""1000""]}",True,True
run_20260706_170815Z_full_graphtools_tree_consensus,C09,traversal_deep_branch_recovery_stress,ok,unsupported,1.0,,6,0,False,"{""adaptive_neighbor_grid"": [""(5, 10, 15, 25, 40, 80, 160)"", ""[5, 10, 15, 25, 40, 80, 160]""], ""branch_length_optimization_apply_nonconverged"": [null, ""False""], ""branch_length_optimization_max_iterations"": [""300"", ""1000""]}",True,True
run_20260706_170815Z_full_graphtools_tree_consensus,C10,gauss_extreme_noise_3c,ok,unsupported,1.0,,3,0,False,"{""branch_length_optimization_apply_nonconverged"": [null, ""False""], ""branch_length_optimization_max_iterations"": [""300"", ""1000""]}",True,True
run_20260706_170815Z_full_graphtools_tree_consensus,C10,gauss_extreme_noise_many,ok,unsupported,0.338729653220099,,191,0,False,"{""adaptive_neighbor_grid"": [""(5, 10, 15, 25, 40, 80, 160)"", ""[5, 10, 15, 25, 40, 80, 160]""], ""branch_length_optimization_apply_nonconverged"": [null, ""False""], ""branch_length_optimization_max_iterations"": [""300"", ""1000""]}",True,True
run_20260706_170815Z_full_graphtools_tree_consensus,C10,gauss_clear_small,ok,unsupported,1.0,,3,0,False,"{""adaptive_neighbor_grid"": [""(5, 10, 15, 25, 40, 80, 160)"", ""[5, 10, 15, 25, 40, 80, 160]""], ""branch_length_optimization_apply_nonconverged"": [null, ""False""], ""branch_length_optimization_max_iterations"": [""300"", ""1000""]}",True,True
run_20260706_170815Z_full_graphtools_tree_consensus,C10,gauss_clear_medium,ok,unsupported,1.0,,4,0,False,"{""adaptive_neighbor_grid"": [""(5, 10, 15, 25, 40, 80, 160)"", ""[5, 10, 15, 25, 40, 80, 160]""], ""branch_length_optimization_apply_nonconverged"": [null, ""False""], ""branch_length_optimization_max_iterations"": [""300"", ""1000""]}",True,True
run_20260706_170815Z_full_graphtools_tree_consensus,C10,gauss_clear_large,ok,unsupported,1.0,,5,0,False,"{""adaptive_neighbor_grid"": [""(5, 10, 15, 25, 40, 80, 160)"", ""[5, 10, 15, 25, 40, 80, 160]""], ""branch_length_optimization_apply_nonconverged"": [null, ""False""], ""branch_length_optimization_max_iterations"": [""300"", ""1000""]}",True,True
run_20260706_170815Z_full_graphtools_tree_consensus,C10,gauss_moderate_3c,ok,unsupported,1.0,,3,0,False,"{""adaptive_neighbor_grid"": [""(5, 10, 15, 25, 40, 80, 160)"", ""[5, 10, 15, 25, 40, 80, 160]""], ""branch_length_optimization_apply_nonconverged"": [null, ""False""], ""branch_length_optimization_max_iterations"": [""300"", ""1000""]}",True,True
run_20260706_170815Z_full_graphtools_tree_consensus,C10,gauss_moderate_5c,ok,unsupported,1.0,,5,0,False,"{""adaptive_neighbor_grid"": [""(5, 10, 15, 25, 40, 80, 160)"", ""[5, 10, 15, 25, 40, 80, 160]""], ""branch_length_optimization_apply_nonconverged"": [null, ""False""], ""branch_length_optimization_max_iterations"": [""300"", ""1000""]}",True,True
run_20260706_170815Z_full_graphtools_tree_consensus,C10,gauss_noisy_3c,ok,unsupported,1.0,,3,0,False,"{""adaptive_neighbor_grid"": [""(5, 10, 15, 25, 40, 80, 160)"", ""[5, 10, 15, 25, 40, 80, 160]""], ""branch_length_optimization_apply_nonconverged"": [null, ""False""], ""branch_length_optimization_max_iterations"": [""300"", ""1000""]}",True,True
run_20260706_170815Z_full_graphtools_tree_consensus,C10,gauss_noisy_many,ok,unsupported,1.0,,8,0,False,"{""adaptive_neighbor_grid"": [""(5, 10, 15, 25, 40, 80, 160)"", ""[5, 10, 15, 25, 40, 80, 160]""], ""branch_length_optimization_apply_nonconverged"": [null, ""False""], ""branch_length_optimization_max_iterations"": [""300"", ""1000""]}",True,True
run_20260706_170815Z_full_graphtools_tree_consensus,C10,gauss_null_small,ok,unsupported,1.0,,1,0,False,"{""adaptive_neighbor_grid"": [""(5, 10, 15, 25, 40, 80, 160)"", ""[5, 10, 15, 25, 40, 80, 160]""], ""branch_length_optimization_apply_nonconverged"": [null, ""False""], ""branch_length_optimization_max_iterations"": [""300"", ""1000""]}",True,True
run_20260706_170815Z_full_graphtools_tree_consensus,C10,gauss_null_large,ok,unsupported,0.0,,8,0,False,"{""adaptive_neighbor_grid"": [""(5, 10, 15, 25, 40, 80, 160)"", ""[5, 10, 15, 25, 40, 80, 160]""], ""branch_length_optimization_apply_nonconverged"": [null, ""False""], ""branch_length_optimization_max_iterations"": [""300"", ""1000""]}",True,True
run_20260706_170815Z_full_graphtools_tree_consensus,C10,dim_consolidated_4c_24f,ok,unsupported,0.6867739105930168,,4,0,False,"{""adaptive_neighbor_grid"": [""(5, 10, 15, 25, 40, 80, 160)"", ""[5, 10, 15, 25, 40, 80, 160]""], ""branch_length_optimization_apply_nonconverged"": [null, ""False""], ""branch_length_optimization_max_iterations"": [""300"", ""1000""]}",True,True
run_20260706_170815Z_full_graphtools_tree_consensus,C10,dim_consolidated_4c_72f,ok,unsupported,0.0098624940730203,,2,0,False,"{""adaptive_neighbor_grid"": [""(5, 10, 15, 25, 40, 80, 160)"", ""[5, 10, 15, 25, 40, 80, 160]""], ""branch_length_optimization_apply_nonconverged"": [null, ""False""], ""branch_length_optimization_max_iterations"": [""300"", ""1000""]}",True,True
run_20260706_170815Z_full_graphtools_tree_consensus,C10,dim_consolidated_4c_272f,ok,unsupported,-0.0010944781810478,,2,0,False,"{""adaptive_neighbor_grid"": [""(5, 10, 15, 25, 40, 80, 160)"", ""[5, 10, 15, 25, 40, 80, 160]""], ""branch_length_optimization_apply_nonconverged"": [null, ""False""], ""branch_length_optimization_max_iterations"": [""300"", ""1000""]}",True,True
run_20260706_170815Z_full_graphtools_tree_consensus,C10,dim_diffuse_6c_36f,ok,unsupported,0.0051804956896551,,2,0,False,"{""adaptive_neighbor_grid"": [""(5, 10, 15, 25, 40, 80, 160)"", ""[5, 10, 15, 25, 40, 80, 160]""], ""branch_length_optimization_apply_nonconverged"": [null, ""False""], ""branch_length_optimization_max_iterations"": [""300"", ""1000""]}",True,True
run_20260706_170815Z_full_graphtools_tree_consensus,C10,dim_diffuse_6c_136f,ok,unsupported,-0.0022053970102892,,2,0,False,"{""adaptive_neighbor_grid"": [""(5, 10, 15, 25, 40, 80, 160)"", ""[5, 10, 15, 25, 40, 80, 160]""], ""branch_length_optimization_apply_nonconverged"": [null, ""False""], ""branch_length_optimization_max_iterations"": [""300"", ""1000""]}",True,True
run_20260706_170815Z_full_graphtools_tree_consensus,C10,dim_diffuse_6c_536f,ok,unsupported,-0.0057252803341649,,2,0,False,"{""adaptive_neighbor_grid"": [""(5, 10, 15, 25, 40, 80, 160)"", ""[5, 10, 15, 25, 40, 80, 160]""], ""branch_length_optimization_apply_nonconverged"": [null, ""False""], ""branch_length_optimization_max_iterations"": [""300"", ""1000""]}",True,True
run_20260706_170815Z_full_graphtools_tree_consensus,C10,gauss_single_outlier_4c,ok,unsupported,0.9089062340229728,,5,0,False,"{""adaptive_neighbor_grid"": [""(5, 10, 15, 25, 40, 80, 160)"", ""[5, 10, 15, 25, 40, 80, 160]""], ""branch_length_optimization_apply_nonconverged"": [null, ""False""], ""branch_length_optimization_max_iterations"": [""300"", ""1000""]}",True,True
run_20260706_170815Z_full_graphtools_tree_consensus,C10,gauss_outlier_cluster_4c,ok,unsupported,0.2947912818618396,,2,0,False,"{""adaptive_neighbor_grid"": [""(5, 10, 15, 25, 40, 80, 160)"", ""[5, 10, 15, 25, 40, 80, 160]""], ""branch_length_optimization_apply_nonconverged"": [null, ""False""], ""branch_length_optimization_max_iterations"": [""300"", ""1000""]}",True,True
run_20260706_170815Z_full_graphtools_tree_consensus,C10,gauss_outlier_shell_4c,ok,unsupported,0.9630452514249388,,12,0,False,"{""adaptive_neighbor_grid"": [""(5, 10, 15, 25, 40, 80, 160)"", ""[5, 10, 15, 25, 40, 80, 160]""], ""branch_length_optimization_apply_nonconverged"": [null, ""False""], ""branch_length_optimization_max_iterations"": [""300"", ""1000""]}",True,True
run_20260706_170815Z_full_graphtools_tree_consensus,C10,binary_balanced_low_noise,ok,unsupported,1.0,,4,0,False,"{""adaptive_neighbor_grid"": [""(5, 10, 15, 25, 40, 80, 160)"", ""[5, 10, 15, 25, 40, 80, 160]""], ""branch_length_optimization_apply_nonconverged"": [null, ""False""], ""branch_length_optimization_max_iterations"": [""300"", ""1000""]}",True,True
run_20260706_170815Z_full_graphtools_tree_consensus,C10,binary_balanced_low_noise__2,ok,unsupported,1.0,,4,0,False,"{""adaptive_neighbor_grid"": [""(5, 10, 15, 25, 40, 80, 160)"", ""[5, 10, 15, 25, 40, 80, 160]""], ""branch_length_optimization_apply_nonconverged"": [null, ""False""], ""branch_length_optimization_max_iterations"": [""300"", ""1000""]}",True,True
run_20260706_170815Z_full_graphtools_tree_consensus,C10,sparse_features_72x72,ok,unsupported,1.0,,4,0,False,"{""adaptive_neighbor_grid"": [""(5, 10, 15, 25, 40, 80, 160)"", ""[5, 10, 15, 25, 40, 80, 160]""], ""branch_length_optimization_apply_nonconverged"": [null, ""False""], ""branch_length_optimization_max_iterations"": [""300"", ""1000""]}",True,True
run_20260706_170815Z_full_graphtools_tree_consensus,C10,sparse_features_100x500,ok,unsupported,1.0,,4,0,False,"{""adaptive_neighbor_grid"": [""(5, 10, 15, 25, 40, 80, 160)"", ""[5, 10, 15, 25, 40, 80, 160]""], ""branch_length_optimization_apply_nonconverged"": [null, ""False""], ""branch_length_optimization_max_iterations"": [""300"", ""1000""]}",True,True
run_20260706_170815Z_full_graphtools_tree_consensus,C10,binary_perfect_2c,ok,unsupported,1.0,,2,0,False,"{""adaptive_neighbor_grid"": [""(5, 10, 15, 25, 40, 80, 160)"", ""[5, 10, 15, 25, 40, 80, 160]""], ""branch_length_optimization_apply_nonconverged"": [null, ""False""], ""branch_length_optimization_max_iterations"": [""300"", ""1000""]}",True,True
run_20260706_170815Z_full_graphtools_tree_consensus,C10,binary_perfect_4c,ok,unsupported,0.968302795238732,,5,0,False,"{""adaptive_neighbor_grid"": [""(5, 10, 15, 25, 40, 80, 160)"", ""[5, 10, 15, 25, 40, 80, 160]""], ""branch_length_optimization_apply_nonconverged"": [null, ""False""], ""branch_length_optimization_max_iterations"": [""300"", ""1000""]}",True,True
run_20260706_170815Z_full_graphtools_tree_consensus,C10,binary_perfect_8c,ok,unsupported,1.0,,8,0,False,"{""adaptive_neighbor_grid"": [""(5, 10, 15, 25, 40, 80, 160)"", ""[5, 10, 15, 25, 40, 80, 160]""], ""branch_length_optimization_apply_nonconverged"": [null, ""False""], ""branch_length_optimization_max_iterations"": [""300"", ""1000""]}",True,True
run_20260706_170815Z_full_graphtools_tree_consensus,C10,binary_low_noise_2c,ok,unsupported,0.9074122922711686,,3,0,False,"{""adaptive_neighbor_grid"": [""(5, 10, 15, 25, 40, 80, 160)"", ""[5, 10, 15, 25, 40, 80, 160]""], ""branch_length_optimization_apply_nonconverged"": [null, ""False""], ""branch_length_optimization_max_iterations"": [""300"", ""1000""]}",True,True
run_20260706_170815Z_full_graphtools_tree_consensus,C10,binary_low_noise_4c,ok,unsupported,0.9215706411968094,,6,0,False,"{""adaptive_neighbor_grid"": [""(5, 10, 15, 25, 40, 80, 160)"", ""[5, 10, 15, 25, 40, 80, 160]""], ""branch_length_optimization_apply_nonconverged"": [null, ""False""], ""branch_length_optimization_max_iterations"": [""300"", ""1000""]}",True,True
run_20260706_170815Z_full_graphtools_tree_consensus,C10,binary_low_noise_8c,ok,unsupported,1.0,,8,0,False,"{""adaptive_neighbor_grid"": [""(5, 10, 15, 25, 40, 80, 160)"", ""[5, 10, 15, 25, 40, 80, 160]""], ""branch_length_optimization_apply_nonconverged"": [null, ""False""], ""branch_length_optimization_max_iterations"": [""300"", ""1000""]}",True,True
run_20260706_170815Z_full_graphtools_tree_consensus,C10,binary_low_noise_12c,ok,unsupported,1.0,,12,0,False,"{""adaptive_neighbor_grid"": [""(5, 10, 15, 25, 40, 80, 160)"", ""[5, 10, 15, 25, 40, 80, 160]""], ""branch_length_optimization_apply_nonconverged"": [null, ""False""], ""branch_length_optimization_max_iterations"": [""300"", ""1000""]}",True,True
run_20260706_170815Z_full_graphtools_tree_consensus,C10,binary_moderate_4c,ok,unsupported,1.0,,4,0,False,"{""adaptive_neighbor_grid"": [""(5, 10, 15, 25, 40, 80, 160)"", ""[5, 10, 15, 25, 40, 80, 160]""], ""branch_length_optimization_apply_nonconverged"": [null, ""False""], ""branch_length_optimization_max_iterations"": [""300"", ""1000""]}",True,True
run_20260706_170815Z_full_graphtools_tree_consensus,C10,binary_moderate_6c,ok,unsupported,1.0,,6,0,False,"{""adaptive_neighbor_grid"": [""(5, 10, 15, 25, 40, 80, 160)"", ""[5, 10, 15, 25, 40, 80, 160]""], ""branch_length_optimization_apply_nonconverged"": [null, ""False""], ""branch_length_optimization_max_iterations"": [""300"", ""1000""]}",True,True
run_20260706_170815Z_full_graphtools_tree_consensus,C10,binary_moderate_8c,ok,unsupported,1.0,,8,0,False,"{""adaptive_neighbor_grid"": [""(5, 10, 15, 25, 40, 80, 160)"", ""[5, 10, 15, 25, 40, 80, 160]""], ""branch_length_optimization_apply_nonconverged"": [null, ""False""], ""branch_length_optimization_max_iterations"": [""300"", ""1000""]}",True,True
run_20260706_170815Z_full_graphtools_tree_consensus,C10,binary_hard_4c,ok,unsupported,1.0,,4,0,False,"{""adaptive_neighbor_grid"": [""(5, 10, 15, 25, 40, 80, 160)"", ""[5, 10, 15, 25, 40, 80, 160]""], ""branch_length_optimization_apply_nonconverged"": [null, ""False""], ""branch_length_optimization_max_iterations"": [""300"", ""1000""]}",True,True
run_20260706_170815Z_full_graphtools_tree_consensus,C10,binary_hard_8c,ok,unsupported,1.0,,8,0,False,"{""adaptive_neighbor_grid"": [""(5, 10, 15, 25, 40, 80, 160)"", ""[5, 10, 15, 25, 40, 80, 160]""], ""branch_length_optimization_apply_nonconverged"": [null, ""False""], ""branch_length_optimization_max_iterations"": [""300"", ""1000""]}",True,True
run_20260706_170815Z_full_graphtools_tree_consensus,C10,binary_unbalanced_low,ok,unsupported,1.0,,4,0,False,"{""adaptive_neighbor_grid"": [""(5, 10, 15, 25, 40, 80, 160)"", ""[5, 10, 15, 25, 40, 80, 160]""], ""branch_length_optimization_apply_nonconverged"": [null, ""False""], ""branch_length_optimization_max_iterations"": [""300"", ""1000""]}",True,True
run_20260706_170815Z_full_graphtools_tree_consensus,C10,binary_unbalanced_med,ok,unsupported,1.0,,6,0,False,"{""adaptive_neighbor_grid"": [""(5, 10, 15, 25, 40, 80, 160)"", ""[5, 10, 15, 25, 40, 80, 160]""], ""branch_length_optimization_apply_nonconverged"": [null, ""False""], ""branch_length_optimization_max_iterations"": [""300"", ""1000""]}",True,True
run_20260706_170815Z_full_graphtools_tree_consensus,C10,binary_2clusters,ok,unsupported,1.0,,2,0,False,"{""adaptive_neighbor_grid"": [""(5, 10, 15, 25, 40, 80, 160)"", ""[5, 10, 15, 25, 40, 80, 160]""], ""branch_length_optimization_apply_nonconverged"": [null, ""False""], ""branch_length_optimization_max_iterations"": [""300"", ""1000""]}",True,True
run_20260706_170815Z_full_graphtools_tree_consensus,C10,binary_many_features,ok,unsupported,1.0,,4,0,False,"{""adaptive_neighbor_grid"": [""(5, 10, 15, 25, 40, 80, 160)"", ""[5, 10, 15, 25, 40, 80, 160]""], ""branch_length_optimization_apply_nonconverged"": [null, ""False""], ""branch_length_optimization_max_iterations"": [""300"", ""1000""]}",True,True
run_20260706_170815Z_full_graphtools_tree_consensus,C10,binary_many_clusters,ok,unsupported,1.0,,15,0,False,"{""adaptive_neighbor_grid"": [""(5, 10, 15, 25, 40, 80, 160)"", ""[5, 10, 15, 25, 40, 80, 160]""], ""branch_length_optimization_apply_nonconverged"": [null, ""False""], ""branch_length_optimization_max_iterations"": [""300"", ""1000""]}",True,True
run_20260706_170815Z_full_graphtools_tree_consensus,C10,binary_null_medium,ok,ok,1.0,1.0,1,1,False,"{""adaptive_neighbor_grid"": [""(5, 10, 15, 25, 40, 80, 160)"", ""[5, 10, 15, 25, 40, 80, 160]""], ""branch_length_optimization_apply_nonconverged"": [null, ""False""], ""branch_length_optimization_max_iterations"": [""300"", ""1000""]}",True,True
run_20260706_170815Z_full_graphtools_tree_consensus,C10,binary_multiscale_4c,ok,unsupported,1.0,,4,0,False,"{""adaptive_neighbor_grid"": [""(5, 10, 15, 25, 40, 80, 160)"", ""[5, 10, 15, 25, 40, 80, 160]""], ""branch_length_optimization_apply_nonconverged"": [null, ""False""], ""branch_length_optimization_max_iterations"": [""300"", ""1000""]}",True,True
run_20260706_170815Z_full_graphtools_tree_consensus,C10,binary_multiscale_6c,ok,unsupported,1.0,,6,0,False,"{""adaptive_neighbor_grid"": [""(5, 10, 15, 25, 40, 80, 160)"", ""[5, 10, 15, 25, 40, 80, 160]""], ""branch_length_optimization_apply_nonconverged"": [null, ""False""], ""branch_length_optimization_max_iterations"": [""300"", ""1000""]}",True,True
run_20260706_170815Z_full_graphtools_tree_consensus,C10,binary_noise_feat_50i_200n,ok,unsupported,1.0,,4,0,False,"{""adaptive_neighbor_grid"": [""(5, 10, 15, 25, 40, 80, 160)"", ""[5, 10, 15, 25, 40, 80, 160]""], ""branch_length_optimization_apply_nonconverged"": [null, ""False""], ""branch_length_optimization_max_iterations"": [""300"", ""1000""]}",True,True
run_20260706_170815Z_full_graphtools_tree_consensus,C10,binary_noise_feat_80i_400n,ok,unsupported,1.0,,6,0,False,"{""adaptive_neighbor_grid"": [""(5, 10, 15, 25, 40, 80, 160)"", ""[5, 10, 15, 25, 40, 80, 160]""], ""branch_length_optimization_apply_nonconverged"": [null, ""False""], ""branch_length_optimization_max_iterations"": [""300"", ""1000""]}",True,True
run_20260706_170815Z_full_graphtools_tree_consensus,C10,binary_noise_feat_30i_500n,ok,unsupported,1.0,,3,0,False,"{""adaptive_neighbor_grid"": [""(5, 10, 15, 25, 40, 80, 160)"", ""[5, 10, 15, 25, 40, 80, 160]""], ""branch_length_optimization_apply_nonconverged"": [null, ""False""], ""branch_length_optimization_max_iterations"": [""300"", ""1000""]}",True,True
run_20260706_170815Z_full_graphtools_tree_consensus,C10,sbm_clear_small,ok,unsupported,0.8688989349475136,,2,0,False,"{""adaptive_neighbor_grid"": [""(5, 10, 15, 25, 40, 80, 160)"", ""[5, 10, 15, 25, 40, 80, 160]""], ""branch_length_optimization_apply_nonconverged"": [null, ""False""], ""branch_length_optimization_max_iterations"": [""300"", ""1000""]}",True,True
run_20260706_170815Z_full_graphtools_tree_consensus,C10,sbm_moderate,ok,unsupported,0.0,,1,0,False,"{""adaptive_neighbor_grid"": [""(5, 10, 15, 25, 40, 80, 160)"", ""[5, 10, 15, 25, 40, 80, 160]""], ""branch_length_optimization_apply_nonconverged"": [null, ""False""], ""branch_length_optimization_max_iterations"": [""300"", ""1000""]}",True,True
run_20260706_170815Z_full_graphtools_tree_consensus,C10,sbm_hard,ok,ok,0.0,0.0,1,1,False,"{""adaptive_neighbor_grid"": [""(5, 10, 15, 25, 40, 80, 160)"", ""[5, 10, 15, 25, 40, 80, 160]""], ""branch_length_optimization_apply_nonconverged"": [null, ""False""], ""branch_length_optimization_max_iterations"": [""300"", ""1000""]}",True,True
run_20260706_170815Z_full_graphtools_tree_consensus,C10,cat_clear_3cat_4c,ok,unsupported,0.7079646017699115,,3,0,False,"{""adaptive_neighbor_grid"": [""(5, 10, 15, 25, 40, 80, 160)"", ""[5, 10, 15, 25, 40, 80, 160]""], ""branch_length_optimization_apply_nonconverged"": [null, ""False""], ""branch_length_optimization_max_iterations"": [""300"", ""1000""]}",True,True
run_20260706_170815Z_full_graphtools_tree_consensus,C10,cat_clear_4cat_4c,ok,unsupported,1.0,,4,0,False,"{""adaptive_neighbor_grid"": [""(5, 10, 15, 25, 40, 80, 160)"", ""[5, 10, 15, 25, 40, 80, 160]""], ""branch_length_optimization_apply_nonconverged"": [null, ""False""], ""branch_length_optimization_max_iterations"": [""300"", ""1000""]}",True,True
run_20260706_170815Z_full_graphtools_tree_consensus,C10,cat_clear_5cat_6c,ok,unsupported,1.0,,6,0,False,"{""adaptive_neighbor_grid"": [""(5, 10, 15, 25, 40, 80, 160)"", ""[5, 10, 15, 25, 40, 80, 160]""], ""branch_length_optimization_apply_nonconverged"": [null, ""False""], ""branch_length_optimization_max_iterations"": [""300"", ""1000""]}",True,True
run_20260706_170815Z_full_graphtools_tree_consensus,C10,cat_mod_3cat_4c,ok,unsupported,0.955960235321142,,4,0,False,"{""adaptive_neighbor_grid"": [""(5, 10, 15, 25, 40, 80, 160)"", ""[5, 10, 15, 25, 40, 80, 160]""], ""branch_length_optimization_apply_nonconverged"": [null, ""False""], ""branch_length_optimization_max_iterations"": [""300"", ""1000""]}",True,True
run_20260706_170815Z_full_graphtools_tree_consensus,C10,cat_mod_4cat_6c,ok,unsupported,1.0,,6,0,False,"{""adaptive_neighbor_grid"": [""(5, 10, 15, 25, 40, 80, 160)"", ""[5, 10, 15, 25, 40, 80, 160]""], ""branch_length_optimization_apply_nonconverged"": [null, ""False""], ""branch_length_optimization_max_iterations"": [""300"", ""1000""]}",True,True
run_20260706_170815Z_full_graphtools_tree_consensus,C10,cat_highcard_10cat_4c,ok,unsupported,0.986598879940902,,4,0,False,"{""adaptive_neighbor_grid"": [""(5, 10, 15, 25, 40, 80, 160)"", ""[5, 10, 15, 25, 40, 80, 160]""], ""branch_length_optimization_apply_nonconverged"": [null, ""False""], ""branch_length_optimization_max_iterations"": [""300"", ""1000""]}",True,True
run_20260706_170815Z_full_graphtools_tree_consensus,C10,cat_highcard_20cat_4c,ok,unsupported,0.3299663299663299,,2,0,False,"{""adaptive_neighbor_grid"": [""(5, 10, 15, 25, 40, 80, 160)"", ""[5, 10, 15, 25, 40, 80, 160]""], ""branch_length_optimization_apply_nonconverged"": [null, ""False""], ""branch_length_optimization_max_iterations"": [""300"", ""1000""]}",True,True
run_20260706_170815Z_full_graphtools_tree_consensus,C10,cat_unbal_3cat_4c,ok,unsupported,0.9809920929302728,,4,0,False,"{""adaptive_neighbor_grid"": [""(5, 10, 15, 25, 40, 80, 160)"", ""[5, 10, 15, 25, 40, 80, 160]""], ""branch_length_optimization_apply_nonconverged"": [null, ""False""], ""branch_length_optimization_max_iterations"": [""300"", ""1000""]}",True,True
run_20260706_170815Z_full_graphtools_tree_consensus,C10,cat_overlap_3cat_4c,ok,unsupported,0.7094829374349906,,3,0,False,"{""adaptive_neighbor_grid"": [""(5, 10, 15, 25, 40, 80, 160)"", ""[5, 10, 15, 25, 40, 80, 160]""], ""branch_length_optimization_apply_nonconverged"": [null, ""False""], ""branch_length_optimization_max_iterations"": [""300"", ""1000""]}",True,True
run_20260706_170815Z_full_graphtools_tree_consensus,C10,cat_highd_3cat_500feat,ok,unsupported,1.0,,4,0,False,"{""adaptive_neighbor_grid"": [""(5, 10, 15, 25, 40, 80, 160)"", ""[5, 10, 15, 25, 40, 80, 160]""], ""branch_length_optimization_apply_nonconverged"": [null, ""False""], ""branch_length_optimization_max_iterations"": [""300"", ""1000""]}",True,True
run_20260706_170815Z_full_graphtools_tree_consensus,C10,cat_highd_4cat_1000feat,ok,unsupported,0.9142051624315064,,12,0,False,"{""adaptive_neighbor_grid"": [""(5, 10, 15, 25, 40, 80, 160)"", ""[5, 10, 15, 25, 40, 80, 160]""], ""branch_length_optimization_apply_nonconverged"": [null, ""False""], ""branch_length_optimization_max_iterations"": [""300"", ""1000""]}",True,True
run_20260706_170815Z_full_graphtools_tree_consensus,C10,phylo_dna_4taxa_low_mut,ok,unsupported,1.0,,4,0,False,"{""adaptive_neighbor_grid"": [""(5, 10, 15, 25, 40, 80, 160)"", ""[5, 10, 15, 25, 40, 80, 160]""], ""branch_length_optimization_apply_nonconverged"": [null, ""False""], ""branch_length_optimization_max_iterations"": [""300"", ""1000""]}",True,True
run_20260706_170815Z_full_graphtools_tree_consensus,C10,phylo_dna_8taxa_low_mut,ok,unsupported,1.0,,8,0,False,"{""adaptive_neighbor_grid"": [""(5, 10, 15, 25, 40, 80, 160)"", ""[5, 10, 15, 25, 40, 80, 160]""], ""branch_length_optimization_apply_nonconverged"": [null, ""False""], ""branch_length_optimization_max_iterations"": [""300"", ""1000""]}",True,True
run_20260706_170815Z_full_graphtools_tree_consensus,C10,phylo_dna_8taxa_med_mut,ok,unsupported,0.9864116758933064,,9,0,False,"{""adaptive_neighbor_grid"": [""(5, 10, 15, 25, 40, 80, 160)"", ""[5, 10, 15, 25, 40, 80, 160]""], ""branch_length_optimization_apply_nonconverged"": [null, ""False""], ""branch_length_optimization_max_iterations"": [""300"", ""1000""]}",True,True
run_20260706_170815Z_full_graphtools_tree_consensus,C10,phylo_dna_16taxa_low_mut,ok,unsupported,0.858853998539197,,41,0,False,"{""adaptive_neighbor_grid"": [""(5, 10, 15, 25, 40, 80, 160)"", ""[5, 10, 15, 25, 40, 80, 160]""], ""branch_length_optimization_apply_nonconverged"": [null, ""False""], ""branch_length_optimization_max_iterations"": [""300"", ""1000""]}",True,True
run_20260706_170815Z_full_graphtools_tree_consensus,C10,phylo_protein_4taxa,ok,unsupported,1.0,,4,0,False,"{""adaptive_neighbor_grid"": [""(5, 10, 15, 25, 40, 80, 160)"", ""[5, 10, 15, 25, 40, 80, 160]""], ""branch_length_optimization_apply_nonconverged"": [null, ""False""], ""branch_length_optimization_max_iterations"": [""300"", ""1000""]}",True,True
run_20260706_170815Z_full_graphtools_tree_consensus,C10,phylo_protein_8taxa,ok,unsupported,1.0,,8,0,False,"{""adaptive_neighbor_grid"": [""(5, 10, 15, 25, 40, 80, 160)"", ""[5, 10, 15, 25, 40, 80, 160]""], ""branch_length_optimization_apply_nonconverged"": [null, ""False""], ""branch_length_optimization_max_iterations"": [""300"", ""1000""]}",True,True
run_20260706_170815Z_full_graphtools_tree_consensus,C10,phylo_protein_12taxa,ok,unsupported,1.0,,12,0,False,"{""adaptive_neighbor_grid"": [""(5, 10, 15, 25, 40, 80, 160)"", ""[5, 10, 15, 25, 40, 80, 160]""], ""branch_length_optimization_apply_nonconverged"": [null, ""False""], ""branch_length_optimization_max_iterations"": [""300"", ""1000""]}",True,True
run_20260706_170815Z_full_graphtools_tree_consensus,C10,phylo_divergent_4taxa,ok,unsupported,1.0,,4,0,False,"{""adaptive_neighbor_grid"": [""(5, 10, 15, 25, 40, 80, 160)"", ""[5, 10, 15, 25, 40, 80, 160]""], ""branch_length_optimization_apply_nonconverged"": [null, ""False""], ""branch_length_optimization_max_iterations"": [""300"", ""1000""]}",True,True
run_20260706_170815Z_full_graphtools_tree_consensus,C10,phylo_divergent_8taxa,ok,unsupported,1.0,,8,0,False,"{""adaptive_neighbor_grid"": [""(5, 10, 15, 25, 40, 80, 160)"", ""[5, 10, 15, 25, 40, 80, 160]""], ""branch_length_optimization_apply_nonconverged"": [null, ""False""], ""branch_length_optimization_max_iterations"": [""300"", ""1000""]}",True,True
run_20260706_170815Z_full_graphtools_tree_consensus,C10,phylo_conserved_4taxa,ok,unsupported,0.963008254356466,,5,0,False,"{""adaptive_neighbor_grid"": [""(5, 10, 15, 25, 40, 80, 160)"", ""[5, 10, 15, 25, 40, 80, 160]""], ""branch_length_optimization_apply_nonconverged"": [null, ""False""], ""branch_length_optimization_max_iterations"": [""300"", ""1000""]}",True,True
run_20260706_170815Z_full_graphtools_tree_consensus,C10,phylo_conserved_8taxa,ok,unsupported,1.0,,8,0,False,"{""adaptive_neighbor_grid"": [""(5, 10, 15, 25, 40, 80, 160)"", ""[5, 10, 15, 25, 40, 80, 160]""], ""branch_length_optimization_apply_nonconverged"": [null, ""False""], ""branch_length_optimization_max_iterations"": [""300"", ""1000""]}",True,True
run_20260706_170815Z_full_graphtools_tree_consensus,C10,phylo_large_32taxa,ok,unsupported,1.0,,32,0,False,"{""adaptive_neighbor_grid"": [""(5, 10, 15, 25, 40, 80, 160)"", ""[5, 10, 15, 25, 40, 80, 160]""], ""branch_length_optimization_apply_nonconverged"": [null, ""False""], ""branch_length_optimization_max_iterations"": [""300"", ""1000""]}",True,True
run_20260706_170815Z_full_graphtools_tree_consensus,C10,phylo_large_64taxa,ok,unsupported,0.8027746915984405,,134,0,False,"{""adaptive_neighbor_grid"": [""(5, 10, 15, 25, 40, 80, 160)"", ""[5, 10, 15, 25, 40, 80, 160]""], ""branch_length_optimization_apply_nonconverged"": [null, ""False""], ""branch_length_optimization_max_iterations"": [""300"", ""1000""]}",True,True
run_20260706_170815Z_full_graphtools_tree_consensus,C10,overlap_heavy_4c_small_feat,ok,unsupported,0.0,,1,0,False,"{""adaptive_neighbor_grid"": [""(5, 10, 15, 25, 40, 80, 160)"", ""[5, 10, 15, 25, 40, 80, 160]""], ""branch_length_optimization_apply_nonconverged"": [null, ""False""], ""branch_length_optimization_max_iterations"": [""300"", ""1000""]}",True,True
run_20260706_170815Z_full_graphtools_tree_consensus,C10,overlap_heavy_4c_med_feat,ok,unsupported,0.0475474566378473,,2,0,False,"{""adaptive_neighbor_grid"": [""(5, 10, 15, 25, 40, 80, 160)"", ""[5, 10, 15, 25, 40, 80, 160]""], ""branch_length_optimization_apply_nonconverged"": [null, ""False""], ""branch_length_optimization_max_iterations"": [""300"", ""1000""]}",True,True
run_20260706_170815Z_full_graphtools_tree_consensus,C10,overlap_heavy_8c_large_feat,ok,unsupported,0.0,,1,0,False,"{""adaptive_neighbor_grid"": [""(5, 10, 15, 25, 40, 80, 160)"", ""[5, 10, 15, 25, 40, 80, 160]""], ""branch_length_optimization_apply_nonconverged"": [null, ""False""], ""branch_length_optimization_max_iterations"": [""300"", ""1000""]}",True,True
run_20260706_170815Z_full_graphtools_tree_consensus,C10,overlap_extreme_4c,ok,unsupported,0.0,,1,0,False,"{""adaptive_neighbor_grid"": [""(5, 10, 15, 25, 40, 80, 160)"", ""[5, 10, 15, 25, 40, 80, 160]""], ""branch_length_optimization_apply_nonconverged"": [null, ""False""], ""branch_length_optimization_max_iterations"": [""300"", ""1000""]}",True,True
run_20260706_170815Z_full_graphtools_tree_consensus,C10,overlap_mod_4c_small,ok,unsupported,0.6575486348144913,,3,0,False,"{""adaptive_neighbor_grid"": [""(5, 10, 15, 25, 40, 80, 160)"", ""[5, 10, 15, 25, 40, 80, 160]""], ""branch_length_optimization_apply_nonconverged"": [null, ""False""], ""branch_length_optimization_max_iterations"": [""300"", ""1000""]}",True,True
run_20260706_170815Z_full_graphtools_tree_consensus,C10,overlap_mod_6c_med,ok,unsupported,0.8223079204983684,,5,0,False,"{""adaptive_neighbor_grid"": [""(5, 10, 15, 25, 40, 80, 160)"", ""[5, 10, 15, 25, 40, 80, 160]""], ""branch_length_optimization_apply_nonconverged"": [null, ""False""], ""branch_length_optimization_max_iterations"": [""300"", ""1000""]}",True,True
run_20260706_170815Z_full_graphtools_tree_consensus,C10,overlap_mod_8c_large,ok,unsupported,1.0,,8,0,False,"{""adaptive_neighbor_grid"": [""(5, 10, 15, 25, 40, 80, 160)"", ""[5, 10, 15, 25, 40, 80, 160]""], ""branch_length_optimization_apply_nonconverged"": [null, ""False""], ""branch_length_optimization_max_iterations"": [""300"", ""1000""]}",True,True
run_20260706_170815Z_full_graphtools_tree_consensus,C10,overlap_part_4c_small,ok,unsupported,0.9866670908875584,,4,0,False,"{""adaptive_neighbor_grid"": [""(5, 10, 15, 25, 40, 80, 160)"", ""[5, 10, 15, 25, 40, 80, 160]""], ""branch_length_optimization_apply_nonconverged"": [null, ""False""], ""branch_length_optimization_max_iterations"": [""300"", ""1000""]}",True,True
run_20260706_170815Z_full_graphtools_tree_consensus,C10,overlap_part_6c_med,ok,unsupported,1.0,,6,0,False,"{""adaptive_neighbor_grid"": [""(5, 10, 15, 25, 40, 80, 160)"", ""[5, 10, 15, 25, 40, 80, 160]""], ""branch_length_optimization_apply_nonconverged"": [null, ""False""], ""branch_length_optimization_max_iterations"": [""300"", ""1000""]}",True,True
run_20260706_170815Z_full_graphtools_tree_consensus,C10,overlap_part_8c_large,ok,unsupported,1.0,,8,0,False,"{""adaptive_neighbor_grid"": [""(5, 10, 15, 25, 40, 80, 160)"", ""[5, 10, 15, 25, 40, 80, 160]""], ""branch_length_optimization_apply_nonconverged"": [null, ""False""], ""branch_length_optimization_max_iterations"": [""300"", ""1000""]}",True,True
run_20260706_170815Z_full_graphtools_tree_consensus,C10,overlap_hd_4c_1k,ok,unsupported,0.9627955042234976,,4,0,False,"{""adaptive_neighbor_grid"": [""(5, 10, 15, 25, 40, 80, 160)"", ""[5, 10, 15, 25, 40, 80, 160]""], ""branch_length_optimization_apply_nonconverged"": [null, ""False""], ""branch_length_optimization_max_iterations"": [""300"", ""1000""]}",True,True
run_20260706_170815Z_full_graphtools_tree_consensus,C10,overlap_unbal_4c_small,ok,unsupported,0.2129541429654181,,2,0,False,"{""adaptive_neighbor_grid"": [""(5, 10, 15, 25, 40, 80, 160)"", ""[5, 10, 15, 25, 40, 80, 160]""], ""branch_length_optimization_apply_nonconverged"": [null, ""False""], ""branch_length_optimization_max_iterations"": [""300"", ""1000""]}",True,True
run_20260706_170815Z_full_graphtools_tree_consensus,C10,overlap_unbal_6c_med,ok,unsupported,1.0,,6,0,False,"{""adaptive_neighbor_grid"": [""(5, 10, 15, 25, 40, 80, 160)"", ""[5, 10, 15, 25, 40, 80, 160]""], ""branch_length_optimization_apply_nonconverged"": [null, ""False""], ""branch_length_optimization_max_iterations"": [""300"", ""1000""]}",True,True
run_20260706_170815Z_full_graphtools_tree_consensus,C10,overlap_unbal_8c_large,ok,unsupported,1.0,,8,0,False,"{""adaptive_neighbor_grid"": [""(5, 10, 15, 25, 40, 80, 160)"", ""[5, 10, 15, 25, 40, 80, 160]""], ""branch_length_optimization_apply_nonconverged"": [null, ""False""], ""branch_length_optimization_max_iterations"": [""300"", ""1000""]}",True,True
run_20260706_170815Z_full_graphtools_tree_consensus,C10,gauss_overlap_3c_small,ok,unsupported,1.0,,3,0,False,"{""adaptive_neighbor_grid"": [""(5, 10, 15, 25, 40, 80, 160)"", ""[5, 10, 15, 25, 40, 80, 160]""], ""branch_length_optimization_apply_nonconverged"": [null, ""False""], ""branch_length_optimization_max_iterations"": [""300"", ""1000""]}",True,True
run_20260706_170815Z_full_graphtools_tree_consensus,C10,gauss_overlap_4c_med,ok,unsupported,1.0,,4,0,False,"{""adaptive_neighbor_grid"": [""(5, 10, 15, 25, 40, 80, 160)"", ""[5, 10, 15, 25, 40, 80, 160]""], ""branch_length_optimization_apply_nonconverged"": [null, ""False""], ""branch_length_optimization_max_iterations"": [""300"", ""1000""]}",True,True
run_20260706_170815Z_full_graphtools_tree_consensus,C10,gauss_overlap_6c_large,ok,unsupported,1.0,,6,0,False,"{""adaptive_neighbor_grid"": [""(5, 10, 15, 25, 40, 80, 160)"", ""[5, 10, 15, 25, 40, 80, 160]""], ""branch_length_optimization_apply_nonconverged"": [null, ""False""], ""branch_length_optimization_max_iterations"": [""300"", ""1000""]}",True,True
run_20260706_170815Z_full_graphtools_tree_consensus,C10,gauss_overlap_8c_highd,ok,unsupported,1.0,,8,0,False,"{""adaptive_neighbor_grid"": [""(5, 10, 15, 25, 40, 80, 160)"", ""[5, 10, 15, 25, 40, 80, 160]""], ""branch_length_optimization_apply_nonconverged"": [null, ""False""], ""branch_length_optimization_max_iterations"": [""300"", ""1000""]}",True,True
run_20260706_170815Z_full_graphtools_tree_consensus,C10,gauss_overlap_extreme_4c,ok,unsupported,1.0,,4,0,False,"{""adaptive_neighbor_grid"": [""(5, 10, 15, 25, 40, 80, 160)"", ""[5, 10, 15, 25, 40, 80, 160]""], ""branch_length_optimization_apply_nonconverged"": [null, ""False""], ""branch_length_optimization_max_iterations"": [""300"", ""1000""]}",True,True
run_20260706_170815Z_full_graphtools_tree_consensus,C10,gauss_overlap_extreme_6c,ok,unsupported,0.9275741949035492,,13,0,False,"{""adaptive_neighbor_grid"": [""(5, 10, 15, 25, 40, 80, 160)"", ""[5, 10, 15, 25, 40, 80, 160]""], ""branch_length_optimization_apply_nonconverged"": [null, ""False""], ""branch_length_optimization_max_iterations"": [""300"", ""1000""]}",True,True
run_20260706_170815Z_full_graphtools_tree_consensus,C10,gauss_overlap_many_10c,ok,unsupported,1.0,,10,0,False,"{""adaptive_neighbor_grid"": [""(5, 10, 15, 25, 40, 80, 160)"", ""[5, 10, 15, 25, 40, 80, 160]""], ""branch_length_optimization_apply_nonconverged"": [null, ""False""], ""branch_length_optimization_max_iterations"": [""300"", ""1000""]}",True,True
run_20260706_170815Z_full_graphtools_tree_consensus,C10,gauss_overlap_dense_8c,ok,unsupported,0.963209970297578,,10,0,False,"{""adaptive_neighbor_grid"": [""(5, 10, 15, 25, 40, 80, 160)"", ""[5, 10, 15, 25, 40, 80, 160]""], ""branch_length_optimization_apply_nonconverged"": [null, ""False""], ""branch_length_optimization_max_iterations"": [""300"", ""1000""]}",True,True
run_20260706_170815Z_full_graphtools_tree_consensus,C10,gauss_overlap_3c_small_q3,ok,unsupported,1.0,,3,0,False,"{""adaptive_neighbor_grid"": [""(5, 10, 15, 25, 40, 80, 160)"", ""[5, 10, 15, 25, 40, 80, 160]""], ""branch_length_optimization_apply_nonconverged"": [null, ""False""], ""branch_length_optimization_max_iterations"": [""300"", ""1000""]}",True,True
run_20260706_170815Z_full_graphtools_tree_consensus,C10,gauss_overlap_3c_small_q4,ok,unsupported,1.0,,3,0,False,"{""adaptive_neighbor_grid"": [""(5, 10, 15, 25, 40, 80, 160)"", ""[5, 10, 15, 25, 40, 80, 160]""], ""branch_length_optimization_apply_nonconverged"": [null, ""False""], ""branch_length_optimization_max_iterations"": [""300"", ""1000""]}",True,True
run_20260706_170815Z_full_graphtools_tree_consensus,C10,gauss_overlap_3c_small_q5,ok,unsupported,1.0,,3,0,False,"{""adaptive_neighbor_grid"": [""(5, 10, 15, 25, 40, 80, 160)"", ""[5, 10, 15, 25, 40, 80, 160]""], ""branch_length_optimization_apply_nonconverged"": [null, ""False""], ""branch_length_optimization_max_iterations"": [""300"", ""1000""]}",True,True
run_20260706_170815Z_full_graphtools_tree_consensus,C10,bar_binary_balanced_4c,ok,unsupported,0.2727538135902488,,2,0,False,"{""adaptive_neighbor_grid"": [""(5, 10, 15, 25, 40, 80, 160)"", ""[5, 10, 15, 25, 40, 80, 160]""], ""branch_length_optimization_apply_nonconverged"": [null, ""False""], ""branch_length_optimization_max_iterations"": [""300"", ""1000""]}",True,True
run_20260706_170815Z_full_graphtools_tree_consensus,C10,bar_binary_unbalanced_95_5,ok,unsupported,0.8822818317294334,,2,0,False,"{""adaptive_neighbor_grid"": [""(5, 10, 15, 25, 40, 80, 160)"", ""[5, 10, 15, 25, 40, 80, 160]""], ""branch_length_optimization_apply_nonconverged"": [null, ""False""], ""branch_length_optimization_max_iterations"": [""300"", ""1000""]}",True,True
run_20260706_170815Z_full_graphtools_tree_consensus,C10,cat_simplex_face_rare_20cat,ok,unsupported,0.0,,1,0,False,"{""adaptive_neighbor_grid"": [""(5, 10, 15, 25, 40, 80, 160)"", ""[5, 10, 15, 25, 40, 80, 160]""], ""branch_length_optimization_apply_nonconverged"": [null, ""False""], ""branch_length_optimization_max_iterations"": [""300"", ""1000""]}",True,True
run_20260706_170815Z_full_graphtools_tree_consensus,C10,cat_dirichlet_overdispersed_20cat,ok,unsupported,0.0,,1,0,False,"{""adaptive_neighbor_grid"": [""(5, 10, 15, 25, 40, 80, 160)"", ""[5, 10, 15, 25, 40, 80, 160]""], ""branch_length_optimization_apply_nonconverged"": [null, ""False""], ""branch_length_optimization_max_iterations"": [""300"", ""1000""]}",True,True
run_20260706_170815Z_full_graphtools_tree_consensus,C10,support_selected_only_fail_closed,ok,unsupported,1.0,,4,0,False,"{""adaptive_neighbor_grid"": [""(5, 10, 15, 25, 40, 80, 160)"", ""[5, 10, 15, 25, 40, 80, 160]""], ""branch_length_optimization_apply_nonconverged"": [null, ""False""], ""branch_length_optimization_max_iterations"": [""300"", ""1000""]}",True,True
run_20260706_170815Z_full_graphtools_tree_consensus,C10,traversal_deep_signal_under_same_parent,ok,unsupported,0.0,,1,0,False,"{""adaptive_neighbor_grid"": [""(5, 10, 15, 25, 40, 80, 160)"", ""[5, 10, 15, 25, 40, 80, 160]""], ""branch_length_optimization_apply_nonconverged"": [null, ""False""], ""branch_length_optimization_max_iterations"": [""300"", ""1000""]}",True,True
run_20260706_170815Z_full_graphtools_tree_consensus,C10,traversal_deep_branch_recovery_stress,ok,unsupported,1.0,,6,0,False,"{""adaptive_neighbor_grid"": [""(5, 10, 15, 25, 40, 80, 160)"", ""[5, 10, 15, 25, 40, 80, 160]""], ""branch_length_optimization_apply_nonconverged"": [null, ""False""], ""branch_length_optimization_max_iterations"": [""300"", ""1000""]}",True,True
run_20260630_130921Z_full,C02,gauss_extreme_noise_3c,ok,unsupported,1.0,,3,0,False,"{""benchmark_seed"": [null, ""42""], ""branch_length_optimization_apply_nonconverged"": [null, ""False""], ""branch_length_optimization_max_iterations"": [""300"", ""1000""], ""tree_builder"": [null, ""linkage""], ""tree_linkage_method"": [null, ""average""], ""tree_rooting"": [null, ""linkage_root""]}",True,True
run_20260630_130921Z_full,C02,gauss_extreme_noise_many,ok,unsupported,0.3456013685190309,,141,0,False,"{""benchmark_seed"": [null, ""44""], ""branch_length_optimization_apply_nonconverged"": [null, ""False""], ""branch_length_optimization_max_iterations"": [""300"", ""1000""], ""tree_builder"": [null, ""linkage""], ""tree_linkage_method"": [null, ""average""], ""tree_rooting"": [null, ""linkage_root""]}",True,True
run_20260630_130921Z_full,C02,gauss_clear_small,ok,unsupported,1.0,,3,0,False,"{""benchmark_seed"": [null, ""100""], ""branch_length_optimization_apply_nonconverged"": [null, ""False""], ""branch_length_optimization_max_iterations"": [""300"", ""1000""], ""tree_builder"": [null, ""linkage""], ""tree_linkage_method"": [null, ""average""], ""tree_rooting"": [null, ""linkage_root""]}",True,True
run_20260630_130921Z_full,C02,gauss_clear_medium,ok,unsupported,1.0,,4,0,False,"{""benchmark_seed"": [null, ""101""], ""branch_length_optimization_apply_nonconverged"": [null, ""False""], ""branch_length_optimization_max_iterations"": [""300"", ""1000""], ""tree_builder"": [null, ""linkage""], ""tree_linkage_method"": [null, ""average""], ""tree_rooting"": [null, ""linkage_root""]}",True,True
run_20260630_130921Z_full,C02,gauss_clear_large,ok,unsupported,1.0,,5,0,False,"{""benchmark_seed"": [null, ""102""], ""branch_length_optimization_apply_nonconverged"": [null, ""False""], ""branch_length_optimization_max_iterations"": [""300"", ""1000""], ""tree_builder"": [null, ""linkage""], ""tree_linkage_method"": [null, ""average""], ""tree_rooting"": [null, ""linkage_root""]}",True,True
run_20260630_130921Z_full,C02,gauss_moderate_3c,ok,unsupported,1.0,,3,0,False,"{""benchmark_seed"": [null, ""200""], ""branch_length_optimization_apply_nonconverged"": [null, ""False""], ""branch_length_optimization_max_iterations"": [""300"", ""1000""], ""tree_builder"": [null, ""linkage""], ""tree_linkage_method"": [null, ""average""], ""tree_rooting"": [null, ""linkage_root""]}",True,True
run_20260630_130921Z_full,C02,gauss_moderate_5c,ok,unsupported,1.0,,5,0,False,"{""benchmark_seed"": [null, ""201""], ""branch_length_optimization_apply_nonconverged"": [null, ""False""], ""branch_length_optimization_max_iterations"": [""300"", ""1000""], ""tree_builder"": [null, ""linkage""], ""tree_linkage_method"": [null, ""average""], ""tree_rooting"": [null, ""linkage_root""]}",True,True
run_20260630_130921Z_full,C02,gauss_noisy_3c,ok,unsupported,1.0,,3,0,False,"{""benchmark_seed"": [null, ""300""], ""branch_length_optimization_apply_nonconverged"": [null, ""False""], ""branch_length_optimization_max_iterations"": [""300"", ""1000""], ""tree_builder"": [null, ""linkage""], ""tree_linkage_method"": [null, ""average""], ""tree_rooting"": [null, ""linkage_root""]}",True,True
run_20260630_130921Z_full,C02,gauss_noisy_many,ok,unsupported,1.0,,8,0,False,"{""benchmark_seed"": [null, ""301""], ""branch_length_optimization_apply_nonconverged"": [null, ""False""], ""branch_length_optimization_max_iterations"": [""300"", ""1000""], ""tree_builder"": [null, ""linkage""], ""tree_linkage_method"": [null, ""average""], ""tree_rooting"": [null, ""linkage_root""]}",True,True
run_20260630_130921Z_full,C02,gauss_null_small,ok,unsupported,0.0,,2,0,False,"{""benchmark_seed"": [null, ""400""], ""branch_length_optimization_apply_nonconverged"": [null, ""False""], ""branch_length_optimization_max_iterations"": [""300"", ""1000""], ""tree_builder"": [null, ""linkage""], ""tree_linkage_method"": [null, ""average""], ""tree_rooting"": [null, ""linkage_root""]}",True,True
run_20260630_130921Z_full,C02,gauss_null_large,ok,unsupported,1.0,,1,0,False,"{""benchmark_seed"": [null, ""401""], ""branch_length_optimization_apply_nonconverged"": [null, ""False""], ""branch_length_optimization_max_iterations"": [""300"", ""1000""], ""tree_builder"": [null, ""linkage""], ""tree_linkage_method"": [null, ""average""], ""tree_rooting"": [null, ""linkage_root""]}",True,True
run_20260630_130921Z_full,C02,gauss_clear_medium_continuous,ok,ok,0.0,0.0,1,1,False,"{""benchmark_seed"": [null, ""101""], ""branch_length_optimization_apply_nonconverged"": [null, ""False""], ""branch_length_optimization_max_iterations"": [""300"", ""1000""], ""tree_builder"": [null, ""linkage""], ""tree_linkage_method"": [null, ""average""], ""tree_rooting"": [null, ""linkage_root""]}",True,True
run_20260630_130921Z_full,C02,gauss_moderate_3c_continuous,ok,ok,0.0,0.0,1,1,False,"{""benchmark_seed"": [null, ""200""], ""branch_length_optimization_apply_nonconverged"": [null, ""False""], ""branch_length_optimization_max_iterations"": [""300"", ""1000""], ""tree_builder"": [null, ""linkage""], ""tree_linkage_method"": [null, ""average""], ""tree_rooting"": [null, ""linkage_root""]}",True,True
run_20260630_130921Z_full,C02,gauss_null_large_continuous,ok,ok,1.0,1.0,1,1,False,"{""benchmark_seed"": [null, ""401""], ""branch_length_optimization_apply_nonconverged"": [null, ""False""], ""branch_length_optimization_max_iterations"": [""300"", ""1000""], ""tree_builder"": [null, ""linkage""], ""tree_linkage_method"": [null, ""average""], ""tree_rooting"": [null, ""linkage_root""]}",True,True
run_20260630_130921Z_full,C02,dim_consolidated_4c_24f,ok,unsupported,0.4035201678286685,,9,0,False,"{""benchmark_seed"": [null, ""13000""], ""branch_length_optimization_apply_nonconverged"": [null, ""False""], ""branch_length_optimization_max_iterations"": [""300"", ""1000""], ""tree_builder"": [null, ""linkage""], ""tree_linkage_method"": [null, ""average""], ""tree_rooting"": [null, ""linkage_root""]}",True,True
run_20260630_130921Z_full,C02,dim_consolidated_4c_72f,ok,unsupported,-0.0091073873330435,,2,0,False,"{""benchmark_seed"": [null, ""13001""], ""branch_length_optimization_apply_nonconverged"": [null, ""False""], ""branch_length_optimization_max_iterations"": [""300"", ""1000""], ""tree_builder"": [null, ""linkage""], ""tree_linkage_method"": [null, ""average""], ""tree_rooting"": [null, ""linkage_root""]}",True,True
run_20260630_130921Z_full,C02,dim_consolidated_4c_272f,ok,unsupported,-0.0048686563877307,,2,0,False,"{""benchmark_seed"": [null, ""13002""], ""branch_length_optimization_apply_nonconverged"": [null, ""False""], ""branch_length_optimization_max_iterations"": [""300"", ""1000""], ""tree_builder"": [null, ""linkage""], ""tree_linkage_method"": [null, ""average""], ""tree_rooting"": [null, ""linkage_root""]}",True,True
run_20260630_130921Z_full,C02,dim_diffuse_6c_36f,ok,unsupported,0.016063827866929,,3,0,False,"{""benchmark_seed"": [null, ""13100""], ""branch_length_optimization_apply_nonconverged"": [null, ""False""], ""branch_length_optimization_max_iterations"": [""300"", ""1000""], ""tree_builder"": [null, ""linkage""], ""tree_linkage_method"": [null, ""average""], ""tree_rooting"": [null, ""linkage_root""]}",True,True
run_20260630_130921Z_full,C02,dim_diffuse_6c_136f,ok,unsupported,0.0057079374808458,,2,0,False,"{""benchmark_seed"": [null, ""13101""], ""branch_length_optimization_apply_nonconverged"": [null, ""False""], ""branch_length_optimization_max_iterations"": [""300"", ""1000""], ""tree_builder"": [null, ""linkage""], ""tree_linkage_method"": [null, ""average""], ""tree_rooting"": [null, ""linkage_root""]}",True,True
run_20260630_130921Z_full,C02,dim_diffuse_6c_536f,ok,unsupported,-0.0071329746348962,,2,0,False,"{""benchmark_seed"": [null, ""13102""], ""branch_length_optimization_apply_nonconverged"": [null, ""False""], ""branch_length_optimization_max_iterations"": [""300"", ""1000""], ""tree_builder"": [null, ""linkage""], ""tree_linkage_method"": [null, ""average""], ""tree_rooting"": [null, ""linkage_root""]}",True,True
run_20260630_130921Z_full,C02,dim_consolidated_4c_24f_continuous,ok,ok,0.0,0.0,1,1,False,"{""benchmark_seed"": [null, ""13000""], ""branch_length_optimization_apply_nonconverged"": [null, ""False""], ""branch_length_optimization_max_iterations"": [""300"", ""1000""], ""tree_builder"": [null, ""linkage""], ""tree_linkage_method"": [null, ""average""], ""tree_rooting"": [null, ""linkage_root""]}",True,True
run_20260630_130921Z_full,C02,dim_consolidated_4c_72f_continuous,ok,ok,0.0,0.0,1,1,False,"{""benchmark_seed"": [null, ""13001""], ""branch_length_optimization_apply_nonconverged"": [null, ""False""], ""branch_length_optimization_max_iterations"": [""300"", ""1000""], ""tree_builder"": [null, ""linkage""], ""tree_linkage_method"": [null, ""average""], ""tree_rooting"": [null, ""linkage_root""]}",True,True
run_20260630_130921Z_full,C02,dim_diffuse_6c_136f_continuous,ok,ok,0.0,0.0,1,1,False,"{""benchmark_seed"": [null, ""13101""], ""branch_length_optimization_apply_nonconverged"": [null, ""False""], ""branch_length_optimization_max_iterations"": [""300"", ""1000""], ""tree_builder"": [null, ""linkage""], ""tree_linkage_method"": [null, ""average""], ""tree_rooting"": [null, ""linkage_root""]}",True,True
run_20260630_130921Z_full,C02,gauss_single_outlier_4c,ok,unsupported,0.9915772953178132,,4,0,False,"{""benchmark_seed"": [null, ""13200""], ""branch_length_optimization_apply_nonconverged"": [null, ""False""], ""branch_length_optimization_max_iterations"": [""300"", ""1000""], ""tree_builder"": [null, ""linkage""], ""tree_linkage_method"": [null, ""average""], ""tree_rooting"": [null, ""linkage_root""]}",True,True
run_20260630_130921Z_full,C02,gauss_outlier_cluster_4c,ok,unsupported,0.2947912818618396,,2,0,False,"{""benchmark_seed"": [null, ""13201""], ""branch_length_optimization_apply_nonconverged"": [null, ""False""], ""branch_length_optimization_max_iterations"": [""300"", ""1000""], ""tree_builder"": [null, ""linkage""], ""tree_linkage_method"": [null, ""average""], ""tree_rooting"": [null, ""linkage_root""]}",True,True
run_20260630_130921Z_full,C02,gauss_outlier_shell_4c,ok,unsupported,0.9329098848749504,,6,0,False,"{""benchmark_seed"": [null, ""13202""], ""branch_length_optimization_apply_nonconverged"": [null, ""False""], ""branch_length_optimization_max_iterations"": [""300"", ""1000""], ""tree_builder"": [null, ""linkage""], ""tree_linkage_method"": [null, ""average""], ""tree_rooting"": [null, ""linkage_root""]}",True,True
run_20260630_130921Z_full,C02,gauss_single_outlier_4c_continuous,ok,ok,0.0,0.0,1,1,False,"{""benchmark_seed"": [null, ""13200""], ""branch_length_optimization_apply_nonconverged"": [null, ""False""], ""branch_length_optimization_max_iterations"": [""300"", ""1000""], ""tree_builder"": [null, ""linkage""], ""tree_linkage_method"": [null, ""average""], ""tree_rooting"": [null, ""linkage_root""]}",True,True
run_20260630_130921Z_full,C02,gauss_outlier_cluster_4c_continuous,ok,ok,0.0,0.0,1,1,False,"{""benchmark_seed"": [null, ""13201""], ""branch_length_optimization_apply_nonconverged"": [null, ""False""], ""branch_length_optimization_max_iterations"": [""300"", ""1000""], ""tree_builder"": [null, ""linkage""], ""tree_linkage_method"": [null, ""average""], ""tree_rooting"": [null, ""linkage_root""]}",True,True
run_20260630_130921Z_full,C02,binary_balanced_low_noise,ok,unsupported,1.0,,4,0,False,"{""benchmark_seed"": [null, ""314""], ""branch_length_optimization_apply_nonconverged"": [null, ""False""], ""branch_length_optimization_max_iterations"": [""300"", ""1000""], ""tree_builder"": [null, ""linkage""], ""tree_linkage_method"": [null, ""average""], ""tree_rooting"": [null, ""linkage_root""]}",True,True
run_20260630_130921Z_full,C02,binary_balanced_low_noise__2,ok,unsupported,1.0,,4,0,False,"{""benchmark_seed"": [null, ""314""], ""branch_length_optimization_apply_nonconverged"": [null, ""False""], ""branch_length_optimization_max_iterations"": [""300"", ""1000""], ""tree_builder"": [null, ""linkage""], ""tree_linkage_method"": [null, ""average""], ""tree_rooting"": [null, ""linkage_root""]}",True,True
run_20260630_130921Z_full,C02,sparse_features_72x72,ok,unsupported,1.0,,4,0,False,"{""benchmark_seed"": [null, ""500""], ""branch_length_optimization_apply_nonconverged"": [null, ""False""], ""branch_length_optimization_max_iterations"": [""300"", ""1000""], ""tree_builder"": [null, ""linkage""], ""tree_linkage_method"": [null, ""average""], ""tree_rooting"": [null, ""linkage_root""]}",True,True
run_20260630_130921Z_full,C02,sparse_features_100x500,ok,unsupported,1.0,,4,0,False,"{""benchmark_seed"": [null, ""502""], ""branch_length_optimization_apply_nonconverged"": [null, ""False""], ""branch_length_optimization_max_iterations"": [""300"", ""1000""], ""tree_builder"": [null, ""linkage""], ""tree_linkage_method"": [null, ""average""], ""tree_rooting"": [null, ""linkage_root""]}",True,True
run_20260630_130921Z_full,C02,binary_perfect_2c,ok,unsupported,0.9074122922711686,,3,0,False,"{""benchmark_seed"": [null, ""1000""], ""branch_length_optimization_apply_nonconverged"": [null, ""False""], ""branch_length_optimization_max_iterations"": [""300"", ""1000""], ""tree_builder"": [null, ""linkage""], ""tree_linkage_method"": [null, ""average""], ""tree_rooting"": [null, ""linkage_root""]}",True,True
run_20260630_130921Z_full,C02,binary_perfect_4c,ok,unsupported,0.968302795238732,,5,0,False,"{""benchmark_seed"": [null, ""1001""], ""branch_length_optimization_apply_nonconverged"": [null, ""False""], ""branch_length_optimization_max_iterations"": [""300"", ""1000""], ""tree_builder"": [null, ""linkage""], ""tree_linkage_method"": [null, ""average""], ""tree_rooting"": [null, ""linkage_root""]}",True,True
run_20260630_130921Z_full,C02,binary_perfect_8c,ok,unsupported,0.9567817341668932,,13,0,False,"{""benchmark_seed"": [null, ""1002""], ""branch_length_optimization_apply_nonconverged"": [null, ""False""], ""branch_length_optimization_max_iterations"": [""300"", ""1000""], ""tree_builder"": [null, ""linkage""], ""tree_linkage_method"": [null, ""average""], ""tree_rooting"": [null, ""linkage_root""]}",True,True
run_20260630_130921Z_full,C02,binary_low_noise_2c,ok,unsupported,0.6661800809501692,,5,0,False,"{""benchmark_seed"": [null, ""2000""], ""branch_length_optimization_apply_nonconverged"": [null, ""False""], ""branch_length_optimization_max_iterations"": [""300"", ""1000""], ""tree_builder"": [null, ""linkage""], ""tree_linkage_method"": [null, ""average""], ""tree_rooting"": [null, ""linkage_root""]}",True,True
run_20260630_130921Z_full,C02,binary_low_noise_4c,ok,unsupported,0.9429190751445088,,5,0,False,"{""benchmark_seed"": [null, ""2001""], ""branch_length_optimization_apply_nonconverged"": [null, ""False""], ""branch_length_optimization_max_iterations"": [""300"", ""1000""], ""tree_builder"": [null, ""linkage""], ""tree_linkage_method"": [null, ""average""], ""tree_rooting"": [null, ""linkage_root""]}",True,True
run_20260630_130921Z_full,C02,binary_low_noise_8c,ok,unsupported,1.0,,8,0,False,"{""benchmark_seed"": [null, ""2002""], ""branch_length_optimization_apply_nonconverged"": [null, ""False""], ""branch_length_optimization_max_iterations"": [""300"", ""1000""], ""tree_builder"": [null, ""linkage""], ""tree_linkage_method"": [null, ""average""], ""tree_rooting"": [null, ""linkage_root""]}",True,True
run_20260630_130921Z_full,C02,binary_low_noise_12c,ok,unsupported,1.0,,12,0,False,"{""benchmark_seed"": [null, ""2003""], ""branch_length_optimization_apply_nonconverged"": [null, ""False""], ""branch_length_optimization_max_iterations"": [""300"", ""1000""], ""tree_builder"": [null, ""linkage""], ""tree_linkage_method"": [null, ""average""], ""tree_rooting"": [null, ""linkage_root""]}",True,True
run_20260630_130921Z_full,C02,binary_moderate_4c,ok,unsupported,1.0,,4,0,False,"{""benchmark_seed"": [null, ""3000""], ""branch_length_optimization_apply_nonconverged"": [null, ""False""], ""branch_length_optimization_max_iterations"": [""300"", ""1000""], ""tree_builder"": [null, ""linkage""], ""tree_linkage_method"": [null, ""average""], ""tree_rooting"": [null, ""linkage_root""]}",True,True
run_20260630_130921Z_full,C02,binary_moderate_6c,ok,unsupported,1.0,,6,0,False,"{""benchmark_seed"": [null, ""3001""], ""branch_length_optimization_apply_nonconverged"": [null, ""False""], ""branch_length_optimization_max_iterations"": [""300"", ""1000""], ""tree_builder"": [null, ""linkage""], ""tree_linkage_method"": [null, ""average""], ""tree_rooting"": [null, ""linkage_root""]}",True,True
run_20260630_130921Z_full,C02,binary_moderate_8c,ok,unsupported,1.0,,8,0,False,"{""benchmark_seed"": [null, ""3002""], ""branch_length_optimization_apply_nonconverged"": [null, ""False""], ""branch_length_optimization_max_iterations"": [""300"", ""1000""], ""tree_builder"": [null, ""linkage""], ""tree_linkage_method"": [null, ""average""], ""tree_rooting"": [null, ""linkage_root""]}",True,True
run_20260630_130921Z_full,C02,binary_hard_4c,ok,unsupported,1.0,,4,0,False,"{""benchmark_seed"": [null, ""4000""], ""branch_length_optimization_apply_nonconverged"": [null, ""False""], ""branch_length_optimization_max_iterations"": [""300"", ""1000""], ""tree_builder"": [null, ""linkage""], ""tree_linkage_method"": [null, ""average""], ""tree_rooting"": [null, ""linkage_root""]}",True,True
run_20260630_130921Z_full,C02,binary_hard_8c,ok,unsupported,1.0,,8,0,False,"{""benchmark_seed"": [null, ""4001""], ""branch_length_optimization_apply_nonconverged"": [null, ""False""], ""branch_length_optimization_max_iterations"": [""300"", ""1000""], ""tree_builder"": [null, ""linkage""], ""tree_linkage_method"": [null, ""average""], ""tree_rooting"": [null, ""linkage_root""]}",True,True
run_20260630_130921Z_full,C02,binary_unbalanced_low,ok,unsupported,1.0,,4,0,False,"{""benchmark_seed"": [null, ""5000""], ""branch_length_optimization_apply_nonconverged"": [null, ""False""], ""branch_length_optimization_max_iterations"": [""300"", ""1000""], ""tree_builder"": [null, ""linkage""], ""tree_linkage_method"": [null, ""average""], ""tree_rooting"": [null, ""linkage_root""]}",True,True
run_20260630_130921Z_full,C02,binary_unbalanced_med,ok,unsupported,1.0,,6,0,False,"{""benchmark_seed"": [null, ""5001""], ""branch_length_optimization_apply_nonconverged"": [null, ""False""], ""branch_length_optimization_max_iterations"": [""300"", ""1000""], ""tree_builder"": [null, ""linkage""], ""tree_linkage_method"": [null, ""average""], ""tree_rooting"": [null, ""linkage_root""]}",True,True
run_20260630_130921Z_full,C02,binary_2clusters,ok,unsupported,1.0,,2,0,False,"{""benchmark_seed"": [null, ""7000""], ""branch_length_optimization_apply_nonconverged"": [null, ""False""], ""branch_length_optimization_max_iterations"": [""300"", ""1000""], ""tree_builder"": [null, ""linkage""], ""tree_linkage_method"": [null, ""average""], ""tree_rooting"": [null, ""linkage_root""]}",True,True
run_20260630_130921Z_full,C02,binary_many_features,ok,unsupported,1.0,,4,0,False,"{""benchmark_seed"": [null, ""7002""], ""branch_length_optimization_apply_nonconverged"": [null, ""False""], ""branch_length_optimization_max_iterations"": [""300"", ""1000""], ""tree_builder"": [null, ""linkage""], ""tree_linkage_method"": [null, ""average""], ""tree_rooting"": [null, ""linkage_root""]}",True,True
run_20260630_130921Z_full,C02,binary_many_clusters,ok,unsupported,1.0,,15,0,False,"{""benchmark_seed"": [null, ""7003""], ""branch_length_optimization_apply_nonconverged"": [null, ""False""], ""branch_length_optimization_max_iterations"": [""300"", ""1000""], ""tree_builder"": [null, ""linkage""], ""tree_linkage_method"": [null, ""average""], ""tree_rooting"": [null, ""linkage_root""]}",True,True
run_20260630_130921Z_full,C02,binary_null_small,ok,ok,1.0,1.0,1,1,False,"{""benchmark_seed"": [null, ""10000""], ""branch_length_optimization_apply_nonconverged"": [null, ""False""], ""branch_length_optimization_max_iterations"": [""300"", ""1000""], ""tree_builder"": [null, ""linkage""], ""tree_linkage_method"": [null, ""average""], ""tree_rooting"": [null, ""linkage_root""]}",True,True
run_20260630_130921Z_full,C02,binary_null_medium,ok,ok,1.0,1.0,1,1,False,"{""benchmark_seed"": [null, ""10001""], ""branch_length_optimization_apply_nonconverged"": [null, ""False""], ""branch_length_optimization_max_iterations"": [""300"", ""1000""], ""tree_builder"": [null, ""linkage""], ""tree_linkage_method"": [null, ""average""], ""tree_rooting"": [null, ""linkage_root""]}",True,True
run_20260630_130921Z_full,C02,binary_multiscale_4c,ok,unsupported,1.0,,4,0,False,"{""benchmark_seed"": [null, ""11000""], ""branch_length_optimization_apply_nonconverged"": [null, ""False""], ""branch_length_optimization_max_iterations"": [""300"", ""1000""], ""tree_builder"": [null, ""linkage""], ""tree_linkage_method"": [null, ""average""], ""tree_rooting"": [null, ""linkage_root""]}",True,True
run_20260630_130921Z_full,C02,binary_multiscale_6c,ok,unsupported,1.0,,6,0,False,"{""benchmark_seed"": [null, ""11001""], ""branch_length_optimization_apply_nonconverged"": [null, ""False""], ""branch_length_optimization_max_iterations"": [""300"", ""1000""], ""tree_builder"": [null, ""linkage""], ""tree_linkage_method"": [null, ""average""], ""tree_rooting"": [null, ""linkage_root""]}",True,True
run_20260630_130921Z_full,C02,binary_noise_feat_50i_200n,ok,unsupported,1.0,,4,0,False,"{""benchmark_seed"": [null, ""12000""], ""branch_length_optimization_apply_nonconverged"": [null, ""False""], ""branch_length_optimization_max_iterations"": [""300"", ""1000""], ""tree_builder"": [null, ""linkage""], ""tree_linkage_method"": [null, ""average""], ""tree_rooting"": [null, ""linkage_root""]}",True,True
run_20260630_130921Z_full,C02,binary_noise_feat_80i_400n,skip,unsupported,,,0,0,False,"{""benchmark_seed"": [null, ""12001""], ""branch_length_optimization_apply_nonconverged"": [null, ""False""], ""branch_length_optimization_max_iterations"": [""300"", ""1000""], ""tree_builder"": [null, ""linkage""], ""tree_linkage_method"": [null, ""average""], ""tree_rooting"": [null, ""linkage_root""]}",True,True
run_20260630_130921Z_full,C02,binary_noise_feat_30i_500n,ok,unsupported,1.0,,3,0,False,"{""benchmark_seed"": [null, ""12002""], ""branch_length_optimization_apply_nonconverged"": [null, ""False""], ""branch_length_optimization_max_iterations"": [""300"", ""1000""], ""tree_builder"": [null, ""linkage""], ""tree_linkage_method"": [null, ""average""], ""tree_rooting"": [null, ""linkage_root""]}",True,True
run_20260630_130921Z_full,C02,sbm_clear_small,ok,unsupported,0.7021746223680927,,3,0,False,"{""benchmark_seed"": [null, ""123""], ""branch_length_optimization_apply_nonconverged"": [null, ""False""], ""branch_length_optimization_max_iterations"": [""300"", ""1000""], ""tree_builder"": [null, ""linkage""], ""tree_linkage_method"": [null, ""average""], ""tree_rooting"": [null, ""linkage_root""]}",True,True
run_20260630_130921Z_full,C02,sbm_moderate,ok,ok,0.0,0.0,1,1,False,"{""benchmark_seed"": [null, ""124""], ""branch_length_optimization_apply_nonconverged"": [null, ""False""], ""branch_length_optimization_max_iterations"": [""300"", ""1000""], ""tree_builder"": [null, ""linkage""], ""tree_linkage_method"": [null, ""average""], ""tree_rooting"": [null, ""linkage_root""]}",True,True
run_20260630_130921Z_full,C02,sbm_hard,ok,unsupported,0.0,,1,0,False,"{""benchmark_seed"": [null, ""125""], ""branch_length_optimization_apply_nonconverged"": [null, ""False""], ""branch_length_optimization_max_iterations"": [""300"", ""1000""], ""tree_builder"": [null, ""linkage""], ""tree_linkage_method"": [null, ""average""], ""tree_rooting"": [null, ""linkage_root""]}",True,True
run_20260630_130921Z_full,C02,cat_clear_3cat_4c,ok,unsupported,0.7079646017699115,,3,0,False,"{""benchmark_seed"": [null, ""10000""], ""branch_length_optimization_apply_nonconverged"": [null, ""False""], ""branch_length_optimization_max_iterations"": [""300"", ""1000""], ""tree_builder"": [null, ""linkage""], ""tree_linkage_method"": [null, ""average""], ""tree_rooting"": [null, ""linkage_root""]}",True,True
run_20260630_130921Z_full,C02,cat_clear_4cat_4c,ok,unsupported,1.0,,4,0,False,"{""benchmark_seed"": [null, ""10001""], ""branch_length_optimization_apply_nonconverged"": [null, ""False""], ""branch_length_optimization_max_iterations"": [""300"", ""1000""], ""tree_builder"": [null, ""linkage""], ""tree_linkage_method"": [null, ""average""], ""tree_rooting"": [null, ""linkage_root""]}",True,True
run_20260630_130921Z_full,C02,cat_clear_5cat_6c,ok,unsupported,0.8185140073081608,,5,0,False,"{""benchmark_seed"": [null, ""10002""], ""branch_length_optimization_apply_nonconverged"": [null, ""False""], ""branch_length_optimization_max_iterations"": [""300"", ""1000""], ""tree_builder"": [null, ""linkage""], ""tree_linkage_method"": [null, ""average""], ""tree_rooting"": [null, ""linkage_root""]}",True,True
run_20260630_130921Z_full,C02,cat_mod_3cat_4c,ok,unsupported,0.935142422764694,,4,0,False,"{""benchmark_seed"": [null, ""10100""], ""branch_length_optimization_apply_nonconverged"": [null, ""False""], ""branch_length_optimization_max_iterations"": [""300"", ""1000""], ""tree_builder"": [null, ""linkage""], ""tree_linkage_method"": [null, ""average""], ""tree_rooting"": [null, ""linkage_root""]}",True,True
run_20260630_130921Z_full,C02,cat_mod_4cat_6c,ok,unsupported,1.0,,6,0,False,"{""benchmark_seed"": [null, ""10101""], ""branch_length_optimization_apply_nonconverged"": [null, ""False""], ""branch_length_optimization_max_iterations"": [""300"", ""1000""], ""tree_builder"": [null, ""linkage""], ""tree_linkage_method"": [null, ""average""], ""tree_rooting"": [null, ""linkage_root""]}",True,True
run_20260630_130921Z_full,C02,cat_highcard_10cat_4c,ok,unsupported,0.986598879940902,,4,0,False,"{""benchmark_seed"": [null, ""10200""], ""branch_length_optimization_apply_nonconverged"": [null, ""False""], ""branch_length_optimization_max_iterations"": [""300"", ""1000""], ""tree_builder"": [null, ""linkage""], ""tree_linkage_method"": [null, ""average""], ""tree_rooting"": [null, ""linkage_root""]}",True,True
run_20260630_130921Z_full,C02,cat_highcard_20cat_4c,ok,unsupported,0.8815027629100077,,4,0,False,"{""benchmark_seed"": [null, ""10201""], ""branch_length_optimization_apply_nonconverged"": [null, ""False""], ""branch_length_optimization_max_iterations"": [""300"", ""1000""], ""tree_builder"": [null, ""linkage""], ""tree_linkage_method"": [null, ""average""], ""tree_rooting"": [null, ""linkage_root""]}",True,True
run_20260630_130921Z_full,C02,cat_unbal_3cat_4c,ok,unsupported,0.9270776181607898,,4,0,False,"{""benchmark_seed"": [null, ""10300""], ""branch_length_optimization_apply_nonconverged"": [null, ""False""], ""branch_length_optimization_max_iterations"": [""300"", ""1000""], ""tree_builder"": [null, ""linkage""], ""tree_linkage_method"": [null, ""average""], ""tree_rooting"": [null, ""linkage_root""]}",True,True
run_20260630_130921Z_full,C02,cat_overlap_3cat_4c,ok,unsupported,0.8959106431954114,,4,0,False,"{""benchmark_seed"": [null, ""10400""], ""branch_length_optimization_apply_nonconverged"": [null, ""False""], ""branch_length_optimization_max_iterations"": [""300"", ""1000""], ""tree_builder"": [null, ""linkage""], ""tree_linkage_method"": [null, ""average""], ""tree_rooting"": [null, ""linkage_root""]}",True,True
run_20260630_130921Z_full,C02,cat_highd_3cat_500feat,ok,unsupported,1.0,,4,0,False,"{""benchmark_seed"": [null, ""10600""], ""branch_length_optimization_apply_nonconverged"": [null, ""False""], ""branch_length_optimization_max_iterations"": [""300"", ""1000""], ""tree_builder"": [null, ""linkage""], ""tree_linkage_method"": [null, ""average""], ""tree_rooting"": [null, ""linkage_root""]}",True,True
run_20260630_130921Z_full,C02,cat_highd_4cat_1000feat,ok,unsupported,1.0,,6,0,False,"{""benchmark_seed"": [null, ""10601""], ""branch_length_optimization_apply_nonconverged"": [null, ""False""], ""branch_length_optimization_max_iterations"": [""300"", ""1000""], ""tree_builder"": [null, ""linkage""], ""tree_linkage_method"": [null, ""average""], ""tree_rooting"": [null, ""linkage_root""]}",True,True
run_20260630_130921Z_full,C02,phylo_dna_4taxa_low_mut,ok,unsupported,1.0,,4,0,False,"{""benchmark_seed"": [null, ""11000""], ""branch_length_optimization_apply_nonconverged"": [null, ""False""], ""branch_length_optimization_max_iterations"": [""300"", ""1000""], ""tree_builder"": [null, ""linkage""], ""tree_linkage_method"": [null, ""average""], ""tree_rooting"": [null, ""linkage_root""]}",True,True
run_20260630_130921Z_full,C02,phylo_dna_8taxa_low_mut,ok,unsupported,1.0,,8,0,False,"{""benchmark_seed"": [null, ""11001""], ""branch_length_optimization_apply_nonconverged"": [null, ""False""], ""branch_length_optimization_max_iterations"": [""300"", ""1000""], ""tree_builder"": [null, ""linkage""], ""tree_linkage_method"": [null, ""average""], ""tree_rooting"": [null, ""linkage_root""]}",True,True
run_20260630_130921Z_full,C02,phylo_dna_8taxa_med_mut,ok,unsupported,1.0,,8,0,False,"{""benchmark_seed"": [null, ""11002""], ""branch_length_optimization_apply_nonconverged"": [null, ""False""], ""branch_length_optimization_max_iterations"": [""300"", ""1000""], ""tree_builder"": [null, ""linkage""], ""tree_linkage_method"": [null, ""average""], ""tree_rooting"": [null, ""linkage_root""]}",True,True
run_20260630_130921Z_full,C02,phylo_dna_16taxa_low_mut,ok,unsupported,0.9885035355235942,,17,0,False,"{""benchmark_seed"": [null, ""11003""], ""branch_length_optimization_apply_nonconverged"": [null, ""False""], ""branch_length_optimization_max_iterations"": [""300"", ""1000""], ""tree_builder"": [null, ""linkage""], ""tree_linkage_method"": [null, ""average""], ""tree_rooting"": [null, ""linkage_root""]}",True,True
run_20260630_130921Z_full,C02,phylo_protein_4taxa,ok,unsupported,1.0,,4,0,False,"{""benchmark_seed"": [null, ""11100""], ""branch_length_optimization_apply_nonconverged"": [null, ""False""], ""branch_length_optimization_max_iterations"": [""300"", ""1000""], ""tree_builder"": [null, ""linkage""], ""tree_linkage_method"": [null, ""average""], ""tree_rooting"": [null, ""linkage_root""]}",True,True
run_20260630_130921Z_full,C02,phylo_protein_8taxa,ok,unsupported,1.0,,8,0,False,"{""benchmark_seed"": [null, ""11101""], ""branch_length_optimization_apply_nonconverged"": [null, ""False""], ""branch_length_optimization_max_iterations"": [""300"", ""1000""], ""tree_builder"": [null, ""linkage""], ""tree_linkage_method"": [null, ""average""], ""tree_rooting"": [null, ""linkage_root""]}",True,True
run_20260630_130921Z_full,C02,phylo_protein_12taxa,ok,unsupported,1.0,,12,0,False,"{""benchmark_seed"": [null, ""11102""], ""branch_length_optimization_apply_nonconverged"": [null, ""False""], ""branch_length_optimization_max_iterations"": [""300"", ""1000""], ""tree_builder"": [null, ""linkage""], ""tree_linkage_method"": [null, ""average""], ""tree_rooting"": [null, ""linkage_root""]}",True,True
run_20260630_130921Z_full,C02,phylo_divergent_4taxa,ok,unsupported,1.0,,4,0,False,"{""benchmark_seed"": [null, ""11200""], ""branch_length_optimization_apply_nonconverged"": [null, ""False""], ""branch_length_optimization_max_iterations"": [""300"", ""1000""], ""tree_builder"": [null, ""linkage""], ""tree_linkage_method"": [null, ""average""], ""tree_rooting"": [null, ""linkage_root""]}",True,True
run_20260630_130921Z_full,C02,phylo_divergent_8taxa,ok,unsupported,1.0,,8,0,False,"{""benchmark_seed"": [null, ""11201""], ""branch_length_optimization_apply_nonconverged"": [null, ""False""], ""branch_length_optimization_max_iterations"": [""300"", ""1000""], ""tree_builder"": [null, ""linkage""], ""tree_linkage_method"": [null, ""average""], ""tree_rooting"": [null, ""linkage_root""]}",True,True
run_20260630_130921Z_full,C02,phylo_conserved_4taxa,ok,unsupported,0.8170411438576014,,6,0,False,"{""benchmark_seed"": [null, ""11300""], ""branch_length_optimization_apply_nonconverged"": [null, ""False""], ""branch_length_optimization_max_iterations"": [""300"", ""1000""], ""tree_builder"": [null, ""linkage""], ""tree_linkage_method"": [null, ""average""], ""tree_rooting"": [null, ""linkage_root""]}",True,True
run_20260630_130921Z_full,C02,phylo_conserved_8taxa,ok,unsupported,1.0,,8,0,False,"{""benchmark_seed"": [null, ""11301""], ""branch_length_optimization_apply_nonconverged"": [null, ""False""], ""branch_length_optimization_max_iterations"": [""300"", ""1000""], ""tree_builder"": [null, ""linkage""], ""tree_linkage_method"": [null, ""average""], ""tree_rooting"": [null, ""linkage_root""]}",True,True
run_20260630_130921Z_full,C02,phylo_large_32taxa,ok,unsupported,1.0,,32,0,False,"{""benchmark_seed"": [null, ""11400""], ""branch_length_optimization_apply_nonconverged"": [null, ""False""], ""branch_length_optimization_max_iterations"": [""300"", ""1000""], ""tree_builder"": [null, ""linkage""], ""tree_linkage_method"": [null, ""average""], ""tree_rooting"": [null, ""linkage_root""]}",True,True
run_20260630_130921Z_full,C02,phylo_large_64taxa,ok,unsupported,0.8139709189027132,,95,0,False,"{""benchmark_seed"": [null, ""11401""], ""branch_length_optimization_apply_nonconverged"": [null, ""False""], ""branch_length_optimization_max_iterations"": [""300"", ""1000""], ""tree_builder"": [null, ""linkage""], ""tree_linkage_method"": [null, ""average""], ""tree_rooting"": [null, ""linkage_root""]}",True,True
run_20260630_130921Z_full,C02,overlap_heavy_4c_small_feat,ok,unsupported,0.0,,1,0,False,"{""benchmark_seed"": [null, ""8000""], ""branch_length_optimization_apply_nonconverged"": [null, ""False""], ""branch_length_optimization_max_iterations"": [""300"", ""1000""], ""tree_builder"": [null, ""linkage""], ""tree_linkage_method"": [null, ""average""], ""tree_rooting"": [null, ""linkage_root""]}",True,True
run_20260630_130921Z_full,C02,overlap_heavy_4c_med_feat,ok,unsupported,0.0,,1,0,False,"{""benchmark_seed"": [null, ""8001""], ""branch_length_optimization_apply_nonconverged"": [null, ""False""], ""branch_length_optimization_max_iterations"": [""300"", ""1000""], ""tree_builder"": [null, ""linkage""], ""tree_linkage_method"": [null, ""average""], ""tree_rooting"": [null, ""linkage_root""]}",True,True
run_20260630_130921Z_full,C02,overlap_heavy_8c_large_feat,ok,unsupported,0.0,,1,0,False,"{""benchmark_seed"": [null, ""8002""], ""branch_length_optimization_apply_nonconverged"": [null, ""False""], ""branch_length_optimization_max_iterations"": [""300"", ""1000""], ""tree_builder"": [null, ""linkage""], ""tree_linkage_method"": [null, ""average""], ""tree_rooting"": [null, ""linkage_root""]}",True,True
run_20260630_130921Z_full,C02,overlap_extreme_4c,ok,ok,0.0,0.0,1,1,False,"{""benchmark_seed"": [null, ""8003""], ""branch_length_optimization_apply_nonconverged"": [null, ""False""], ""branch_length_optimization_max_iterations"": [""300"", ""1000""], ""tree_builder"": [null, ""linkage""], ""tree_linkage_method"": [null, ""average""], ""tree_rooting"": [null, ""linkage_root""]}",True,True
run_20260630_130921Z_full,C02,overlap_mod_4c_small,ok,unsupported,0.9013124846886036,,4,0,False,"{""benchmark_seed"": [null, ""8100""], ""branch_length_optimization_apply_nonconverged"": [null, ""False""], ""branch_length_optimization_max_iterations"": [""300"", ""1000""], ""tree_builder"": [null, ""linkage""], ""tree_linkage_method"": [null, ""average""], ""tree_rooting"": [null, ""linkage_root""]}",True,True
run_20260630_130921Z_full,C02,overlap_mod_6c_med,ok,unsupported,0.9919932730874575,,6,0,False,"{""benchmark_seed"": [null, ""8101""], ""branch_length_optimization_apply_nonconverged"": [null, ""False""], ""branch_length_optimization_max_iterations"": [""300"", ""1000""], ""tree_builder"": [null, ""linkage""], ""tree_linkage_method"": [null, ""average""], ""tree_rooting"": [null, ""linkage_root""]}",True,True
run_20260630_130921Z_full,C02,overlap_mod_8c_large,ok,unsupported,1.0,,8,0,False,"{""benchmark_seed"": [null, ""8102""], ""branch_length_optimization_apply_nonconverged"": [null, ""False""], ""branch_length_optimization_max_iterations"": [""300"", ""1000""], ""tree_builder"": [null, ""linkage""], ""tree_linkage_method"": [null, ""average""], ""tree_rooting"": [null, ""linkage_root""]}",True,True
run_20260630_130921Z_full,C02,overlap_part_4c_small,ok,unsupported,0.9933165272203728,,4,0,False,"{""benchmark_seed"": [null, ""8200""], ""branch_length_optimization_apply_nonconverged"": [null, ""False""], ""branch_length_optimization_max_iterations"": [""300"", ""1000""], ""tree_builder"": [null, ""linkage""], ""tree_linkage_method"": [null, ""average""], ""tree_rooting"": [null, ""linkage_root""]}",True,True
run_20260630_130921Z_full,C02,overlap_part_6c_med,ok,unsupported,1.0,,6,0,False,"{""benchmark_seed"": [null, ""8201""], ""branch_length_optimization_apply_nonconverged"": [null, ""False""], ""branch_length_optimization_max_iterations"": [""300"", ""1000""], ""tree_builder"": [null, ""linkage""], ""tree_linkage_method"": [null, ""average""], ""tree_rooting"": [null, ""linkage_root""]}",True,True
run_20260630_130921Z_full,C02,overlap_part_8c_large,ok,unsupported,1.0,,8,0,False,"{""benchmark_seed"": [null, ""8202""], ""branch_length_optimization_apply_nonconverged"": [null, ""False""], ""branch_length_optimization_max_iterations"": [""300"", ""1000""], ""tree_builder"": [null, ""linkage""], ""tree_linkage_method"": [null, ""average""], ""tree_rooting"": [null, ""linkage_root""]}",True,True
run_20260630_130921Z_full,C02,overlap_hd_4c_1k,ok,unsupported,0.5764613473447828,,11,0,False,"{""benchmark_seed"": [null, ""8300""], ""branch_length_optimization_apply_nonconverged"": [null, ""False""], ""branch_length_optimization_max_iterations"": [""300"", ""1000""], ""tree_builder"": [null, ""linkage""], ""tree_linkage_method"": [null, ""average""], ""tree_rooting"": [null, ""linkage_root""]}",True,True
run_20260630_130921Z_full,C02,overlap_unbal_4c_small,ok,unsupported,0.6590088044947379,,4,0,False,"{""benchmark_seed"": [null, ""8400""], ""branch_length_optimization_apply_nonconverged"": [null, ""False""], ""branch_length_optimization_max_iterations"": [""300"", ""1000""], ""tree_builder"": [null, ""linkage""], ""tree_linkage_method"": [null, ""average""], ""tree_rooting"": [null, ""linkage_root""]}",True,True
run_20260630_130921Z_full,C02,overlap_unbal_6c_med,ok,unsupported,0.9918596040304511,,6,0,False,"{""benchmark_seed"": [null, ""8401""], ""branch_length_optimization_apply_nonconverged"": [null, ""False""], ""branch_length_optimization_max_iterations"": [""300"", ""1000""], ""tree_builder"": [null, ""linkage""], ""tree_linkage_method"": [null, ""average""], ""tree_rooting"": [null, ""linkage_root""]}",True,True
run_20260630_130921Z_full,C02,overlap_unbal_8c_large,ok,unsupported,1.0,,8,0,False,"{""benchmark_seed"": [null, ""8402""], ""branch_length_optimization_apply_nonconverged"": [null, ""False""], ""branch_length_optimization_max_iterations"": [""300"", ""1000""], ""tree_builder"": [null, ""linkage""], ""tree_linkage_method"": [null, ""average""], ""tree_rooting"": [null, ""linkage_root""]}",True,True
run_20260630_130921Z_full,C02,gauss_overlap_3c_small,ok,unsupported,0.4923389076126947,,8,0,False,"{""benchmark_seed"": [null, ""9000""], ""branch_length_optimization_apply_nonconverged"": [null, ""False""], ""branch_length_optimization_max_iterations"": [""300"", ""1000""], ""tree_builder"": [null, ""linkage""], ""tree_linkage_method"": [null, ""average""], ""tree_rooting"": [null, ""linkage_root""]}",True,True
run_20260630_130921Z_full,C02,gauss_overlap_4c_med,ok,unsupported,1.0,,4,0,False,"{""benchmark_seed"": [null, ""9001""], ""branch_length_optimization_apply_nonconverged"": [null, ""False""], ""branch_length_optimization_max_iterations"": [""300"", ""1000""], ""tree_builder"": [null, ""linkage""], ""tree_linkage_method"": [null, ""average""], ""tree_rooting"": [null, ""linkage_root""]}",True,True
run_20260630_130921Z_full,C02,gauss_overlap_6c_large,ok,unsupported,1.0,,6,0,False,"{""benchmark_seed"": [null, ""9002""], ""branch_length_optimization_apply_nonconverged"": [null, ""False""], ""branch_length_optimization_max_iterations"": [""300"", ""1000""], ""tree_builder"": [null, ""linkage""], ""tree_linkage_method"": [null, ""average""], ""tree_rooting"": [null, ""linkage_root""]}",True,True
run_20260630_130921Z_full,C02,gauss_overlap_8c_highd,ok,unsupported,1.0,,8,0,False,"{""benchmark_seed"": [null, ""9003""], ""branch_length_optimization_apply_nonconverged"": [null, ""False""], ""branch_length_optimization_max_iterations"": [""300"", ""1000""], ""tree_builder"": [null, ""linkage""], ""tree_linkage_method"": [null, ""average""], ""tree_rooting"": [null, ""linkage_root""]}",True,True
run_20260630_130921Z_full,C02,gauss_overlap_extreme_4c,ok,unsupported,1.0,,4,0,False,"{""benchmark_seed"": [null, ""9100""], ""branch_length_optimization_apply_nonconverged"": [null, ""False""], ""branch_length_optimization_max_iterations"": [""300"", ""1000""], ""tree_builder"": [null, ""linkage""], ""tree_linkage_method"": [null, ""average""], ""tree_rooting"": [null, ""linkage_root""]}",True,True
run_20260630_130921Z_full,C02,gauss_overlap_extreme_6c,ok,unsupported,0.9941078599422396,,7,0,False,"{""benchmark_seed"": [null, ""9101""], ""branch_length_optimization_apply_nonconverged"": [null, ""False""], ""branch_length_optimization_max_iterations"": [""300"", ""1000""], ""tree_builder"": [null, ""linkage""], ""tree_linkage_method"": [null, ""average""], ""tree_rooting"": [null, ""linkage_root""]}",True,True
run_20260630_130921Z_full,C02,gauss_overlap_many_10c,ok,unsupported,1.0,,10,0,False,"{""benchmark_seed"": [null, ""9102""], ""branch_length_optimization_apply_nonconverged"": [null, ""False""], ""branch_length_optimization_max_iterations"": [""300"", ""1000""], ""tree_builder"": [null, ""linkage""], ""tree_linkage_method"": [null, ""average""], ""tree_rooting"": [null, ""linkage_root""]}",True,True
run_20260630_130921Z_full,C02,gauss_overlap_dense_8c,ok,unsupported,0.9485801227584196,,11,0,False,"{""benchmark_seed"": [null, ""9103""], ""branch_length_optimization_apply_nonconverged"": [null, ""False""], ""branch_length_optimization_max_iterations"": [""300"", ""1000""], ""tree_builder"": [null, ""linkage""], ""tree_linkage_method"": [null, ""average""], ""tree_rooting"": [null, ""linkage_root""]}",True,True
run_20260630_130921Z_full,C02,gauss_overlap_3c_small_q3,ok,unsupported,1.0,,3,0,False,"{""benchmark_seed"": [null, ""9000""], ""branch_length_optimization_apply_nonconverged"": [null, ""False""], ""branch_length_optimization_max_iterations"": [""300"", ""1000""], ""tree_builder"": [null, ""linkage""], ""tree_linkage_method"": [null, ""average""], ""tree_rooting"": [null, ""linkage_root""]}",True,True
run_20260630_130921Z_full,C02,gauss_overlap_3c_small_q4,ok,unsupported,1.0,,3,0,False,"{""benchmark_seed"": [null, ""9000""], ""branch_length_optimization_apply_nonconverged"": [null, ""False""], ""branch_length_optimization_max_iterations"": [""300"", ""1000""], ""tree_builder"": [null, ""linkage""], ""tree_linkage_method"": [null, ""average""], ""tree_rooting"": [null, ""linkage_root""]}",True,True
run_20260630_130921Z_full,C02,gauss_overlap_3c_small_q5,ok,unsupported,1.0,,3,0,False,"{""benchmark_seed"": [null, ""9000""], ""branch_length_optimization_apply_nonconverged"": [null, ""False""], ""branch_length_optimization_max_iterations"": [""300"", ""1000""], ""tree_builder"": [null, ""linkage""], ""tree_linkage_method"": [null, ""average""], ""tree_rooting"": [null, ""linkage_root""]}",True,True
run_20260630_130921Z_full,C02,bar_binary_balanced_4c,ok,unsupported,0.8852855159611284,,4,0,False,"{""benchmark_seed"": [null, ""21000""], ""branch_length_optimization_apply_nonconverged"": [null, ""False""], ""branch_length_optimization_max_iterations"": [""300"", ""1000""], ""tree_builder"": [null, ""linkage""], ""tree_linkage_method"": [null, ""average""], ""tree_rooting"": [null, ""linkage_root""]}",True,True
run_20260630_130921Z_full,C02,bar_binary_unbalanced_95_5,ok,unsupported,0.8827738118694332,,2,0,False,"{""benchmark_seed"": [null, ""21001""], ""branch_length_optimization_apply_nonconverged"": [null, ""False""], ""branch_length_optimization_max_iterations"": [""300"", ""1000""], ""tree_builder"": [null, ""linkage""], ""tree_linkage_method"": [null, ""average""], ""tree_rooting"": [null, ""linkage_root""]}",True,True
run_20260630_130921Z_full,C02,mp_spike_below_bbp_continuous,ok,ok,1.0,1.0,1,1,False,"{""benchmark_seed"": [null, ""21100""], ""branch_length_optimization_apply_nonconverged"": [null, ""False""], ""branch_length_optimization_max_iterations"": [""300"", ""1000""], ""tree_builder"": [null, ""linkage""], ""tree_linkage_method"": [null, ""average""], ""tree_rooting"": [null, ""linkage_root""]}",True,True
run_20260630_130921Z_full,C02,mp_spike_above_bbp_continuous,ok,ok,0.0,0.0,1,1,False,"{""benchmark_seed"": [null, ""21101""], ""branch_length_optimization_apply_nonconverged"": [null, ""False""], ""branch_length_optimization_max_iterations"": [""300"", ""1000""], ""tree_builder"": [null, ""linkage""], ""tree_linkage_method"": [null, ""average""], ""tree_rooting"": [null, ""linkage_root""]}",True,True
run_20260630_130921Z_full,C02,cat_simplex_face_rare_20cat,ok,unsupported,0.2596128916088713,,10,0,False,"{""benchmark_seed"": [null, ""21200""], ""branch_length_optimization_apply_nonconverged"": [null, ""False""], ""branch_length_optimization_max_iterations"": [""300"", ""1000""], ""tree_builder"": [null, ""linkage""], ""tree_linkage_method"": [null, ""average""], ""tree_rooting"": [null, ""linkage_root""]}",True,True
run_20260630_130921Z_full,C02,cat_dirichlet_overdispersed_20cat,ok,unsupported,0.210543470434967,,16,0,False,"{""benchmark_seed"": [null, ""21201""], ""branch_length_optimization_apply_nonconverged"": [null, ""False""], ""branch_length_optimization_max_iterations"": [""300"", ""1000""], ""tree_builder"": [null, ""linkage""], ""tree_linkage_method"": [null, ""average""], ""tree_rooting"": [null, ""linkage_root""]}",True,True
run_20260630_130921Z_full,C02,cont_lowrank_pggn_shrinkage,ok,unsupported,0.0,,1,0,False,"{""benchmark_seed"": [null, ""21300""], ""branch_length_optimization_apply_nonconverged"": [null, ""False""], ""branch_length_optimization_max_iterations"": [""300"", ""1000""], ""tree_builder"": [null, ""linkage""], ""tree_linkage_method"": [null, ""average""], ""tree_rooting"": [null, ""linkage_root""]}",True,True
run_20260630_130921Z_full,C02,support_selected_only_fail_closed,skip,unsupported,,,0,0,False,"{""benchmark_seed"": [null, ""21400""], ""branch_length_optimization_apply_nonconverged"": [null, ""False""], ""branch_length_optimization_max_iterations"": [""300"", ""1000""], ""tree_builder"": [null, ""linkage""], ""tree_linkage_method"": [null, ""average""], ""tree_rooting"": [null, ""linkage_root""]}",True,True
run_20260630_130921Z_full,C02,phylo_brownian_null_16taxa,ok,ok,0.0,0.0,1,1,False,"{""benchmark_seed"": [null, ""21500""], ""branch_length_optimization_apply_nonconverged"": [null, ""False""], ""branch_length_optimization_max_iterations"": [""300"", ""1000""], ""tree_builder"": [null, ""linkage""], ""tree_linkage_method"": [null, ""average""], ""tree_rooting"": [null, ""linkage_root""]}",True,True
run_20260630_130921Z_full,C02,traversal_deep_signal_under_same_parent,ok,unsupported,0.1002555570640224,,87,0,False,"{""benchmark_seed"": [null, ""21600""], ""branch_length_optimization_apply_nonconverged"": [null, ""False""], ""branch_length_optimization_max_iterations"": [""300"", ""1000""], ""tree_builder"": [null, ""linkage""], ""tree_linkage_method"": [null, ""average""], ""tree_rooting"": [null, ""linkage_root""]}",True,True
run_20260630_130921Z_full,C02,traversal_deep_branch_recovery_stress,ok,unsupported,1.0,,6,0,False,"{""benchmark_seed"": [null, ""21601""], ""branch_length_optimization_apply_nonconverged"": [null, ""False""], ""branch_length_optimization_max_iterations"": [""300"", ""1000""], ""tree_builder"": [null, ""linkage""], ""tree_linkage_method"": [null, ""average""], ""tree_rooting"": [null, ""linkage_root""]}",True,True
run_20260811_selected_law_variants_full,C01,gauss_extreme_noise_3c,unsupported,unsupported,,,0,0,True,{},True,True
run_20260811_selected_law_variants_full,C01,gauss_dense_signal_highd,unsupported,unsupported,,,0,0,True,{},True,True
run_20260811_selected_law_variants_full,C01,gauss_extreme_noise_many,unsupported,unsupported,,,0,0,True,{},True,True
run_20260811_selected_law_variants_full,C01,gauss_clear_small,unsupported,unsupported,,,0,0,True,{},True,True
run_20260811_selected_law_variants_full,C01,gauss_clear_medium,unsupported,unsupported,,,0,0,True,{},True,True
run_20260811_selected_law_variants_full,C01,gauss_clear_large,unsupported,unsupported,,,0,0,True,{},True,True
run_20260811_selected_law_variants_full,C01,gauss_moderate_3c,unsupported,unsupported,,,0,0,True,{},True,True
run_20260811_selected_law_variants_full,C01,gauss_moderate_5c,unsupported,unsupported,,,0,0,True,{},True,True
run_20260811_selected_law_variants_full,C01,gauss_noisy_3c,unsupported,unsupported,,,0,0,True,{},True,True
run_20260811_selected_law_variants_full,C01,gauss_noisy_many,unsupported,unsupported,,,0,0,True,{},True,True
run_20260811_selected_law_variants_full,C01,gauss_null_small,unsupported,unsupported,,,0,0,True,{},True,True
run_20260811_selected_law_variants_full,C01,gauss_null_large,ok,ok,1.0,1.0,1,1,True,{},True,True
run_20260811_selected_law_variants_full,C01,gauss_clear_medium_continuous,skip,skip,,,0,0,True,{},True,True
run_20260811_selected_law_variants_full,C01,gauss_moderate_3c_continuous,skip,skip,,,0,0,True,{},True,True
run_20260811_selected_law_variants_full,C01,gauss_null_large_continuous,skip,skip,,,0,0,True,{},True,True
run_20260811_selected_law_variants_full,C01,gauss_dense_signal_highd_continuous,skip,skip,,,0,0,True,{},True,True
run_20260811_selected_law_variants_full,C01,dim_consolidated_4c_24f,unsupported,unsupported,,,0,0,True,{},True,True
run_20260811_selected_law_variants_full,C01,dim_consolidated_4c_72f,unsupported,unsupported,,,0,0,True,{},True,True
run_20260811_selected_law_variants_full,C01,dim_consolidated_4c_272f,unsupported,unsupported,,,0,0,True,{},True,True
run_20260811_selected_law_variants_full,C01,dim_diffuse_6c_36f,unsupported,unsupported,,,0,0,True,{},True,True
run_20260811_selected_law_variants_full,C01,dim_diffuse_6c_136f,unsupported,unsupported,,,0,0,True,{},True,True
run_20260811_selected_law_variants_full,C01,dim_diffuse_6c_536f,unsupported,unsupported,,,0,0,True,{},True,True
run_20260811_selected_law_variants_full,C01,gauss_sparse_signal_highd_noise,unsupported,unsupported,,,0,0,True,{},True,True
run_20260811_selected_law_variants_full,C01,dim_consolidated_4c_24f_continuous,skip,skip,,,0,0,True,{},True,True
run_20260811_selected_law_variants_full,C01,dim_consolidated_4c_72f_continuous,skip,skip,,,0,0,True,{},True,True
run_20260811_selected_law_variants_full,C01,dim_diffuse_6c_136f_continuous,skip,skip,,,0,0,True,{},True,True
run_20260811_selected_law_variants_full,C01,gauss_single_outlier_4c,skip,skip,,,0,0,True,{},True,True
run_20260811_selected_law_variants_full,C01,gauss_outlier_cluster_4c,skip,skip,,,0,0,True,{},True,True
run_20260811_selected_law_variants_full,C01,gauss_outlier_shell_4c,ok,ok,0.0,0.0,1,1,True,{},True,True
run_20260811_selected_law_variants_full,C01,gauss_single_outlier_4c_continuous,skip,skip,,,0,0,True,{},True,True
run_20260811_selected_law_variants_full,C01,gauss_outlier_cluster_4c_continuous,skip,skip,,,0,0,True,{},True,True
run_20260811_selected_law_variants_full,C01,binary_balanced_low_noise,unsupported,unsupported,,,0,0,True,{},True,True
run_20260811_selected_law_variants_full,C01,binary_balanced_low_noise__2,unsupported,unsupported,,,0,0,True,{},True,True
run_20260811_selected_law_variants_full,C01,sparse_features_72x72,unsupported,unsupported,,,0,0,True,{},True,True
run_20260811_selected_law_variants_full,C01,sparse_features_100x500,unsupported,unsupported,,,0,0,True,{},True,True
run_20260811_selected_law_variants_full,C01,binary_perfect_2c,skip,skip,,,0,0,True,{},True,True
run_20260811_selected_law_variants_full,C01,binary_perfect_4c,skip,skip,,,0,0,True,{},True,True
run_20260811_selected_law_variants_full,C01,binary_perfect_8c,skip,skip,,,0,0,True,{},True,True
run_20260811_selected_law_variants_full,C01,binary_low_noise_2c,unsupported,unsupported,,,0,0,True,{},True,True
run_20260811_selected_law_variants_full,C01,binary_low_noise_4c,unsupported,unsupported,,,0,0,True,{},True,True
run_20260811_selected_law_variants_full,C01,binary_low_noise_8c,unsupported,unsupported,,,0,0,True,{},True,True
run_20260811_selected_law_variants_full,C01,binary_low_noise_12c,unsupported,unsupported,,,0,0,True,{},True,True
run_20260811_selected_law_variants_full,C01,binary_moderate_4c,unsupported,unsupported,,,0,0,True,{},True,True
run_20260811_selected_law_variants_full,C01,binary_moderate_6c,unsupported,unsupported,,,0,0,True,{},True,True
run_20260811_selected_law_variants_full,C01,binary_moderate_8c,unsupported,unsupported,,,0,0,True,{},True,True
run_20260811_selected_law_variants_full,C01,binary_hard_4c,unsupported,unsupported,,,0,0,True,{},True,True
run_20260811_selected_law_variants_full,C01,binary_hard_8c,unsupported,unsupported,,,0,0,True,{},True,True
run_20260811_selected_law_variants_full,C01,binary_unbalanced_low,unsupported,unsupported,,,0,0,True,{},True,True
run_20260811_selected_law_variants_full,C01,binary_unbalanced_med,unsupported,unsupported,,,0,0,True,{},True,True
run_20260811_selected_law_variants_full,C01,binary_2clusters,unsupported,unsupported,,,0,0,True,{},True,True
run_20260811_selected_law_variants_full,C01,binary_many_features,unsupported,unsupported,,,0,0,True,{},True,True
run_20260811_selected_law_variants_full,C01,binary_many_clusters,unsupported,unsupported,,,0,0,True,{},True,True
run_20260811_selected_law_variants_full,C01,binary_null_small,skip,skip,,,0,0,True,{},True,True
run_20260811_selected_law_variants_full,C01,binary_null_medium,skip,skip,,,0,0,True,{},True,True
run_20260811_selected_law_variants_full,C01,binary_multiscale_4c,unsupported,unsupported,,,0,0,True,{},True,True
run_20260811_selected_law_variants_full,C01,binary_multiscale_6c,unsupported,unsupported,,,0,0,True,{},True,True
run_20260811_selected_law_variants_full,C01,binary_noise_feat_50i_200n,unsupported,unsupported,,,0,0,True,{},True,True
run_20260811_selected_law_variants_full,C01,binary_noise_feat_80i_400n,unsupported,unsupported,,,0,0,True,{},True,True
run_20260811_selected_law_variants_full,C01,binary_noise_feat_30i_500n,unsupported,unsupported,,,0,0,True,{},True,True
run_20260811_selected_law_variants_full,C01,sbm_clear_small,unsupported,unsupported,,,0,0,True,{},True,True
run_20260811_selected_law_variants_full,C01,sbm_moderate,ok,ok,0.0,0.0,1,1,True,{},True,True
run_20260811_selected_law_variants_full,C01,sbm_hard,ok,ok,0.0,0.0,1,1,True,{},True,True
run_20260811_selected_law_variants_full,C01,cat_clear_3cat_4c,unsupported,unsupported,,,0,0,True,{},True,True
run_20260811_selected_law_variants_full,C01,cat_clear_4cat_4c,unsupported,unsupported,,,0,0,True,{},True,True
run_20260811_selected_law_variants_full,C01,cat_clear_5cat_6c,unsupported,unsupported,,,0,0,True,{},True,True
run_20260811_selected_law_variants_full,C01,cat_mod_3cat_4c,unsupported,unsupported,,,0,0,True,{},True,True
run_20260811_selected_law_variants_full,C01,cat_mod_4cat_6c,unsupported,unsupported,,,0,0,True,{},True,True
run_20260811_selected_law_variants_full,C01,cat_highcard_10cat_4c,unsupported,unsupported,,,0,0,True,{},True,True
run_20260811_selected_law_variants_full,C01,cat_highcard_20cat_4c,unsupported,unsupported,,,0,0,True,{},True,True
run_20260811_selected_law_variants_full,C01,cat_unbal_3cat_4c,unsupported,unsupported,,,0,0,True,{},True,True
run_20260811_selected_law_variants_full,C01,cat_overlap_3cat_4c,unsupported,unsupported,,,0,0,True,{},True,True
run_20260811_selected_law_variants_full,C01,cat_highd_3cat_500feat,unsupported,unsupported,,,0,0,True,{},True,True
run_20260811_selected_law_variants_full,C01,cat_highd_4cat_1000feat,unsupported,unsupported,,,0,0,True,{},True,True
run_20260811_selected_law_variants_full,C01,phylo_dna_4taxa_low_mut,unsupported,unsupported,,,0,0,True,{},True,True
run_20260811_selected_law_variants_full,C01,phylo_dna_8taxa_low_mut,unsupported,unsupported,,,0,0,True,{},True,True
run_20260811_selected_law_variants_full,C01,phylo_dna_8taxa_med_mut,unsupported,unsupported,,,0,0,True,{},True,True
run_20260811_selected_law_variants_full,C01,phylo_dna_16taxa_low_mut,unsupported,unsupported,,,0,0,True,{},True,True
run_20260811_selected_law_variants_full,C01,phylo_protein_4taxa,unsupported,unsupported,,,0,0,True,{},True,True
run_20260811_selected_law_variants_full,C01,phylo_protein_8taxa,unsupported,unsupported,,,0,0,True,{},True,True
run_20260811_selected_law_variants_full,C01,phylo_protein_12taxa,unsupported,unsupported,,,0,0,True,{},True,True
run_20260811_selected_law_variants_full,C01,phylo_divergent_4taxa,unsupported,unsupported,,,0,0,True,{},True,True
run_20260811_selected_law_variants_full,C01,phylo_divergent_8taxa,unsupported,unsupported,,,0,0,True,{},True,True
run_20260811_selected_law_variants_full,C01,phylo_conserved_4taxa,skip,skip,,,0,0,True,{},True,True
run_20260811_selected_law_variants_full,C01,phylo_conserved_8taxa,unsupported,unsupported,,,0,0,True,{},True,True
run_20260811_selected_law_variants_full,C01,phylo_large_32taxa,unsupported,unsupported,,,0,0,True,{},True,True
run_20260811_selected_law_variants_full,C01,phylo_large_64taxa,unsupported,unsupported,,,0,0,True,{},True,True
run_20260811_selected_law_variants_full,C01,overlap_heavy_4c_small_feat,unsupported,unsupported,,,0,0,True,{},True,True
run_20260811_selected_law_variants_full,C01,overlap_heavy_4c_med_feat,unsupported,unsupported,,,0,0,True,{},True,True
run_20260811_selected_law_variants_full,C01,overlap_heavy_8c_large_feat,unsupported,unsupported,,,0,0,True,{},True,True
run_20260811_selected_law_variants_full,C01,overlap_extreme_4c,ok,ok,0.0,0.0,1,1,True,{},True,True
run_20260811_selected_law_variants_full,C01,overlap_mod_4c_small,unsupported,unsupported,,,0,0,True,{},True,True
run_20260811_selected_law_variants_full,C01,overlap_mod_6c_med,unsupported,unsupported,,,0,0,True,{},True,True
run_20260811_selected_law_variants_full,C01,overlap_mod_8c_large,unsupported,unsupported,,,0,0,True,{},True,True
run_20260811_selected_law_variants_full,C01,overlap_part_4c_small,unsupported,unsupported,,,0,0,True,{},True,True
run_20260811_selected_law_variants_full,C01,overlap_part_6c_med,unsupported,unsupported,,,0,0,True,{},True,True
run_20260811_selected_law_variants_full,C01,overlap_part_8c_large,unsupported,unsupported,,,0,0,True,{},True,True
run_20260811_selected_law_variants_full,C01,overlap_hd_4c_1k,unsupported,unsupported,,,0,0,True,{},True,True
run_20260811_selected_law_variants_full,C01,overlap_unbal_4c_small,unsupported,unsupported,,,0,0,True,{},True,True
run_20260811_selected_law_variants_full,C01,overlap_unbal_6c_med,unsupported,unsupported,,,0,0,True,{},True,True
run_20260811_selected_law_variants_full,C01,overlap_unbal_8c_large,unsupported,unsupported,,,0,0,True,{},True,True
run_20260811_selected_law_variants_full,C01,gauss_overlap_3c_small,unsupported,unsupported,,,0,0,True,{},True,True
run_20260811_selected_law_variants_full,C01,gauss_overlap_4c_med,unsupported,unsupported,,,0,0,True,{},True,True
run_20260811_selected_law_variants_full,C01,gauss_overlap_6c_large,unsupported,unsupported,,,0,0,True,{},True,True
run_20260811_selected_law_variants_full,C01,gauss_overlap_8c_highd,unsupported,unsupported,,,0,0,True,{},True,True
run_20260811_selected_law_variants_full,C01,gauss_overlap_extreme_4c,unsupported,unsupported,,,0,0,True,{},True,True
run_20260811_selected_law_variants_full,C01,gauss_overlap_extreme_6c,unsupported,unsupported,,,0,0,True,{},True,True
run_20260811_selected_law_variants_full,C01,gauss_overlap_many_10c,unsupported,unsupported,,,0,0,True,{},True,True
run_20260811_selected_law_variants_full,C01,gauss_overlap_dense_8c,unsupported,unsupported,,,0,0,True,{},True,True
run_20260811_selected_law_variants_full,C01,gauss_overlap_3c_small_q3,unsupported,unsupported,,,0,0,True,{},True,True
run_20260811_selected_law_variants_full,C01,gauss_overlap_3c_small_q4,unsupported,unsupported,,,0,0,True,{},True,True
run_20260811_selected_law_variants_full,C01,gauss_overlap_3c_small_q5,unsupported,unsupported,,,0,0,True,{},True,True
run_20260811_selected_law_variants_full,C01,bar_binary_balanced_4c,unsupported,unsupported,,,0,0,True,{},True,True
run_20260811_selected_law_variants_full,C01,bar_binary_unbalanced_95_5,unsupported,unsupported,,,0,0,True,{},True,True
run_20260811_selected_law_variants_full,C01,mp_spike_below_bbp_continuous,skip,skip,,,0,0,True,{},True,True
run_20260811_selected_law_variants_full,C01,mp_spike_above_bbp_continuous,skip,skip,,,0,0,True,{},True,True
run_20260811_selected_law_variants_full,C01,cat_simplex_face_rare_20cat,unsupported,unsupported,,,0,0,True,{},True,True
run_20260811_selected_law_variants_full,C01,cat_dirichlet_overdispersed_20cat,unsupported,unsupported,,,0,0,True,{},True,True
run_20260811_selected_law_variants_full,C01,cont_lowrank_pggn_shrinkage,skip,skip,,,0,0,True,{},True,True
run_20260811_selected_law_variants_full,C01,support_selected_only_fail_closed,unsupported,unsupported,,,0,0,True,{},True,True
run_20260811_selected_law_variants_full,C01,phylo_brownian_null_16taxa,skip,skip,,,0,0,True,{},True,True
run_20260811_selected_law_variants_full,C01,traversal_deep_signal_under_same_parent,unsupported,unsupported,,,0,0,True,{},True,True
run_20260811_selected_law_variants_full,C01,traversal_deep_branch_recovery_stress,unsupported,unsupported,,,0,0,True,{},True,True
