configuration,case_id,source_family,feature_representation,samples,features,true_clusters,found_clusters,status,ari,nmi,unsupported_reason_code,unsupported_admissible_support_count,skip_reason,error
C01,bar_binary_balanced_4c,binary_template,binary,160.0,200.0,4.0,,unsupported,,,empirical_null_unvalidated_reference_law,14.0,,
C01,bar_binary_unbalanced_95_5,binary_template,binary,200.0,200.0,4.0,,unsupported,,,empirical_null_no_internal_support,0.0,,
C01,binary_2clusters,binary_template,binary,50.0,60.0,2.0,,unsupported,,,empirical_null_unvalidated_reference_law,47.0,,
C01,binary_balanced_low_noise,binary_template,binary,72.0,72.0,4.0,,unsupported,,,empirical_null_unvalidated_reference_law,45.0,,
C01,binary_balanced_low_noise__2,binary_template,binary,72.0,120.0,4.0,,unsupported,,,empirical_null_unvalidated_reference_law,53.0,,
C01,binary_hard_4c,binary_template,binary,100.0,200.0,4.0,,unsupported,,,empirical_null_unvalidated_reference_law,46.0,,
C01,binary_hard_8c,binary_template,binary,280.0,400.0,8.0,,unsupported,,,empirical_null_unvalidated_reference_law,196.0,,
C01,binary_low_noise_12c,binary_template,binary,240.0,300.0,12.0,,unsupported,,,empirical_null_unvalidated_reference_law,147.0,,
C01,binary_low_noise_2c,binary_template,binary,40.0,50.0,2.0,,unsupported,,,empirical_null_unvalidated_reference_law,33.0,,
C01,binary_low_noise_4c,binary_template,binary,80.0,100.0,4.0,,unsupported,,,empirical_null_unvalidated_reference_law,68.0,,
C01,binary_low_noise_8c,binary_template,binary,160.0,200.0,8.0,,unsupported,,,empirical_null_unvalidated_reference_law,139.0,,
C01,binary_many_clusters,binary_template,binary,300.0,400.0,15.0,,unsupported,,,empirical_null_unvalidated_reference_law,207.0,,
C01,binary_many_features,binary_template,binary,100.0,2000.0,4.0,,unsupported,,,empirical_null_unvalidated_reference_law,24.0,,
C01,binary_moderate_4c,binary_template,binary,80.0,100.0,4.0,,unsupported,,,empirical_null_unvalidated_reference_law,58.0,,
C01,binary_moderate_6c,binary_template,binary,120.0,150.0,6.0,,unsupported,,,empirical_null_unvalidated_reference_law,99.0,,
C01,binary_moderate_8c,binary_template,binary,200.0,250.0,8.0,,unsupported,,,empirical_null_unvalidated_reference_law,155.0,,
C01,binary_multiscale_4c,binary_template,binary,120.0,160.0,4.0,,unsupported,,,empirical_null_unvalidated_reference_law,90.0,,
C01,binary_multiscale_6c,binary_template,binary,180.0,240.0,6.0,,unsupported,,,empirical_null_unvalidated_reference_law,161.0,,
C01,binary_noise_feat_30i_500n,binary_template,binary,100.0,1030.0,3.0,,unsupported,,,empirical_null_unvalidated_reference_law,48.0,,
C01,binary_noise_feat_50i_200n,binary_template,binary,120.0,450.0,4.0,,unsupported,,,empirical_null_unvalidated_reference_law,69.0,,
C01,binary_noise_feat_80i_400n,binary_template,binary,160.0,880.0,6.0,,unsupported,,,empirical_null_unvalidated_reference_law,63.0,,
C01,binary_null_medium,binary_template,binary,200.0,150.0,1.0,,skip,,,,,"tbs_diffusion_adaptive_nnls uses pydiffmap variable-bandwidth diffusion, but the largest exact duplicate block has 200 rows. pydiffmap's internal NNKDE query size is 8, which can produce zero local bandwidths and non-finite diffusion weights.",
C01,binary_null_small,binary_template,binary,60.0,80.0,1.0,,skip,,,,,"tbs_diffusion_adaptive_nnls uses pydiffmap variable-bandwidth diffusion, but the largest exact duplicate block has 60 rows. pydiffmap's internal NNKDE query size is 8, which can produce zero local bandwidths and non-finite diffusion weights.",
C01,binary_perfect_2c,binary_template,binary,40.0,50.0,2.0,,skip,,,,,"tbs_diffusion_adaptive_nnls uses pydiffmap variable-bandwidth diffusion, but the largest exact duplicate block has 19 rows. pydiffmap's internal NNKDE query size is 8, which can produce zero local bandwidths and non-finite diffusion weights.",
C01,binary_perfect_4c,binary_template,binary,80.0,100.0,4.0,,skip,,,,,"tbs_diffusion_adaptive_nnls uses pydiffmap variable-bandwidth diffusion, but the largest exact duplicate block has 20 rows. pydiffmap's internal NNKDE query size is 8, which can produce zero local bandwidths and non-finite diffusion weights.",
C01,binary_perfect_8c,binary_template,binary,160.0,200.0,8.0,,skip,,,,,"tbs_diffusion_adaptive_nnls uses pydiffmap variable-bandwidth diffusion, but the largest exact duplicate block has 20 rows. pydiffmap's internal NNKDE query size is 8, which can produce zero local bandwidths and non-finite diffusion weights.",
C01,binary_unbalanced_low,binary_template,binary,100.0,150.0,4.0,,unsupported,,,empirical_null_unvalidated_reference_law,70.0,,
C01,binary_unbalanced_med,binary_template,binary,150.0,200.0,6.0,,unsupported,,,empirical_null_unvalidated_reference_law,63.0,,
C01,cat_clear_3cat_4c,categorical_multinomial,categorical_one_hot,100.0,150.0,4.0,,unsupported,,,empirical_null_unvalidated_reference_law,75.0,,
C01,cat_clear_4cat_4c,categorical_multinomial,categorical_one_hot,100.0,200.0,4.0,,unsupported,,,empirical_null_unvalidated_reference_law,82.0,,
C01,cat_clear_5cat_6c,categorical_multinomial,categorical_one_hot,150.0,400.0,6.0,,unsupported,,,empirical_null_unvalidated_reference_law,83.0,,
C01,cat_dirichlet_overdispersed_20cat,categorical_dirichlet_multinomial,categorical_one_hot,240.0,1200.0,4.0,,unsupported,,,empirical_null_unvalidated_reference_law,28.0,,
C01,cat_highcard_10cat_4c,categorical_multinomial,categorical_one_hot,200.0,500.0,4.0,,unsupported,,,empirical_null_unvalidated_reference_law,149.0,,
C01,cat_highcard_20cat_4c,categorical_multinomial,categorical_one_hot,200.0,800.0,4.0,,unsupported,,,empirical_null_no_internal_support,0.0,,
C01,cat_highd_3cat_500feat,categorical_multinomial,categorical_one_hot,200.0,1500.0,4.0,,unsupported,,,empirical_null_unvalidated_reference_law,4.0,,
C01,cat_highd_4cat_1000feat,categorical_multinomial,categorical_one_hot,300.0,4000.0,6.0,,unsupported,,,empirical_null_unvalidated_reference_law,138.0,,
C01,cat_mod_3cat_4c,categorical_multinomial,categorical_one_hot,120.0,180.0,4.0,,unsupported,,,empirical_null_unvalidated_reference_law,81.0,,
C01,cat_mod_4cat_6c,categorical_multinomial,categorical_one_hot,180.0,400.0,6.0,,unsupported,,,empirical_null_unvalidated_reference_law,95.0,,
C01,cat_overlap_3cat_4c,categorical_multinomial,categorical_one_hot,400.0,300.0,4.0,,unsupported,,,empirical_null_unvalidated_reference_law,351.0,,
C01,cat_simplex_face_rare_20cat,categorical_dirichlet_multinomial,categorical_one_hot,240.0,1200.0,4.0,,unsupported,,,empirical_null_unvalidated_reference_law,100.0,,
C01,cat_unbal_3cat_4c,categorical_multinomial,categorical_one_hot,150.0,180.0,4.0,,unsupported,,,empirical_null_unvalidated_reference_law,119.0,,
C01,cont_lowrank_pggn_shrinkage,continuous_low_rank_factor,continuous,80.0,2000.0,4.0,,skip,,,,,tbs_diffusion_adaptive_nnls uses Hamming diffusion and requires binary or one-hot feature matrices; continuous FeatureSpace inputs are unsupported.,
C01,dim_consolidated_4c_24f,dimensional_gaussian,median_binary,160.0,24.0,4.0,,unsupported,,,empirical_null_unvalidated_reference_law,112.0,,
C01,dim_consolidated_4c_24f_continuous,dimensional_gaussian,continuous,160.0,24.0,4.0,,skip,,,,,tbs_diffusion_adaptive_nnls uses Hamming diffusion and requires binary or one-hot feature matrices; continuous FeatureSpace inputs are unsupported.,
C01,dim_consolidated_4c_272f,dimensional_gaussian,median_binary,160.0,272.0,4.0,,unsupported,,,empirical_null_unvalidated_reference_law,7.0,,
C01,dim_consolidated_4c_72f,dimensional_gaussian,median_binary,160.0,72.0,4.0,,unsupported,,,empirical_null_unvalidated_reference_law,22.0,,
C01,dim_consolidated_4c_72f_continuous,dimensional_gaussian,continuous,160.0,72.0,4.0,,skip,,,,,tbs_diffusion_adaptive_nnls uses Hamming diffusion and requires binary or one-hot feature matrices; continuous FeatureSpace inputs are unsupported.,
C01,dim_diffuse_6c_136f,dimensional_gaussian,median_binary,180.0,136.0,6.0,,unsupported,,,empirical_null_unvalidated_reference_law,18.0,,
C01,dim_diffuse_6c_136f_continuous,dimensional_gaussian,continuous,180.0,136.0,6.0,,skip,,,,,tbs_diffusion_adaptive_nnls uses Hamming diffusion and requires binary or one-hot feature matrices; continuous FeatureSpace inputs are unsupported.,
C01,dim_diffuse_6c_36f,dimensional_gaussian,median_binary,180.0,36.0,6.0,,unsupported,,,empirical_null_unvalidated_reference_law,86.0,,
C01,dim_diffuse_6c_536f,dimensional_gaussian,median_binary,180.0,536.0,6.0,,unsupported,,,empirical_null_unvalidated_reference_law,4.0,,
C01,gauss_clear_large,gaussian_blobs,median_binary,100.0,80.0,5.0,,unsupported,,,empirical_null_unvalidated_reference_law,94.0,,
C01,gauss_clear_medium,gaussian_blobs,median_binary,60.0,40.0,4.0,,unsupported,,,empirical_null_unvalidated_reference_law,54.0,,
C01,gauss_clear_medium_continuous,gaussian_blobs,continuous,60.0,40.0,4.0,,skip,,,,,tbs_diffusion_adaptive_nnls uses Hamming diffusion and requires binary or one-hot feature matrices; continuous FeatureSpace inputs are unsupported.,
C01,gauss_clear_small,gaussian_blobs,median_binary,30.0,20.0,3.0,,unsupported,,,empirical_null_unvalidated_reference_law,27.0,,
C01,gauss_dense_signal_highd,gaussian_blobs,median_binary,40.0,20000.0,4.0,,unsupported,,,empirical_null_no_internal_support,0.0,,
C01,gauss_dense_signal_highd_continuous,gaussian_blobs,continuous,40.0,20000.0,4.0,,skip,,,,,tbs_diffusion_adaptive_nnls uses Hamming diffusion and requires binary or one-hot feature matrices; continuous FeatureSpace inputs are unsupported.,
C01,gauss_extreme_noise_3c,gaussian_blobs,median_binary,30.0,30.0,3.0,,unsupported,,,empirical_null_unvalidated_reference_law,23.0,,
C01,gauss_extreme_noise_many,gaussian_blobs,median_binary,300.0,2000.0,30.0,,unsupported,,,empirical_null_unvalidated_reference_law,18.0,,
C01,gauss_moderate_3c,gaussian_blobs,median_binary,45.0,30.0,3.0,,unsupported,,,empirical_null_unvalidated_reference_law,41.0,,
C01,gauss_moderate_3c_continuous,gaussian_blobs,continuous,45.0,30.0,3.0,,skip,,,,,tbs_diffusion_adaptive_nnls uses Hamming diffusion and requires binary or one-hot feature matrices; continuous FeatureSpace inputs are unsupported.,
C01,gauss_moderate_5c,gaussian_blobs,median_binary,75.0,50.0,5.0,,unsupported,,,empirical_null_unvalidated_reference_law,70.0,,
C01,gauss_noisy_3c,gaussian_blobs,median_binary,60.0,40.0,3.0,,unsupported,,,empirical_null_unvalidated_reference_law,49.0,,
C01,gauss_noisy_many,gaussian_blobs,median_binary,120.0,80.0,8.0,,unsupported,,,empirical_null_unvalidated_reference_law,102.0,,
C01,gauss_null_large,gaussian_blobs,median_binary,200.0,80.0,1.0,1.0,ok,1.0,1.0,,,,
C01,gauss_null_large_continuous,gaussian_blobs,continuous,200.0,80.0,1.0,,skip,,,,,tbs_diffusion_adaptive_nnls uses Hamming diffusion and requires binary or one-hot feature matrices; continuous FeatureSpace inputs are unsupported.,
C01,gauss_null_small,gaussian_blobs,median_binary,60.0,30.0,1.0,,unsupported,,,empirical_null_unvalidated_reference_law,44.0,,
C01,gauss_outlier_cluster_4c,gaussian_outliers,median_binary,166.0,40.0,5.0,,skip,,,,,"tbs_diffusion_adaptive_nnls uses pydiffmap variable-bandwidth diffusion, but the largest exact duplicate block has 9 rows. pydiffmap's internal NNKDE query size is 8, which can produce zero local bandwidths and non-finite diffusion weights.",
C01,gauss_outlier_cluster_4c_continuous,gaussian_outliers,continuous,166.0,40.0,5.0,,skip,,,,,tbs_diffusion_adaptive_nnls uses Hamming diffusion and requires binary or one-hot feature matrices; continuous FeatureSpace inputs are unsupported.,
C01,gauss_outlier_shell_4c,gaussian_outliers,median_binary,172.0,40.0,5.0,1.0,ok,0.0,0.0,,,,
C01,gauss_overlap_3c_small,gaussian_blobs,median_binary,300.0,30.0,3.0,,unsupported,,,empirical_null_unvalidated_reference_law,255.0,,
C01,gauss_overlap_3c_small_q3,gaussian_blobs,quantile_one_hot,300.0,90.0,3.0,,unsupported,,,empirical_null_unvalidated_reference_law,262.0,,
C01,gauss_overlap_3c_small_q4,gaussian_blobs,quantile_one_hot,300.0,120.0,3.0,,unsupported,,,empirical_null_unvalidated_reference_law,258.0,,
C01,gauss_overlap_3c_small_q5,gaussian_blobs,quantile_one_hot,300.0,150.0,3.0,,unsupported,,,empirical_null_unvalidated_reference_law,200.0,,
C01,gauss_overlap_4c_med,gaussian_blobs,median_binary,400.0,80.0,4.0,,unsupported,,,empirical_null_unvalidated_reference_law,395.0,,
C01,gauss_overlap_6c_large,gaussian_blobs,median_binary,600.0,150.0,6.0,,unsupported,,,empirical_null_unvalidated_reference_law,581.0,,
C01,gauss_overlap_8c_highd,gaussian_blobs,median_binary,800.0,300.0,8.0,,unsupported,,,empirical_null_unvalidated_reference_law,733.0,,
C01,gauss_overlap_dense_8c,gaussian_blobs,median_binary,800.0,50.0,8.0,,unsupported,,,empirical_null_unvalidated_reference_law,789.0,,
C01,gauss_overlap_extreme_4c,gaussian_blobs,median_binary,500.0,100.0,4.0,,unsupported,,,empirical_null_unvalidated_reference_law,394.0,,
C01,gauss_overlap_extreme_6c,gaussian_blobs,median_binary,600.0,200.0,6.0,,unsupported,,,empirical_null_unvalidated_reference_law,583.0,,
C01,gauss_overlap_many_10c,gaussian_blobs,median_binary,1000.0,150.0,10.0,,unsupported,,,empirical_null_unvalidated_reference_law,984.0,,
C01,gauss_single_outlier_4c,gaussian_outliers,median_binary,161.0,40.0,5.0,,skip,,,,,"tbs_diffusion_adaptive_nnls uses pydiffmap variable-bandwidth diffusion, but the largest exact duplicate block has 13 rows. pydiffmap's internal NNKDE query size is 8, which can produce zero local bandwidths and non-finite diffusion weights.",
C01,gauss_single_outlier_4c_continuous,gaussian_outliers,continuous,161.0,40.0,5.0,,skip,,,,,tbs_diffusion_adaptive_nnls uses Hamming diffusion and requires binary or one-hot feature matrices; continuous FeatureSpace inputs are unsupported.,
C01,gauss_sparse_signal_highd_noise,dimensional_gaussian,median_binary,40.0,20000.0,4.0,,unsupported,,,empirical_null_no_internal_support,0.0,,
C01,mp_spike_above_bbp_continuous,continuous_spiked_covariance,continuous,120.0,300.0,2.0,,skip,,,,,tbs_diffusion_adaptive_nnls uses Hamming diffusion and requires binary or one-hot feature matrices; continuous FeatureSpace inputs are unsupported.,
C01,mp_spike_below_bbp_continuous,continuous_spiked_covariance,continuous,120.0,300.0,1.0,,skip,,,,,tbs_diffusion_adaptive_nnls uses Hamming diffusion and requires binary or one-hot feature matrices; continuous FeatureSpace inputs are unsupported.,
C01,overlap_extreme_4c,binary_template,binary,600.0,150.0,4.0,1.0,ok,0.0,0.0,,,,
C01,overlap_hd_4c_1k,binary_template,binary,500.0,1000.0,4.0,,unsupported,,,empirical_null_unvalidated_reference_law,287.0,,
C01,overlap_heavy_4c_med_feat,binary_template,binary,500.0,200.0,4.0,,unsupported,,,empirical_null_unvalidated_reference_law,276.0,,
C01,overlap_heavy_4c_small_feat,binary_template,binary,500.0,50.0,4.0,,unsupported,,,empirical_null_unvalidated_reference_law,461.0,,
C01,overlap_heavy_8c_large_feat,binary_template,binary,800.0,500.0,8.0,,unsupported,,,empirical_null_unvalidated_reference_law,798.0,,
C01,overlap_mod_4c_small,binary_template,binary,400.0,80.0,4.0,,unsupported,,,empirical_null_unvalidated_reference_law,380.0,,
C01,overlap_mod_6c_med,binary_template,binary,600.0,250.0,6.0,,unsupported,,,empirical_null_unvalidated_reference_law,571.0,,
C01,overlap_mod_8c_large,binary_template,binary,800.0,400.0,8.0,,unsupported,,,empirical_null_unvalidated_reference_law,695.0,,
C01,overlap_part_4c_small,binary_template,binary,400.0,60.0,4.0,,unsupported,,,empirical_null_unvalidated_reference_law,354.0,,
C01,overlap_part_6c_med,binary_template,binary,600.0,200.0,6.0,,unsupported,,,empirical_null_unvalidated_reference_law,527.0,,
C01,overlap_part_8c_large,binary_template,binary,800.0,350.0,8.0,,unsupported,,,empirical_null_unvalidated_reference_law,631.0,,
C01,overlap_unbal_4c_small,binary_template,binary,400.0,100.0,4.0,,unsupported,,,empirical_null_unvalidated_reference_law,209.0,,
C01,overlap_unbal_6c_med,binary_template,binary,600.0,300.0,6.0,,unsupported,,,empirical_null_unvalidated_reference_law,589.0,,
C01,overlap_unbal_8c_large,binary_template,binary,800.0,500.0,8.0,,unsupported,,,empirical_null_unvalidated_reference_law,483.0,,
C01,phylo_brownian_null_16taxa,phylogenetic_brownian,continuous,160.0,100.0,16.0,,skip,,,,,tbs_diffusion_adaptive_nnls uses Hamming diffusion and requires binary or one-hot feature matrices; continuous FeatureSpace inputs are unsupported.,
C01,phylo_conserved_4taxa,phylogenetic_sequence,categorical_one_hot,100.0,400.0,4.0,,skip,,,,,"tbs_diffusion_adaptive_nnls uses pydiffmap variable-bandwidth diffusion, but the largest exact duplicate block has 11 rows. pydiffmap's internal NNKDE query size is 8, which can produce zero local bandwidths and non-finite diffusion weights.",
C01,phylo_conserved_8taxa,phylogenetic_sequence,categorical_one_hot,160.0,800.0,8.0,,unsupported,,,empirical_null_unvalidated_reference_law,152.0,,
C01,phylo_divergent_4taxa,phylogenetic_sequence,categorical_one_hot,100.0,400.0,4.0,,unsupported,,,empirical_null_unvalidated_reference_law,72.0,,
C01,phylo_divergent_8taxa,phylogenetic_sequence,categorical_one_hot,160.0,800.0,8.0,,unsupported,,,empirical_null_unvalidated_reference_law,125.0,,
C01,phylo_dna_16taxa_low_mut,phylogenetic_sequence,categorical_one_hot,240.0,2000.0,16.0,,unsupported,,,empirical_null_unvalidated_reference_law,134.0,,
C01,phylo_dna_4taxa_low_mut,phylogenetic_sequence,categorical_one_hot,100.0,400.0,4.0,,unsupported,,,empirical_null_unvalidated_reference_law,96.0,,
C01,phylo_dna_8taxa_low_mut,phylogenetic_sequence,categorical_one_hot,160.0,800.0,8.0,,unsupported,,,empirical_null_unvalidated_reference_law,152.0,,
C01,phylo_dna_8taxa_med_mut,phylogenetic_sequence,categorical_one_hot,160.0,800.0,8.0,,unsupported,,,empirical_null_unvalidated_reference_law,120.0,,
C01,phylo_large_32taxa,phylogenetic_sequence,categorical_one_hot,320.0,2000.0,32.0,,unsupported,,,empirical_null_unvalidated_reference_law,216.0,,
C01,phylo_large_64taxa,phylogenetic_sequence,categorical_one_hot,512.0,4000.0,64.0,,unsupported,,,empirical_null_unvalidated_reference_law,131.0,,
C01,phylo_protein_12taxa,phylogenetic_sequence,categorical_one_hot,180.0,3000.0,12.0,,unsupported,,,empirical_null_unvalidated_reference_law,120.0,,
C01,phylo_protein_4taxa,phylogenetic_sequence,categorical_one_hot,120.0,1000.0,4.0,,unsupported,,,empirical_null_unvalidated_reference_law,116.0,,
C01,phylo_protein_8taxa,phylogenetic_sequence,categorical_one_hot,160.0,2000.0,8.0,,unsupported,,,empirical_null_unvalidated_reference_law,152.0,,
C01,sbm_clear_small,stochastic_block_model,graph_adjacency,60.0,60.0,2.0,,unsupported,,,empirical_null_unvalidated_reference_law,58.0,,
C01,sbm_hard,stochastic_block_model,graph_adjacency,120.0,120.0,3.0,1.0,ok,0.0,0.0,,,,
C01,sbm_moderate,stochastic_block_model,graph_adjacency,120.0,120.0,3.0,1.0,ok,0.0,0.0,,,,
C01,sparse_features_100x500,binary_template,binary,100.0,500.0,4.0,,unsupported,,,empirical_null_unvalidated_reference_law,30.0,,
C01,sparse_features_72x72,binary_template,binary,72.0,72.0,4.0,,unsupported,,,empirical_null_unvalidated_reference_law,65.0,,
C01,support_selected_only_fail_closed,binary_selected_nonnull_only,binary,160.0,500.0,4.0,,unsupported,,,empirical_null_unvalidated_reference_law,6.0,,
C01,traversal_deep_branch_recovery_stress,planted_hierarchy_binary,binary,240.0,480.0,6.0,,unsupported,,,empirical_null_unvalidated_reference_law,175.0,,
C01,traversal_deep_signal_under_same_parent,planted_hierarchy_binary,binary,240.0,300.0,6.0,,unsupported,,,empirical_null_unvalidated_reference_law,13.0,,
C02,bar_binary_balanced_4c,binary_template,binary,160.0,200.0,4.0,,unsupported,,,empirical_null_unvalidated_reference_law,18.0,,
C02,bar_binary_unbalanced_95_5,binary_template,binary,200.0,200.0,4.0,,unsupported,,,empirical_null_unvalidated_reference_law,13.0,,
C02,binary_2clusters,binary_template,binary,50.0,60.0,2.0,,unsupported,,,empirical_null_unvalidated_reference_law,45.0,,
C02,binary_balanced_low_noise,binary_template,binary,72.0,72.0,4.0,,unsupported,,,empirical_null_unvalidated_reference_law,53.0,,
C02,binary_balanced_low_noise__2,binary_template,binary,72.0,120.0,4.0,,unsupported,,,empirical_null_unvalidated_reference_law,39.0,,
C02,binary_hard_4c,binary_template,binary,100.0,200.0,4.0,,unsupported,,,empirical_null_unvalidated_reference_law,52.0,,
C02,binary_hard_8c,binary_template,binary,280.0,400.0,8.0,,unsupported,,,empirical_null_unvalidated_reference_law,142.0,,
C02,binary_low_noise_12c,binary_template,binary,240.0,300.0,12.0,,unsupported,,,empirical_null_unvalidated_reference_law,168.0,,
C02,binary_low_noise_2c,binary_template,binary,40.0,50.0,2.0,,unsupported,,,empirical_null_unvalidated_reference_law,32.0,,
C02,binary_low_noise_4c,binary_template,binary,80.0,100.0,4.0,,unsupported,,,empirical_null_unvalidated_reference_law,67.0,,
C02,binary_low_noise_8c,binary_template,binary,160.0,200.0,8.0,,unsupported,,,empirical_null_unvalidated_reference_law,101.0,,
C02,binary_many_clusters,binary_template,binary,300.0,400.0,15.0,,unsupported,,,empirical_null_unvalidated_reference_law,151.0,,
C02,binary_many_features,binary_template,binary,100.0,2000.0,4.0,,unsupported,,,empirical_null_unvalidated_reference_law,8.0,,
C02,binary_moderate_4c,binary_template,binary,80.0,100.0,4.0,,unsupported,,,empirical_null_unvalidated_reference_law,57.0,,
C02,binary_moderate_6c,binary_template,binary,120.0,150.0,6.0,,unsupported,,,empirical_null_unvalidated_reference_law,59.0,,
C02,binary_moderate_8c,binary_template,binary,200.0,250.0,8.0,,unsupported,,,empirical_null_unvalidated_reference_law,128.0,,
C02,binary_multiscale_4c,binary_template,binary,120.0,160.0,4.0,,unsupported,,,empirical_null_unvalidated_reference_law,109.0,,
C02,binary_multiscale_6c,binary_template,binary,180.0,240.0,6.0,,unsupported,,,empirical_null_unvalidated_reference_law,161.0,,
C02,binary_noise_feat_30i_500n,binary_template,binary,100.0,1030.0,3.0,,unsupported,,,empirical_null_unvalidated_reference_law,30.0,,
C02,binary_noise_feat_50i_200n,binary_template,binary,120.0,450.0,4.0,,unsupported,,,empirical_null_unvalidated_reference_law,87.0,,
C02,binary_noise_feat_80i_400n,binary_template,binary,160.0,880.0,6.0,,unsupported,,,empirical_null_no_internal_support,0.0,,
C02,binary_null_medium,binary_template,binary,200.0,150.0,1.0,1.0,ok,1.0,1.0,,,,
C02,binary_null_small,binary_template,binary,60.0,80.0,1.0,1.0,ok,1.0,1.0,,,,
C02,binary_perfect_2c,binary_template,binary,40.0,50.0,2.0,,unsupported,,,empirical_null_unvalidated_reference_law,37.0,,
C02,binary_perfect_4c,binary_template,binary,80.0,100.0,4.0,,unsupported,,,empirical_null_unvalidated_reference_law,75.0,,
C02,binary_perfect_8c,binary_template,binary,160.0,200.0,8.0,,unsupported,,,empirical_null_unvalidated_reference_law,147.0,,
C02,binary_unbalanced_low,binary_template,binary,100.0,150.0,4.0,,unsupported,,,empirical_null_unvalidated_reference_law,89.0,,
C02,binary_unbalanced_med,binary_template,binary,150.0,200.0,6.0,,unsupported,,,empirical_null_unvalidated_reference_law,102.0,,
C02,cat_clear_3cat_4c,categorical_multinomial,categorical_one_hot,100.0,150.0,4.0,,unsupported,,,empirical_null_unvalidated_reference_law,52.0,,
C02,cat_clear_4cat_4c,categorical_multinomial,categorical_one_hot,100.0,200.0,4.0,,unsupported,,,empirical_null_unvalidated_reference_law,61.0,,
C02,cat_clear_5cat_6c,categorical_multinomial,categorical_one_hot,150.0,400.0,6.0,,unsupported,,,empirical_null_unvalidated_reference_law,87.0,,
C02,cat_dirichlet_overdispersed_20cat,categorical_dirichlet_multinomial,categorical_one_hot,240.0,1200.0,4.0,,unsupported,,,empirical_null_unvalidated_reference_law,54.0,,
C02,cat_highcard_10cat_4c,categorical_multinomial,categorical_one_hot,200.0,500.0,4.0,,unsupported,,,empirical_null_unvalidated_reference_law,87.0,,
C02,cat_highcard_20cat_4c,categorical_multinomial,categorical_one_hot,200.0,800.0,4.0,,unsupported,,,empirical_null_unvalidated_reference_law,28.0,,
C02,cat_highd_3cat_500feat,categorical_multinomial,categorical_one_hot,200.0,1500.0,4.0,,unsupported,,,empirical_null_unvalidated_reference_law,65.0,,
C02,cat_highd_4cat_1000feat,categorical_multinomial,categorical_one_hot,300.0,4000.0,6.0,,unsupported,,,empirical_null_unvalidated_reference_law,133.0,,
C02,cat_mod_3cat_4c,categorical_multinomial,categorical_one_hot,120.0,180.0,4.0,,unsupported,,,empirical_null_unvalidated_reference_law,67.0,,
C02,cat_mod_4cat_6c,categorical_multinomial,categorical_one_hot,180.0,400.0,6.0,,unsupported,,,empirical_null_unvalidated_reference_law,33.0,,
C02,cat_overlap_3cat_4c,categorical_multinomial,categorical_one_hot,400.0,300.0,4.0,,unsupported,,,empirical_null_unvalidated_reference_law,222.0,,
C02,cat_simplex_face_rare_20cat,categorical_dirichlet_multinomial,categorical_one_hot,240.0,1200.0,4.0,,unsupported,,,empirical_null_unvalidated_reference_law,31.0,,
C02,cat_unbal_3cat_4c,categorical_multinomial,categorical_one_hot,150.0,180.0,4.0,,unsupported,,,empirical_null_unvalidated_reference_law,101.0,,
C02,cont_lowrank_pggn_shrinkage,continuous_low_rank_factor,continuous,80.0,2000.0,4.0,,unsupported,,,empirical_null_unvalidated_reference_law,72.0,,
C02,dim_consolidated_4c_24f,dimensional_gaussian,median_binary,160.0,24.0,4.0,,unsupported,,,empirical_null_unvalidated_reference_law,115.0,,
C02,dim_consolidated_4c_24f_continuous,dimensional_gaussian,continuous,160.0,24.0,4.0,1.0,ok,0.0,0.0,,,,
C02,dim_consolidated_4c_272f,dimensional_gaussian,median_binary,160.0,272.0,4.0,,unsupported,,,empirical_null_unvalidated_reference_law,31.0,,
C02,dim_consolidated_4c_72f,dimensional_gaussian,median_binary,160.0,72.0,4.0,,unsupported,,,empirical_null_unvalidated_reference_law,32.0,,
C02,dim_consolidated_4c_72f_continuous,dimensional_gaussian,continuous,160.0,72.0,4.0,1.0,ok,0.0,0.0,,,,
C02,dim_diffuse_6c_136f,dimensional_gaussian,median_binary,180.0,136.0,6.0,,unsupported,,,empirical_null_unvalidated_reference_law,67.0,,
C02,dim_diffuse_6c_136f_continuous,dimensional_gaussian,continuous,180.0,136.0,6.0,1.0,ok,0.0,0.0,,,,
C02,dim_diffuse_6c_36f,dimensional_gaussian,median_binary,180.0,36.0,6.0,,unsupported,,,empirical_null_unvalidated_reference_law,97.0,,
C02,dim_diffuse_6c_536f,dimensional_gaussian,median_binary,180.0,536.0,6.0,,unsupported,,,empirical_null_unvalidated_reference_law,15.0,,
C02,gauss_clear_large,gaussian_blobs,median_binary,100.0,80.0,5.0,,unsupported,,,empirical_null_unvalidated_reference_law,89.0,,
C02,gauss_clear_medium,gaussian_blobs,median_binary,60.0,40.0,4.0,,unsupported,,,empirical_null_unvalidated_reference_law,53.0,,
C02,gauss_clear_medium_continuous,gaussian_blobs,continuous,60.0,40.0,4.0,1.0,ok,0.0,0.0,,,,
C02,gauss_clear_small,gaussian_blobs,median_binary,30.0,20.0,3.0,,unsupported,,,empirical_null_unvalidated_reference_law,27.0,,
C02,gauss_dense_signal_highd,gaussian_blobs,median_binary,40.0,20000.0,4.0,,unsupported,,,empirical_null_no_internal_support,0.0,,
C02,gauss_dense_signal_highd_continuous,gaussian_blobs,continuous,40.0,20000.0,4.0,,unsupported,,,empirical_null_no_internal_support,0.0,,
C02,gauss_extreme_noise_3c,gaussian_blobs,median_binary,30.0,30.0,3.0,,unsupported,,,empirical_null_unvalidated_reference_law,20.0,,
C02,gauss_extreme_noise_many,gaussian_blobs,median_binary,300.0,2000.0,30.0,,unsupported,,,empirical_null_unvalidated_reference_law,7.0,,
C02,gauss_moderate_3c,gaussian_blobs,median_binary,45.0,30.0,3.0,,unsupported,,,empirical_null_unvalidated_reference_law,40.0,,
C02,gauss_moderate_3c_continuous,gaussian_blobs,continuous,45.0,30.0,3.0,1.0,ok,0.0,0.0,,,,
C02,gauss_moderate_5c,gaussian_blobs,median_binary,75.0,50.0,5.0,,unsupported,,,empirical_null_unvalidated_reference_law,68.0,,
C02,gauss_noisy_3c,gaussian_blobs,median_binary,60.0,40.0,3.0,,unsupported,,,empirical_null_unvalidated_reference_law,47.0,,
C02,gauss_noisy_many,gaussian_blobs,median_binary,120.0,80.0,8.0,,unsupported,,,empirical_null_unvalidated_reference_law,87.0,,
C02,gauss_null_large,gaussian_blobs,median_binary,200.0,80.0,1.0,,unsupported,,,empirical_null_unvalidated_reference_law,175.0,,
C02,gauss_null_large_continuous,gaussian_blobs,continuous,200.0,80.0,1.0,1.0,ok,1.0,1.0,,,,
C02,gauss_null_small,gaussian_blobs,median_binary,60.0,30.0,1.0,,unsupported,,,empirical_null_unvalidated_reference_law,33.0,,
C02,gauss_outlier_cluster_4c,gaussian_outliers,median_binary,166.0,40.0,5.0,,unsupported,,,empirical_null_unvalidated_reference_law,161.0,,
C02,gauss_outlier_cluster_4c_continuous,gaussian_outliers,continuous,166.0,40.0,5.0,1.0,ok,0.0,0.0,,,,
C02,gauss_outlier_shell_4c,gaussian_outliers,median_binary,172.0,40.0,5.0,,unsupported,,,empirical_null_unvalidated_reference_law,155.0,,
C02,gauss_overlap_3c_small,gaussian_blobs,median_binary,300.0,30.0,3.0,,unsupported,,,empirical_null_unvalidated_reference_law,262.0,,
C02,gauss_overlap_3c_small_q3,gaussian_blobs,quantile_one_hot,300.0,90.0,3.0,,unsupported,,,empirical_null_unvalidated_reference_law,233.0,,
C02,gauss_overlap_3c_small_q4,gaussian_blobs,quantile_one_hot,300.0,120.0,3.0,,unsupported,,,empirical_null_unvalidated_reference_law,225.0,,
C02,gauss_overlap_3c_small_q5,gaussian_blobs,quantile_one_hot,300.0,150.0,3.0,,unsupported,,,empirical_null_unvalidated_reference_law,163.0,,
C02,gauss_overlap_4c_med,gaussian_blobs,median_binary,400.0,80.0,4.0,,unsupported,,,empirical_null_unvalidated_reference_law,353.0,,
C02,gauss_overlap_6c_large,gaussian_blobs,median_binary,600.0,150.0,6.0,,unsupported,,,empirical_null_unvalidated_reference_law,594.0,,
C02,gauss_overlap_8c_highd,gaussian_blobs,median_binary,800.0,300.0,8.0,,unsupported,,,empirical_null_unvalidated_reference_law,792.0,,
C02,gauss_overlap_dense_8c,gaussian_blobs,median_binary,800.0,50.0,8.0,,unsupported,,,empirical_null_unvalidated_reference_law,789.0,,
C02,gauss_overlap_extreme_4c,gaussian_blobs,median_binary,500.0,100.0,4.0,,unsupported,,,empirical_null_unvalidated_reference_law,356.0,,
C02,gauss_overlap_extreme_6c,gaussian_blobs,median_binary,600.0,200.0,6.0,,unsupported,,,empirical_null_unvalidated_reference_law,553.0,,
C02,gauss_overlap_many_10c,gaussian_blobs,median_binary,1000.0,150.0,10.0,,unsupported,,,empirical_null_unvalidated_reference_law,982.0,,
C02,gauss_single_outlier_4c,gaussian_outliers,median_binary,161.0,40.0,5.0,,unsupported,,,empirical_null_unvalidated_reference_law,154.0,,
C02,gauss_single_outlier_4c_continuous,gaussian_outliers,continuous,161.0,40.0,5.0,1.0,ok,0.0,0.0,,,,
C02,gauss_sparse_signal_highd_noise,dimensional_gaussian,median_binary,40.0,20000.0,4.0,,unsupported,,,empirical_null_no_internal_support,0.0,,
C02,mp_spike_above_bbp_continuous,continuous_spiked_covariance,continuous,120.0,300.0,2.0,1.0,ok,0.0,0.0,,,,
C02,mp_spike_below_bbp_continuous,continuous_spiked_covariance,continuous,120.0,300.0,1.0,1.0,ok,1.0,1.0,,,,
C02,overlap_extreme_4c,binary_template,binary,600.0,150.0,4.0,1.0,ok,0.0,0.0,,,,
C02,overlap_hd_4c_1k,binary_template,binary,500.0,1000.0,4.0,,unsupported,,,empirical_null_unvalidated_reference_law,285.0,,
C02,overlap_heavy_4c_med_feat,binary_template,binary,500.0,200.0,4.0,,unsupported,,,empirical_null_unvalidated_reference_law,373.0,,
C02,overlap_heavy_4c_small_feat,binary_template,binary,500.0,50.0,4.0,,unsupported,,,empirical_null_unvalidated_reference_law,473.0,,
C02,overlap_heavy_8c_large_feat,binary_template,binary,800.0,500.0,8.0,,unsupported,,,empirical_null_unvalidated_reference_law,714.0,,
C02,overlap_mod_4c_small,binary_template,binary,400.0,80.0,4.0,,unsupported,,,empirical_null_unvalidated_reference_law,273.0,,
C02,overlap_mod_6c_med,binary_template,binary,600.0,250.0,6.0,,unsupported,,,empirical_null_unvalidated_reference_law,588.0,,
C02,overlap_mod_8c_large,binary_template,binary,800.0,400.0,8.0,,unsupported,,,empirical_null_unvalidated_reference_law,672.0,,
C02,overlap_part_4c_small,binary_template,binary,400.0,60.0,4.0,,unsupported,,,empirical_null_unvalidated_reference_law,324.0,,
C02,overlap_part_6c_med,binary_template,binary,600.0,200.0,6.0,,unsupported,,,empirical_null_unvalidated_reference_law,594.0,,
C02,overlap_part_8c_large,binary_template,binary,800.0,350.0,8.0,,unsupported,,,empirical_null_unvalidated_reference_law,776.0,,
C02,overlap_unbal_4c_small,binary_template,binary,400.0,100.0,4.0,,unsupported,,,empirical_null_unvalidated_reference_law,221.0,,
C02,overlap_unbal_6c_med,binary_template,binary,600.0,300.0,6.0,,unsupported,,,empirical_null_unvalidated_reference_law,482.0,,
C02,overlap_unbal_8c_large,binary_template,binary,800.0,500.0,8.0,,unsupported,,,empirical_null_unvalidated_reference_law,761.0,,
C02,phylo_brownian_null_16taxa,phylogenetic_brownian,continuous,160.0,100.0,16.0,1.0,ok,0.0,0.0,,,,
C02,phylo_conserved_4taxa,phylogenetic_sequence,categorical_one_hot,100.0,400.0,4.0,,unsupported,,,empirical_null_unvalidated_reference_law,94.0,,
C02,phylo_conserved_8taxa,phylogenetic_sequence,categorical_one_hot,160.0,800.0,8.0,,unsupported,,,empirical_null_unvalidated_reference_law,152.0,,
C02,phylo_divergent_4taxa,phylogenetic_sequence,categorical_one_hot,100.0,400.0,4.0,,unsupported,,,empirical_null_unvalidated_reference_law,78.0,,
C02,phylo_divergent_8taxa,phylogenetic_sequence,categorical_one_hot,160.0,800.0,8.0,,unsupported,,,empirical_null_unvalidated_reference_law,132.0,,
C02,phylo_dna_16taxa_low_mut,phylogenetic_sequence,categorical_one_hot,240.0,2000.0,16.0,,unsupported,,,empirical_null_unvalidated_reference_law,87.0,,
C02,phylo_dna_4taxa_low_mut,phylogenetic_sequence,categorical_one_hot,100.0,400.0,4.0,,unsupported,,,empirical_null_unvalidated_reference_law,96.0,,
C02,phylo_dna_8taxa_low_mut,phylogenetic_sequence,categorical_one_hot,160.0,800.0,8.0,,unsupported,,,empirical_null_unvalidated_reference_law,139.0,,
C02,phylo_dna_8taxa_med_mut,phylogenetic_sequence,categorical_one_hot,160.0,800.0,8.0,,unsupported,,,empirical_null_unvalidated_reference_law,124.0,,
C02,phylo_large_32taxa,phylogenetic_sequence,categorical_one_hot,320.0,2000.0,32.0,,unsupported,,,empirical_null_unvalidated_reference_law,172.0,,
C02,phylo_large_64taxa,phylogenetic_sequence,categorical_one_hot,512.0,4000.0,64.0,,unsupported,,,empirical_null_unvalidated_reference_law,98.0,,
C02,phylo_protein_12taxa,phylogenetic_sequence,categorical_one_hot,180.0,3000.0,12.0,,unsupported,,,empirical_null_unvalidated_reference_law,100.0,,
C02,phylo_protein_4taxa,phylogenetic_sequence,categorical_one_hot,120.0,1000.0,4.0,,unsupported,,,empirical_null_unvalidated_reference_law,116.0,,
C02,phylo_protein_8taxa,phylogenetic_sequence,categorical_one_hot,160.0,2000.0,8.0,,unsupported,,,empirical_null_unvalidated_reference_law,146.0,,
C02,sbm_clear_small,stochastic_block_model,graph_adjacency,60.0,60.0,2.0,,unsupported,,,empirical_null_unvalidated_reference_law,54.0,,
C02,sbm_hard,stochastic_block_model,graph_adjacency,120.0,120.0,3.0,,unsupported,,,empirical_null_unvalidated_reference_law,118.0,,
C02,sbm_moderate,stochastic_block_model,graph_adjacency,120.0,120.0,3.0,1.0,ok,0.0,0.0,,,,
C02,sparse_features_100x500,binary_template,binary,100.0,500.0,4.0,,unsupported,,,empirical_null_unvalidated_reference_law,27.0,,
C02,sparse_features_72x72,binary_template,binary,72.0,72.0,4.0,,unsupported,,,empirical_null_unvalidated_reference_law,59.0,,
C02,support_selected_only_fail_closed,binary_selected_nonnull_only,binary,160.0,500.0,4.0,,unsupported,,,empirical_null_no_internal_support,0.0,,
C02,traversal_deep_branch_recovery_stress,planted_hierarchy_binary,binary,240.0,480.0,6.0,,unsupported,,,empirical_null_unvalidated_reference_law,115.0,,
C02,traversal_deep_signal_under_same_parent,planted_hierarchy_binary,binary,240.0,300.0,6.0,,unsupported,,,empirical_null_unvalidated_reference_law,17.0,,
C03,bar_binary_balanced_4c,binary_template,binary,160.0,200.0,4.0,,unsupported,,,empirical_null_unvalidated_reference_law,18.0,,
C03,bar_binary_unbalanced_95_5,binary_template,binary,200.0,200.0,4.0,,unsupported,,,empirical_null_unvalidated_reference_law,13.0,,
C03,binary_2clusters,binary_template,binary,50.0,60.0,2.0,,unsupported,,,empirical_null_unvalidated_reference_law,45.0,,
C03,binary_balanced_low_noise,binary_template,binary,72.0,72.0,4.0,,unsupported,,,empirical_null_unvalidated_reference_law,53.0,,
C03,binary_balanced_low_noise__2,binary_template,binary,72.0,120.0,4.0,,unsupported,,,empirical_null_unvalidated_reference_law,39.0,,
C03,binary_hard_4c,binary_template,binary,100.0,200.0,4.0,,unsupported,,,empirical_null_unvalidated_reference_law,52.0,,
C03,binary_hard_8c,binary_template,binary,280.0,400.0,8.0,,unsupported,,,empirical_null_unvalidated_reference_law,142.0,,
C03,binary_low_noise_12c,binary_template,binary,240.0,300.0,12.0,,unsupported,,,empirical_null_unvalidated_reference_law,168.0,,
C03,binary_low_noise_2c,binary_template,binary,40.0,50.0,2.0,,unsupported,,,empirical_null_unvalidated_reference_law,32.0,,
C03,binary_low_noise_4c,binary_template,binary,80.0,100.0,4.0,,unsupported,,,empirical_null_unvalidated_reference_law,67.0,,
C03,binary_low_noise_8c,binary_template,binary,160.0,200.0,8.0,,unsupported,,,empirical_null_unvalidated_reference_law,101.0,,
C03,binary_many_clusters,binary_template,binary,300.0,400.0,15.0,,unsupported,,,empirical_null_unvalidated_reference_law,151.0,,
C03,binary_many_features,binary_template,binary,100.0,2000.0,4.0,,unsupported,,,empirical_null_unvalidated_reference_law,8.0,,
C03,binary_moderate_4c,binary_template,binary,80.0,100.0,4.0,,unsupported,,,empirical_null_unvalidated_reference_law,57.0,,
C03,binary_moderate_6c,binary_template,binary,120.0,150.0,6.0,,unsupported,,,empirical_null_unvalidated_reference_law,59.0,,
C03,binary_moderate_8c,binary_template,binary,200.0,250.0,8.0,,unsupported,,,empirical_null_unvalidated_reference_law,128.0,,
C03,binary_multiscale_4c,binary_template,binary,120.0,160.0,4.0,,unsupported,,,empirical_null_unvalidated_reference_law,109.0,,
C03,binary_multiscale_6c,binary_template,binary,180.0,240.0,6.0,,unsupported,,,empirical_null_unvalidated_reference_law,161.0,,
C03,binary_noise_feat_30i_500n,binary_template,binary,100.0,1030.0,3.0,,unsupported,,,empirical_null_unvalidated_reference_law,30.0,,
C03,binary_noise_feat_50i_200n,binary_template,binary,120.0,450.0,4.0,,unsupported,,,empirical_null_unvalidated_reference_law,87.0,,
C03,binary_noise_feat_80i_400n,binary_template,binary,160.0,880.0,6.0,,unsupported,,,empirical_null_no_internal_support,0.0,,
C03,binary_null_medium,binary_template,binary,200.0,150.0,1.0,1.0,ok,1.0,1.0,,,,
C03,binary_null_small,binary_template,binary,60.0,80.0,1.0,1.0,ok,1.0,1.0,,,,
C03,binary_perfect_2c,binary_template,binary,40.0,50.0,2.0,,unsupported,,,empirical_null_unvalidated_reference_law,37.0,,
C03,binary_perfect_4c,binary_template,binary,80.0,100.0,4.0,,unsupported,,,empirical_null_unvalidated_reference_law,74.0,,
C03,binary_perfect_8c,binary_template,binary,160.0,200.0,8.0,,unsupported,,,empirical_null_unvalidated_reference_law,146.0,,
C03,binary_unbalanced_low,binary_template,binary,100.0,150.0,4.0,,unsupported,,,empirical_null_unvalidated_reference_law,89.0,,
C03,binary_unbalanced_med,binary_template,binary,150.0,200.0,6.0,,unsupported,,,empirical_null_unvalidated_reference_law,102.0,,
C03,cat_clear_3cat_4c,categorical_multinomial,categorical_one_hot,100.0,150.0,4.0,,unsupported,,,empirical_null_unvalidated_reference_law,52.0,,
C03,cat_clear_4cat_4c,categorical_multinomial,categorical_one_hot,100.0,200.0,4.0,,unsupported,,,empirical_null_unvalidated_reference_law,61.0,,
C03,cat_clear_5cat_6c,categorical_multinomial,categorical_one_hot,150.0,400.0,6.0,,unsupported,,,empirical_null_unvalidated_reference_law,87.0,,
C03,cat_dirichlet_overdispersed_20cat,categorical_dirichlet_multinomial,categorical_one_hot,240.0,1200.0,4.0,,unsupported,,,empirical_null_unvalidated_reference_law,54.0,,
C03,cat_highcard_10cat_4c,categorical_multinomial,categorical_one_hot,200.0,500.0,4.0,,unsupported,,,empirical_null_unvalidated_reference_law,87.0,,
C03,cat_highcard_20cat_4c,categorical_multinomial,categorical_one_hot,200.0,800.0,4.0,,unsupported,,,empirical_null_unvalidated_reference_law,28.0,,
C03,cat_highd_3cat_500feat,categorical_multinomial,categorical_one_hot,200.0,1500.0,4.0,,unsupported,,,empirical_null_unvalidated_reference_law,65.0,,
C03,cat_highd_4cat_1000feat,categorical_multinomial,categorical_one_hot,300.0,4000.0,6.0,,unsupported,,,empirical_null_unvalidated_reference_law,133.0,,
C03,cat_mod_3cat_4c,categorical_multinomial,categorical_one_hot,120.0,180.0,4.0,,unsupported,,,empirical_null_unvalidated_reference_law,67.0,,
C03,cat_mod_4cat_6c,categorical_multinomial,categorical_one_hot,180.0,400.0,6.0,,unsupported,,,empirical_null_unvalidated_reference_law,33.0,,
C03,cat_overlap_3cat_4c,categorical_multinomial,categorical_one_hot,400.0,300.0,4.0,,unsupported,,,empirical_null_unvalidated_reference_law,222.0,,
C03,cat_simplex_face_rare_20cat,categorical_dirichlet_multinomial,categorical_one_hot,240.0,1200.0,4.0,,unsupported,,,empirical_null_unvalidated_reference_law,31.0,,
C03,cat_unbal_3cat_4c,categorical_multinomial,categorical_one_hot,150.0,180.0,4.0,,unsupported,,,empirical_null_unvalidated_reference_law,101.0,,
C03,cont_lowrank_pggn_shrinkage,continuous_low_rank_factor,continuous,80.0,2000.0,4.0,,unsupported,,,empirical_null_unvalidated_reference_law,72.0,,
C03,dim_consolidated_4c_24f,dimensional_gaussian,median_binary,160.0,24.0,4.0,,unsupported,,,empirical_null_unvalidated_reference_law,115.0,,
C03,dim_consolidated_4c_24f_continuous,dimensional_gaussian,continuous,160.0,24.0,4.0,1.0,ok,0.0,0.0,,,,
C03,dim_consolidated_4c_272f,dimensional_gaussian,median_binary,160.0,272.0,4.0,,unsupported,,,empirical_null_unvalidated_reference_law,31.0,,
C03,dim_consolidated_4c_72f,dimensional_gaussian,median_binary,160.0,72.0,4.0,,unsupported,,,empirical_null_unvalidated_reference_law,32.0,,
C03,dim_consolidated_4c_72f_continuous,dimensional_gaussian,continuous,160.0,72.0,4.0,1.0,ok,0.0,0.0,,,,
C03,dim_diffuse_6c_136f,dimensional_gaussian,median_binary,180.0,136.0,6.0,,unsupported,,,empirical_null_unvalidated_reference_law,67.0,,
C03,dim_diffuse_6c_136f_continuous,dimensional_gaussian,continuous,180.0,136.0,6.0,1.0,ok,0.0,0.0,,,,
C03,dim_diffuse_6c_36f,dimensional_gaussian,median_binary,180.0,36.0,6.0,,unsupported,,,empirical_null_unvalidated_reference_law,97.0,,
C03,dim_diffuse_6c_536f,dimensional_gaussian,median_binary,180.0,536.0,6.0,,unsupported,,,empirical_null_unvalidated_reference_law,15.0,,
C03,gauss_clear_large,gaussian_blobs,median_binary,100.0,80.0,5.0,,unsupported,,,empirical_null_unvalidated_reference_law,89.0,,
C03,gauss_clear_medium,gaussian_blobs,median_binary,60.0,40.0,4.0,,unsupported,,,empirical_null_unvalidated_reference_law,53.0,,
C03,gauss_clear_medium_continuous,gaussian_blobs,continuous,60.0,40.0,4.0,1.0,ok,0.0,0.0,,,,
C03,gauss_clear_small,gaussian_blobs,median_binary,30.0,20.0,3.0,,unsupported,,,empirical_null_unvalidated_reference_law,27.0,,
C03,gauss_dense_signal_highd,gaussian_blobs,median_binary,40.0,20000.0,4.0,,unsupported,,,empirical_null_no_internal_support,0.0,,
C03,gauss_dense_signal_highd_continuous,gaussian_blobs,continuous,40.0,20000.0,4.0,,unsupported,,,empirical_null_no_internal_support,0.0,,
C03,gauss_extreme_noise_3c,gaussian_blobs,median_binary,30.0,30.0,3.0,,unsupported,,,empirical_null_unvalidated_reference_law,20.0,,
C03,gauss_extreme_noise_many,gaussian_blobs,median_binary,300.0,2000.0,30.0,,unsupported,,,empirical_null_unvalidated_reference_law,7.0,,
C03,gauss_moderate_3c,gaussian_blobs,median_binary,45.0,30.0,3.0,,unsupported,,,empirical_null_unvalidated_reference_law,40.0,,
C03,gauss_moderate_3c_continuous,gaussian_blobs,continuous,45.0,30.0,3.0,1.0,ok,0.0,0.0,,,,
C03,gauss_moderate_5c,gaussian_blobs,median_binary,75.0,50.0,5.0,,unsupported,,,empirical_null_unvalidated_reference_law,68.0,,
C03,gauss_noisy_3c,gaussian_blobs,median_binary,60.0,40.0,3.0,,unsupported,,,empirical_null_unvalidated_reference_law,47.0,,
C03,gauss_noisy_many,gaussian_blobs,median_binary,120.0,80.0,8.0,,unsupported,,,empirical_null_unvalidated_reference_law,87.0,,
C03,gauss_null_large,gaussian_blobs,median_binary,200.0,80.0,1.0,,unsupported,,,empirical_null_unvalidated_reference_law,175.0,,
C03,gauss_null_large_continuous,gaussian_blobs,continuous,200.0,80.0,1.0,1.0,ok,1.0,1.0,,,,
C03,gauss_null_small,gaussian_blobs,median_binary,60.0,30.0,1.0,,unsupported,,,empirical_null_unvalidated_reference_law,33.0,,
C03,gauss_outlier_cluster_4c,gaussian_outliers,median_binary,166.0,40.0,5.0,,unsupported,,,empirical_null_unvalidated_reference_law,161.0,,
C03,gauss_outlier_cluster_4c_continuous,gaussian_outliers,continuous,166.0,40.0,5.0,1.0,ok,0.0,0.0,,,,
C03,gauss_outlier_shell_4c,gaussian_outliers,median_binary,172.0,40.0,5.0,,unsupported,,,empirical_null_unvalidated_reference_law,155.0,,
C03,gauss_overlap_3c_small,gaussian_blobs,median_binary,300.0,30.0,3.0,,unsupported,,,empirical_null_unvalidated_reference_law,262.0,,
C03,gauss_overlap_3c_small_q3,gaussian_blobs,quantile_one_hot,300.0,90.0,3.0,,unsupported,,,empirical_null_unvalidated_reference_law,233.0,,
C03,gauss_overlap_3c_small_q4,gaussian_blobs,quantile_one_hot,300.0,120.0,3.0,,unsupported,,,empirical_null_unvalidated_reference_law,225.0,,
C03,gauss_overlap_3c_small_q5,gaussian_blobs,quantile_one_hot,300.0,150.0,3.0,,unsupported,,,empirical_null_unvalidated_reference_law,163.0,,
C03,gauss_overlap_4c_med,gaussian_blobs,median_binary,400.0,80.0,4.0,,unsupported,,,empirical_null_unvalidated_reference_law,353.0,,
C03,gauss_overlap_6c_large,gaussian_blobs,median_binary,600.0,150.0,6.0,,unsupported,,,empirical_null_unvalidated_reference_law,594.0,,
C03,gauss_overlap_8c_highd,gaussian_blobs,median_binary,800.0,300.0,8.0,,unsupported,,,empirical_null_unvalidated_reference_law,792.0,,
C03,gauss_overlap_dense_8c,gaussian_blobs,median_binary,800.0,50.0,8.0,,unsupported,,,empirical_null_unvalidated_reference_law,789.0,,
C03,gauss_overlap_extreme_4c,gaussian_blobs,median_binary,500.0,100.0,4.0,,unsupported,,,empirical_null_unvalidated_reference_law,356.0,,
C03,gauss_overlap_extreme_6c,gaussian_blobs,median_binary,600.0,200.0,6.0,,unsupported,,,empirical_null_unvalidated_reference_law,553.0,,
C03,gauss_overlap_many_10c,gaussian_blobs,median_binary,1000.0,150.0,10.0,,unsupported,,,empirical_null_unvalidated_reference_law,982.0,,
C03,gauss_single_outlier_4c,gaussian_outliers,median_binary,161.0,40.0,5.0,,unsupported,,,empirical_null_unvalidated_reference_law,153.0,,
C03,gauss_single_outlier_4c_continuous,gaussian_outliers,continuous,161.0,40.0,5.0,1.0,ok,0.0,0.0,,,,
C03,gauss_sparse_signal_highd_noise,dimensional_gaussian,median_binary,40.0,20000.0,4.0,,unsupported,,,empirical_null_no_internal_support,0.0,,
C03,mp_spike_above_bbp_continuous,continuous_spiked_covariance,continuous,120.0,300.0,2.0,1.0,ok,0.0,0.0,,,,
C03,mp_spike_below_bbp_continuous,continuous_spiked_covariance,continuous,120.0,300.0,1.0,1.0,ok,1.0,1.0,,,,
C03,overlap_extreme_4c,binary_template,binary,600.0,150.0,4.0,1.0,ok,0.0,0.0,,,,
C03,overlap_hd_4c_1k,binary_template,binary,500.0,1000.0,4.0,,unsupported,,,empirical_null_unvalidated_reference_law,285.0,,
C03,overlap_heavy_4c_med_feat,binary_template,binary,500.0,200.0,4.0,,unsupported,,,empirical_null_unvalidated_reference_law,373.0,,
C03,overlap_heavy_4c_small_feat,binary_template,binary,500.0,50.0,4.0,,unsupported,,,empirical_null_unvalidated_reference_law,473.0,,
C03,overlap_heavy_8c_large_feat,binary_template,binary,800.0,500.0,8.0,,unsupported,,,empirical_null_unvalidated_reference_law,714.0,,
C03,overlap_mod_4c_small,binary_template,binary,400.0,80.0,4.0,,unsupported,,,empirical_null_unvalidated_reference_law,273.0,,
C03,overlap_mod_6c_med,binary_template,binary,600.0,250.0,6.0,,unsupported,,,empirical_null_unvalidated_reference_law,588.0,,
C03,overlap_mod_8c_large,binary_template,binary,800.0,400.0,8.0,,unsupported,,,empirical_null_unvalidated_reference_law,672.0,,
C03,overlap_part_4c_small,binary_template,binary,400.0,60.0,4.0,,unsupported,,,empirical_null_unvalidated_reference_law,324.0,,
C03,overlap_part_6c_med,binary_template,binary,600.0,200.0,6.0,,unsupported,,,empirical_null_unvalidated_reference_law,594.0,,
C03,overlap_part_8c_large,binary_template,binary,800.0,350.0,8.0,,unsupported,,,empirical_null_unvalidated_reference_law,776.0,,
C03,overlap_unbal_4c_small,binary_template,binary,400.0,100.0,4.0,,unsupported,,,empirical_null_unvalidated_reference_law,221.0,,
C03,overlap_unbal_6c_med,binary_template,binary,600.0,300.0,6.0,,unsupported,,,empirical_null_unvalidated_reference_law,482.0,,
C03,overlap_unbal_8c_large,binary_template,binary,800.0,500.0,8.0,,unsupported,,,empirical_null_unvalidated_reference_law,761.0,,
C03,phylo_brownian_null_16taxa,phylogenetic_brownian,continuous,160.0,100.0,16.0,1.0,ok,0.0,0.0,,,,
C03,phylo_conserved_4taxa,phylogenetic_sequence,categorical_one_hot,100.0,400.0,4.0,,unsupported,,,empirical_null_unvalidated_reference_law,94.0,,
C03,phylo_conserved_8taxa,phylogenetic_sequence,categorical_one_hot,160.0,800.0,8.0,,unsupported,,,empirical_null_unvalidated_reference_law,152.0,,
C03,phylo_divergent_4taxa,phylogenetic_sequence,categorical_one_hot,100.0,400.0,4.0,,unsupported,,,empirical_null_unvalidated_reference_law,78.0,,
C03,phylo_divergent_8taxa,phylogenetic_sequence,categorical_one_hot,160.0,800.0,8.0,,unsupported,,,empirical_null_unvalidated_reference_law,132.0,,
C03,phylo_dna_16taxa_low_mut,phylogenetic_sequence,categorical_one_hot,240.0,2000.0,16.0,,unsupported,,,empirical_null_unvalidated_reference_law,87.0,,
C03,phylo_dna_4taxa_low_mut,phylogenetic_sequence,categorical_one_hot,100.0,400.0,4.0,,unsupported,,,empirical_null_unvalidated_reference_law,96.0,,
C03,phylo_dna_8taxa_low_mut,phylogenetic_sequence,categorical_one_hot,160.0,800.0,8.0,,unsupported,,,empirical_null_unvalidated_reference_law,139.0,,
C03,phylo_dna_8taxa_med_mut,phylogenetic_sequence,categorical_one_hot,160.0,800.0,8.0,,unsupported,,,empirical_null_unvalidated_reference_law,124.0,,
C03,phylo_large_32taxa,phylogenetic_sequence,categorical_one_hot,320.0,2000.0,32.0,,unsupported,,,empirical_null_unvalidated_reference_law,172.0,,
C03,phylo_large_64taxa,phylogenetic_sequence,categorical_one_hot,512.0,4000.0,64.0,,unsupported,,,empirical_null_unvalidated_reference_law,98.0,,
C03,phylo_protein_12taxa,phylogenetic_sequence,categorical_one_hot,180.0,3000.0,12.0,,unsupported,,,empirical_null_unvalidated_reference_law,100.0,,
C03,phylo_protein_4taxa,phylogenetic_sequence,categorical_one_hot,120.0,1000.0,4.0,,unsupported,,,empirical_null_unvalidated_reference_law,116.0,,
C03,phylo_protein_8taxa,phylogenetic_sequence,categorical_one_hot,160.0,2000.0,8.0,,unsupported,,,empirical_null_unvalidated_reference_law,146.0,,
C03,sbm_clear_small,stochastic_block_model,graph_adjacency,60.0,60.0,2.0,,unsupported,,,empirical_null_unvalidated_reference_law,54.0,,
C03,sbm_hard,stochastic_block_model,graph_adjacency,120.0,120.0,3.0,,unsupported,,,empirical_null_unvalidated_reference_law,118.0,,
C03,sbm_moderate,stochastic_block_model,graph_adjacency,120.0,120.0,3.0,1.0,ok,0.0,0.0,,,,
C03,sparse_features_100x500,binary_template,binary,100.0,500.0,4.0,,unsupported,,,empirical_null_unvalidated_reference_law,27.0,,
C03,sparse_features_72x72,binary_template,binary,72.0,72.0,4.0,,unsupported,,,empirical_null_unvalidated_reference_law,59.0,,
C03,support_selected_only_fail_closed,binary_selected_nonnull_only,binary,160.0,500.0,4.0,,unsupported,,,empirical_null_no_internal_support,0.0,,
C03,traversal_deep_branch_recovery_stress,planted_hierarchy_binary,binary,240.0,480.0,6.0,,unsupported,,,empirical_null_unvalidated_reference_law,115.0,,
C03,traversal_deep_signal_under_same_parent,planted_hierarchy_binary,binary,240.0,300.0,6.0,,unsupported,,,empirical_null_unvalidated_reference_law,17.0,,
C04,bar_binary_balanced_4c,binary_template,binary,160.0,200.0,4.0,,unsupported,,,empirical_null_unvalidated_reference_law,55.0,,
C04,bar_binary_unbalanced_95_5,binary_template,binary,200.0,200.0,4.0,,unsupported,,,empirical_null_no_internal_support,0.0,,
C04,binary_2clusters,binary_template,binary,50.0,60.0,2.0,,unsupported,,,empirical_null_unvalidated_reference_law,40.0,,
C04,binary_balanced_low_noise,binary_template,binary,72.0,72.0,4.0,,unsupported,,,empirical_null_unvalidated_reference_law,37.0,,
C04,binary_balanced_low_noise__2,binary_template,binary,72.0,120.0,4.0,,unsupported,,,empirical_null_unvalidated_reference_law,17.0,,
C04,binary_hard_4c,binary_template,binary,100.0,200.0,4.0,,unsupported,,,empirical_null_unvalidated_reference_law,40.0,,
C04,binary_hard_8c,binary_template,binary,280.0,400.0,8.0,,unsupported,,,empirical_null_unvalidated_reference_law,185.0,,
C04,binary_low_noise_12c,binary_template,binary,240.0,300.0,12.0,,unsupported,,,empirical_null_unvalidated_reference_law,148.0,,
C04,binary_low_noise_2c,binary_template,binary,40.0,50.0,2.0,,unsupported,,,empirical_null_unvalidated_reference_law,32.0,,
C04,binary_low_noise_4c,binary_template,binary,80.0,100.0,4.0,,unsupported,,,empirical_null_unvalidated_reference_law,67.0,,
C04,binary_low_noise_8c,binary_template,binary,160.0,200.0,8.0,,unsupported,,,empirical_null_unvalidated_reference_law,117.0,,
C04,binary_many_clusters,binary_template,binary,300.0,400.0,15.0,,unsupported,,,empirical_null_unvalidated_reference_law,158.0,,
C04,binary_many_features,binary_template,binary,100.0,2000.0,4.0,,unsupported,,,empirical_null_no_internal_support,0.0,,
C04,binary_moderate_4c,binary_template,binary,80.0,100.0,4.0,,unsupported,,,empirical_null_unvalidated_reference_law,53.0,,
C04,binary_moderate_6c,binary_template,binary,120.0,150.0,6.0,,unsupported,,,empirical_null_unvalidated_reference_law,67.0,,
C04,binary_moderate_8c,binary_template,binary,200.0,250.0,8.0,,unsupported,,,empirical_null_unvalidated_reference_law,119.0,,
C04,binary_multiscale_4c,binary_template,binary,120.0,160.0,4.0,,unsupported,,,empirical_null_unvalidated_reference_law,69.0,,
C04,binary_multiscale_6c,binary_template,binary,180.0,240.0,6.0,,unsupported,,,empirical_null_unvalidated_reference_law,145.0,,
C04,binary_noise_feat_30i_500n,binary_template,binary,100.0,1030.0,3.0,,unsupported,,,empirical_null_unvalidated_reference_law,16.0,,
C04,binary_noise_feat_50i_200n,binary_template,binary,120.0,450.0,4.0,,unsupported,,,empirical_null_unvalidated_reference_law,29.0,,
C04,binary_noise_feat_80i_400n,binary_template,binary,160.0,880.0,6.0,,unsupported,,,empirical_null_no_internal_support,0.0,,
C04,binary_null_medium,binary_template,binary,200.0,150.0,1.0,1.0,ok,1.0,1.0,,,,
C04,binary_null_small,binary_template,binary,60.0,80.0,1.0,1.0,ok,1.0,1.0,,,,
C04,binary_perfect_2c,binary_template,binary,40.0,50.0,2.0,,unsupported,,,empirical_null_unvalidated_reference_law,37.0,,
C04,binary_perfect_4c,binary_template,binary,80.0,100.0,4.0,,unsupported,,,empirical_null_unvalidated_reference_law,74.0,,
C04,binary_perfect_8c,binary_template,binary,160.0,200.0,8.0,,unsupported,,,empirical_null_unvalidated_reference_law,146.0,,
C04,binary_unbalanced_low,binary_template,binary,100.0,150.0,4.0,,unsupported,,,empirical_null_unvalidated_reference_law,89.0,,
C04,binary_unbalanced_med,binary_template,binary,150.0,200.0,6.0,,unsupported,,,empirical_null_unvalidated_reference_law,91.0,,
C04,cat_clear_3cat_4c,categorical_multinomial,categorical_one_hot,100.0,150.0,4.0,,unsupported,,,empirical_null_unvalidated_reference_law,33.0,,
C04,cat_clear_4cat_4c,categorical_multinomial,categorical_one_hot,100.0,200.0,4.0,,unsupported,,,empirical_null_unvalidated_reference_law,55.0,,
C04,cat_clear_5cat_6c,categorical_multinomial,categorical_one_hot,150.0,400.0,6.0,,unsupported,,,empirical_null_unvalidated_reference_law,58.0,,
C04,cat_dirichlet_overdispersed_20cat,categorical_dirichlet_multinomial,categorical_one_hot,240.0,1200.0,4.0,,unsupported,,,empirical_null_unvalidated_reference_law,48.0,,
C04,cat_highcard_10cat_4c,categorical_multinomial,categorical_one_hot,200.0,500.0,4.0,,unsupported,,,empirical_null_unvalidated_reference_law,57.0,,
C04,cat_highcard_20cat_4c,categorical_multinomial,categorical_one_hot,200.0,800.0,4.0,,unsupported,,,empirical_null_unvalidated_reference_law,48.0,,
C04,cat_highd_3cat_500feat,categorical_multinomial,categorical_one_hot,200.0,1500.0,4.0,,unsupported,,,empirical_null_unvalidated_reference_law,14.0,,
C04,cat_highd_4cat_1000feat,categorical_multinomial,categorical_one_hot,300.0,4000.0,6.0,,unsupported,,,empirical_null_unvalidated_reference_law,3.0,,
C04,cat_mod_3cat_4c,categorical_multinomial,categorical_one_hot,120.0,180.0,4.0,,unsupported,,,empirical_null_unvalidated_reference_law,71.0,,
C04,cat_mod_4cat_6c,categorical_multinomial,categorical_one_hot,180.0,400.0,6.0,,unsupported,,,empirical_null_unvalidated_reference_law,29.0,,
C04,cat_overlap_3cat_4c,categorical_multinomial,categorical_one_hot,400.0,300.0,4.0,,unsupported,,,empirical_null_unvalidated_reference_law,154.0,,
C04,cat_simplex_face_rare_20cat,categorical_dirichlet_multinomial,categorical_one_hot,240.0,1200.0,4.0,,unsupported,,,empirical_null_unvalidated_reference_law,57.0,,
C04,cat_unbal_3cat_4c,categorical_multinomial,categorical_one_hot,150.0,180.0,4.0,,unsupported,,,empirical_null_unvalidated_reference_law,58.0,,
C04,cont_lowrank_pggn_shrinkage,continuous_low_rank_factor,continuous,80.0,2000.0,4.0,,unsupported,,,empirical_null_unvalidated_reference_law,72.0,,
C04,dim_consolidated_4c_24f,dimensional_gaussian,median_binary,160.0,24.0,4.0,,unsupported,,,empirical_null_unvalidated_reference_law,119.0,,
C04,dim_consolidated_4c_24f_continuous,dimensional_gaussian,continuous,160.0,24.0,4.0,1.0,ok,0.0,0.0,,,,
C04,dim_consolidated_4c_272f,dimensional_gaussian,median_binary,160.0,272.0,4.0,,unsupported,,,empirical_null_unvalidated_reference_law,83.0,,
C04,dim_consolidated_4c_72f,dimensional_gaussian,median_binary,160.0,72.0,4.0,,unsupported,,,empirical_null_unvalidated_reference_law,33.0,,
C04,dim_consolidated_4c_72f_continuous,dimensional_gaussian,continuous,160.0,72.0,4.0,1.0,ok,0.0,0.0,,,,
C04,dim_diffuse_6c_136f,dimensional_gaussian,median_binary,180.0,136.0,6.0,,unsupported,,,empirical_null_unvalidated_reference_law,6.0,,
C04,dim_diffuse_6c_136f_continuous,dimensional_gaussian,continuous,180.0,136.0,6.0,1.0,ok,0.0,0.0,,,,
C04,dim_diffuse_6c_36f,dimensional_gaussian,median_binary,180.0,36.0,6.0,,unsupported,,,empirical_null_unvalidated_reference_law,110.0,,
C04,dim_diffuse_6c_536f,dimensional_gaussian,median_binary,180.0,536.0,6.0,,unsupported,,,empirical_null_unvalidated_reference_law,9.0,,
C04,gauss_clear_large,gaussian_blobs,median_binary,100.0,80.0,5.0,,unsupported,,,empirical_null_unvalidated_reference_law,87.0,,
C04,gauss_clear_medium,gaussian_blobs,median_binary,60.0,40.0,4.0,,unsupported,,,empirical_null_unvalidated_reference_law,53.0,,
C04,gauss_clear_medium_continuous,gaussian_blobs,continuous,60.0,40.0,4.0,1.0,ok,0.0,0.0,,,,
C04,gauss_clear_small,gaussian_blobs,median_binary,30.0,20.0,3.0,,unsupported,,,empirical_null_unvalidated_reference_law,27.0,,
C04,gauss_dense_signal_highd,gaussian_blobs,median_binary,40.0,20000.0,4.0,,unsupported,,,empirical_null_no_internal_support,0.0,,
C04,gauss_dense_signal_highd_continuous,gaussian_blobs,continuous,40.0,20000.0,4.0,,unsupported,,,empirical_null_no_internal_support,0.0,,
C04,gauss_extreme_noise_3c,gaussian_blobs,median_binary,30.0,30.0,3.0,,unsupported,,,empirical_null_unvalidated_reference_law,17.0,,
C04,gauss_extreme_noise_many,gaussian_blobs,median_binary,300.0,2000.0,30.0,,unsupported,,,empirical_null_unvalidated_reference_law,7.0,,
C04,gauss_moderate_3c,gaussian_blobs,median_binary,45.0,30.0,3.0,,unsupported,,,empirical_null_unvalidated_reference_law,40.0,,
C04,gauss_moderate_3c_continuous,gaussian_blobs,continuous,45.0,30.0,3.0,1.0,ok,0.0,0.0,,,,
C04,gauss_moderate_5c,gaussian_blobs,median_binary,75.0,50.0,5.0,,unsupported,,,empirical_null_unvalidated_reference_law,68.0,,
C04,gauss_noisy_3c,gaussian_blobs,median_binary,60.0,40.0,3.0,,unsupported,,,empirical_null_unvalidated_reference_law,38.0,,
C04,gauss_noisy_many,gaussian_blobs,median_binary,120.0,80.0,8.0,,unsupported,,,empirical_null_unvalidated_reference_law,99.0,,
C04,gauss_null_large,gaussian_blobs,median_binary,200.0,80.0,1.0,,unsupported,,,empirical_null_no_internal_support,0.0,,
C04,gauss_null_large_continuous,gaussian_blobs,continuous,200.0,80.0,1.0,1.0,ok,1.0,1.0,,,,
C04,gauss_null_small,gaussian_blobs,median_binary,60.0,30.0,1.0,,unsupported,,,empirical_null_unvalidated_reference_law,31.0,,
C04,gauss_outlier_cluster_4c,gaussian_outliers,median_binary,166.0,40.0,5.0,,unsupported,,,empirical_null_unvalidated_reference_law,150.0,,
C04,gauss_outlier_cluster_4c_continuous,gaussian_outliers,continuous,166.0,40.0,5.0,1.0,ok,0.0,0.0,,,,
C04,gauss_outlier_shell_4c,gaussian_outliers,median_binary,172.0,40.0,5.0,,unsupported,,,empirical_null_unvalidated_reference_law,150.0,,
C04,gauss_overlap_3c_small,gaussian_blobs,median_binary,300.0,30.0,3.0,,unsupported,,,empirical_null_unvalidated_reference_law,254.0,,
C04,gauss_overlap_3c_small_q3,gaussian_blobs,quantile_one_hot,300.0,90.0,3.0,,unsupported,,,empirical_null_unvalidated_reference_law,296.0,,
C04,gauss_overlap_3c_small_q4,gaussian_blobs,quantile_one_hot,300.0,120.0,3.0,,unsupported,,,empirical_null_unvalidated_reference_law,122.0,,
C04,gauss_overlap_3c_small_q5,gaussian_blobs,quantile_one_hot,300.0,150.0,3.0,,unsupported,,,empirical_null_unvalidated_reference_law,80.0,,
C04,gauss_overlap_4c_med,gaussian_blobs,median_binary,400.0,80.0,4.0,,unsupported,,,empirical_null_unvalidated_reference_law,284.0,,
C04,gauss_overlap_6c_large,gaussian_blobs,median_binary,600.0,150.0,6.0,,unsupported,,,empirical_null_unvalidated_reference_law,536.0,,
C04,gauss_overlap_8c_highd,gaussian_blobs,median_binary,800.0,300.0,8.0,,unsupported,,,empirical_null_unvalidated_reference_law,748.0,,
C04,gauss_overlap_dense_8c,gaussian_blobs,median_binary,800.0,50.0,8.0,,unsupported,,,empirical_null_unvalidated_reference_law,764.0,,
C04,gauss_overlap_extreme_4c,gaussian_blobs,median_binary,500.0,100.0,4.0,,unsupported,,,empirical_null_unvalidated_reference_law,318.0,,
C04,gauss_overlap_extreme_6c,gaussian_blobs,median_binary,600.0,200.0,6.0,,unsupported,,,empirical_null_unvalidated_reference_law,351.0,,
C04,gauss_overlap_many_10c,gaussian_blobs,median_binary,1000.0,150.0,10.0,,unsupported,,,empirical_null_unvalidated_reference_law,873.0,,
C04,gauss_single_outlier_4c,gaussian_outliers,median_binary,161.0,40.0,5.0,,unsupported,,,empirical_null_unvalidated_reference_law,153.0,,
C04,gauss_single_outlier_4c_continuous,gaussian_outliers,continuous,161.0,40.0,5.0,1.0,ok,0.0,0.0,,,,
C04,gauss_sparse_signal_highd_noise,dimensional_gaussian,median_binary,40.0,20000.0,4.0,,unsupported,,,empirical_null_no_internal_support,0.0,,
C04,mp_spike_above_bbp_continuous,continuous_spiked_covariance,continuous,120.0,300.0,2.0,1.0,ok,0.0,0.0,,,,
C04,mp_spike_below_bbp_continuous,continuous_spiked_covariance,continuous,120.0,300.0,1.0,1.0,ok,1.0,1.0,,,,
C04,overlap_extreme_4c,binary_template,binary,600.0,150.0,4.0,,unsupported,,,empirical_null_unvalidated_reference_law,594.0,,
C04,overlap_hd_4c_1k,binary_template,binary,500.0,1000.0,4.0,,unsupported,,,empirical_null_unvalidated_reference_law,208.0,,
C04,overlap_heavy_4c_med_feat,binary_template,binary,500.0,200.0,4.0,,unsupported,,,empirical_null_unvalidated_reference_law,43.0,,
C04,overlap_heavy_4c_small_feat,binary_template,binary,500.0,50.0,4.0,,unsupported,,,empirical_null_unvalidated_reference_law,299.0,,
C04,overlap_heavy_8c_large_feat,binary_template,binary,800.0,500.0,8.0,,unsupported,,,empirical_null_unvalidated_reference_law,446.0,,
C04,overlap_mod_4c_small,binary_template,binary,400.0,80.0,4.0,,unsupported,,,empirical_null_unvalidated_reference_law,198.0,,
C04,overlap_mod_6c_med,binary_template,binary,600.0,250.0,6.0,,unsupported,,,empirical_null_unvalidated_reference_law,367.0,,
C04,overlap_mod_8c_large,binary_template,binary,800.0,400.0,8.0,,unsupported,,,empirical_null_unvalidated_reference_law,643.0,,
C04,overlap_part_4c_small,binary_template,binary,400.0,60.0,4.0,,unsupported,,,empirical_null_unvalidated_reference_law,307.0,,
C04,overlap_part_6c_med,binary_template,binary,600.0,200.0,6.0,,unsupported,,,empirical_null_unvalidated_reference_law,594.0,,
C04,overlap_part_8c_large,binary_template,binary,800.0,350.0,8.0,,unsupported,,,empirical_null_unvalidated_reference_law,669.0,,
C04,overlap_unbal_4c_small,binary_template,binary,400.0,100.0,4.0,,unsupported,,,empirical_null_unvalidated_reference_law,122.0,,
C04,overlap_unbal_6c_med,binary_template,binary,600.0,300.0,6.0,,unsupported,,,empirical_null_unvalidated_reference_law,473.0,,
C04,overlap_unbal_8c_large,binary_template,binary,800.0,500.0,8.0,,unsupported,,,empirical_null_unvalidated_reference_law,356.0,,
C04,phylo_brownian_null_16taxa,phylogenetic_brownian,continuous,160.0,100.0,16.0,1.0,ok,0.0,0.0,,,,
C04,phylo_conserved_4taxa,phylogenetic_sequence,categorical_one_hot,100.0,400.0,4.0,,unsupported,,,empirical_null_unvalidated_reference_law,94.0,,
C04,phylo_conserved_8taxa,phylogenetic_sequence,categorical_one_hot,160.0,800.0,8.0,,unsupported,,,empirical_null_unvalidated_reference_law,152.0,,
C04,phylo_divergent_4taxa,phylogenetic_sequence,categorical_one_hot,100.0,400.0,4.0,,unsupported,,,empirical_null_unvalidated_reference_law,64.0,,
C04,phylo_divergent_8taxa,phylogenetic_sequence,categorical_one_hot,160.0,800.0,8.0,,unsupported,,,empirical_null_unvalidated_reference_law,119.0,,
C04,phylo_dna_16taxa_low_mut,phylogenetic_sequence,categorical_one_hot,240.0,2000.0,16.0,,unsupported,,,empirical_null_unvalidated_reference_law,102.0,,
C04,phylo_dna_4taxa_low_mut,phylogenetic_sequence,categorical_one_hot,100.0,400.0,4.0,,unsupported,,,empirical_null_unvalidated_reference_law,95.0,,
C04,phylo_dna_8taxa_low_mut,phylogenetic_sequence,categorical_one_hot,160.0,800.0,8.0,,unsupported,,,empirical_null_unvalidated_reference_law,138.0,,
C04,phylo_dna_8taxa_med_mut,phylogenetic_sequence,categorical_one_hot,160.0,800.0,8.0,,unsupported,,,empirical_null_unvalidated_reference_law,131.0,,
C04,phylo_large_32taxa,phylogenetic_sequence,categorical_one_hot,320.0,2000.0,32.0,,unsupported,,,empirical_null_unvalidated_reference_law,142.0,,
C04,phylo_large_64taxa,phylogenetic_sequence,categorical_one_hot,512.0,4000.0,64.0,,unsupported,,,empirical_null_unvalidated_reference_law,69.0,,
C04,phylo_protein_12taxa,phylogenetic_sequence,categorical_one_hot,180.0,3000.0,12.0,,unsupported,,,empirical_null_unvalidated_reference_law,95.0,,
C04,phylo_protein_4taxa,phylogenetic_sequence,categorical_one_hot,120.0,1000.0,4.0,,unsupported,,,empirical_null_unvalidated_reference_law,113.0,,
C04,phylo_protein_8taxa,phylogenetic_sequence,categorical_one_hot,160.0,2000.0,8.0,,unsupported,,,empirical_null_unvalidated_reference_law,135.0,,
C04,sbm_clear_small,stochastic_block_model,graph_adjacency,60.0,60.0,2.0,,unsupported,,,empirical_null_unvalidated_reference_law,58.0,,
C04,sbm_hard,stochastic_block_model,graph_adjacency,120.0,120.0,3.0,1.0,ok,0.0,0.0,,,,
C04,sbm_moderate,stochastic_block_model,graph_adjacency,120.0,120.0,3.0,,unsupported,,,empirical_null_unvalidated_reference_law,116.0,,
C04,sparse_features_100x500,binary_template,binary,100.0,500.0,4.0,,unsupported,,,empirical_null_unvalidated_reference_law,27.0,,
C04,sparse_features_72x72,binary_template,binary,72.0,72.0,4.0,,unsupported,,,empirical_null_unvalidated_reference_law,49.0,,
C04,support_selected_only_fail_closed,binary_selected_nonnull_only,binary,160.0,500.0,4.0,,unsupported,,,empirical_null_unvalidated_reference_law,12.0,,
C04,traversal_deep_branch_recovery_stress,planted_hierarchy_binary,binary,240.0,480.0,6.0,,unsupported,,,empirical_null_unvalidated_reference_law,82.0,,
C04,traversal_deep_signal_under_same_parent,planted_hierarchy_binary,binary,240.0,300.0,6.0,,unsupported,,,empirical_null_unvalidated_reference_law,13.0,,
C05,bar_binary_balanced_4c,binary_template,binary,160.0,200.0,4.0,,unsupported,,,empirical_null_no_internal_support,0.0,,
C05,bar_binary_unbalanced_95_5,binary_template,binary,200.0,200.0,4.0,,unsupported,,,empirical_null_unvalidated_reference_law,17.0,,
C05,binary_2clusters,binary_template,binary,50.0,60.0,2.0,,unsupported,,,empirical_null_unvalidated_reference_law,41.0,,
C05,binary_balanced_low_noise,binary_template,binary,72.0,72.0,4.0,,unsupported,,,empirical_null_unvalidated_reference_law,50.0,,
C05,binary_balanced_low_noise__2,binary_template,binary,72.0,120.0,4.0,,unsupported,,,empirical_null_unvalidated_reference_law,33.0,,
C05,binary_hard_4c,binary_template,binary,100.0,200.0,4.0,,unsupported,,,empirical_null_unvalidated_reference_law,52.0,,
C05,binary_hard_8c,binary_template,binary,280.0,400.0,8.0,,unsupported,,,empirical_null_unvalidated_reference_law,171.0,,
C05,binary_low_noise_12c,binary_template,binary,240.0,300.0,12.0,,unsupported,,,empirical_null_unvalidated_reference_law,142.0,,
C05,binary_low_noise_2c,binary_template,binary,40.0,50.0,2.0,,unsupported,,,empirical_null_unvalidated_reference_law,32.0,,
C05,binary_low_noise_4c,binary_template,binary,80.0,100.0,4.0,,unsupported,,,empirical_null_unvalidated_reference_law,66.0,,
C05,binary_low_noise_8c,binary_template,binary,160.0,200.0,8.0,,unsupported,,,empirical_null_unvalidated_reference_law,98.0,,
C05,binary_many_clusters,binary_template,binary,300.0,400.0,15.0,,unsupported,,,empirical_null_unvalidated_reference_law,156.0,,
C05,binary_many_features,binary_template,binary,100.0,2000.0,4.0,,unsupported,,,empirical_null_unvalidated_reference_law,8.0,,
C05,binary_moderate_4c,binary_template,binary,80.0,100.0,4.0,,unsupported,,,empirical_null_unvalidated_reference_law,54.0,,
C05,binary_moderate_6c,binary_template,binary,120.0,150.0,6.0,,unsupported,,,empirical_null_unvalidated_reference_law,71.0,,
C05,binary_moderate_8c,binary_template,binary,200.0,250.0,8.0,,unsupported,,,empirical_null_unvalidated_reference_law,136.0,,
C05,binary_multiscale_4c,binary_template,binary,120.0,160.0,4.0,,unsupported,,,empirical_null_unvalidated_reference_law,102.0,,
C05,binary_multiscale_6c,binary_template,binary,180.0,240.0,6.0,,unsupported,,,empirical_null_unvalidated_reference_law,162.0,,
C05,binary_noise_feat_30i_500n,binary_template,binary,100.0,1030.0,3.0,,unsupported,,,empirical_null_unvalidated_reference_law,21.0,,
C05,binary_noise_feat_50i_200n,binary_template,binary,120.0,450.0,4.0,,unsupported,,,empirical_null_unvalidated_reference_law,58.0,,
C05,binary_noise_feat_80i_400n,binary_template,binary,160.0,880.0,6.0,,unsupported,,,empirical_null_unvalidated_reference_law,42.0,,
C05,binary_null_medium,binary_template,binary,200.0,150.0,1.0,1.0,ok,1.0,1.0,,,,
C05,binary_null_small,binary_template,binary,60.0,80.0,1.0,1.0,ok,1.0,1.0,,,,
C05,binary_perfect_2c,binary_template,binary,40.0,50.0,2.0,,unsupported,,,empirical_null_unvalidated_reference_law,37.0,,
C05,binary_perfect_4c,binary_template,binary,80.0,100.0,4.0,,unsupported,,,empirical_null_unvalidated_reference_law,74.0,,
C05,binary_perfect_8c,binary_template,binary,160.0,200.0,8.0,,unsupported,,,empirical_null_unvalidated_reference_law,146.0,,
C05,binary_unbalanced_low,binary_template,binary,100.0,150.0,4.0,,unsupported,,,empirical_null_unvalidated_reference_law,85.0,,
C05,binary_unbalanced_med,binary_template,binary,150.0,200.0,6.0,,unsupported,,,empirical_null_unvalidated_reference_law,127.0,,
C05,cat_clear_3cat_4c,categorical_multinomial,categorical_one_hot,100.0,150.0,4.0,,unsupported,,,empirical_null_unvalidated_reference_law,68.0,,
C05,cat_clear_4cat_4c,categorical_multinomial,categorical_one_hot,100.0,200.0,4.0,,unsupported,,,empirical_null_unvalidated_reference_law,68.0,,
C05,cat_clear_5cat_6c,categorical_multinomial,categorical_one_hot,150.0,400.0,6.0,,unsupported,,,empirical_null_unvalidated_reference_law,68.0,,
C05,cat_dirichlet_overdispersed_20cat,categorical_dirichlet_multinomial,categorical_one_hot,240.0,1200.0,4.0,,unsupported,,,empirical_null_unvalidated_reference_law,167.0,,
C05,cat_highcard_10cat_4c,categorical_multinomial,categorical_one_hot,200.0,500.0,4.0,,unsupported,,,empirical_null_unvalidated_reference_law,49.0,,
C05,cat_highcard_20cat_4c,categorical_multinomial,categorical_one_hot,200.0,800.0,4.0,,unsupported,,,empirical_null_unvalidated_reference_law,51.0,,
C05,cat_highd_3cat_500feat,categorical_multinomial,categorical_one_hot,200.0,1500.0,4.0,,unsupported,,,empirical_null_unvalidated_reference_law,49.0,,
C05,cat_highd_4cat_1000feat,categorical_multinomial,categorical_one_hot,300.0,4000.0,6.0,,unsupported,,,empirical_null_unvalidated_reference_law,3.0,,
C05,cat_mod_3cat_4c,categorical_multinomial,categorical_one_hot,120.0,180.0,4.0,,unsupported,,,empirical_null_unvalidated_reference_law,78.0,,
C05,cat_mod_4cat_6c,categorical_multinomial,categorical_one_hot,180.0,400.0,6.0,,unsupported,,,empirical_null_unvalidated_reference_law,19.0,,
C05,cat_overlap_3cat_4c,categorical_multinomial,categorical_one_hot,400.0,300.0,4.0,,unsupported,,,empirical_null_unvalidated_reference_law,235.0,,
C05,cat_simplex_face_rare_20cat,categorical_dirichlet_multinomial,categorical_one_hot,240.0,1200.0,4.0,,unsupported,,,empirical_null_unvalidated_reference_law,46.0,,
C05,cat_unbal_3cat_4c,categorical_multinomial,categorical_one_hot,150.0,180.0,4.0,,unsupported,,,empirical_null_unvalidated_reference_law,123.0,,
C05,cont_lowrank_pggn_shrinkage,continuous_low_rank_factor,continuous,80.0,2000.0,4.0,,unsupported,,,empirical_null_unvalidated_reference_law,72.0,,
C05,dim_consolidated_4c_24f,dimensional_gaussian,median_binary,160.0,24.0,4.0,,unsupported,,,empirical_null_unvalidated_reference_law,120.0,,
C05,dim_consolidated_4c_24f_continuous,dimensional_gaussian,continuous,160.0,24.0,4.0,1.0,ok,0.0,0.0,,,,
C05,dim_consolidated_4c_272f,dimensional_gaussian,median_binary,160.0,272.0,4.0,,unsupported,,,empirical_null_unvalidated_reference_law,46.0,,
C05,dim_consolidated_4c_72f,dimensional_gaussian,median_binary,160.0,72.0,4.0,,unsupported,,,empirical_null_unvalidated_reference_law,12.0,,
C05,dim_consolidated_4c_72f_continuous,dimensional_gaussian,continuous,160.0,72.0,4.0,1.0,ok,0.0,0.0,,,,
C05,dim_diffuse_6c_136f,dimensional_gaussian,median_binary,180.0,136.0,6.0,,unsupported,,,empirical_null_unvalidated_reference_law,43.0,,
C05,dim_diffuse_6c_136f_continuous,dimensional_gaussian,continuous,180.0,136.0,6.0,1.0,ok,0.0,0.0,,,,
C05,dim_diffuse_6c_36f,dimensional_gaussian,median_binary,180.0,36.0,6.0,,unsupported,,,empirical_null_unvalidated_reference_law,106.0,,
C05,dim_diffuse_6c_536f,dimensional_gaussian,median_binary,180.0,536.0,6.0,,unsupported,,,empirical_null_unvalidated_reference_law,13.0,,
C05,gauss_clear_large,gaussian_blobs,median_binary,100.0,80.0,5.0,,unsupported,,,empirical_null_unvalidated_reference_law,91.0,,
C05,gauss_clear_medium,gaussian_blobs,median_binary,60.0,40.0,4.0,,unsupported,,,empirical_null_unvalidated_reference_law,53.0,,
C05,gauss_clear_medium_continuous,gaussian_blobs,continuous,60.0,40.0,4.0,1.0,ok,0.0,0.0,,,,
C05,gauss_clear_small,gaussian_blobs,median_binary,30.0,20.0,3.0,,unsupported,,,empirical_null_unvalidated_reference_law,27.0,,
C05,gauss_dense_signal_highd,gaussian_blobs,median_binary,40.0,20000.0,4.0,,unsupported,,,empirical_null_no_internal_support,0.0,,
C05,gauss_dense_signal_highd_continuous,gaussian_blobs,continuous,40.0,20000.0,4.0,,unsupported,,,empirical_null_no_internal_support,0.0,,
C05,gauss_extreme_noise_3c,gaussian_blobs,median_binary,30.0,30.0,3.0,,unsupported,,,empirical_null_unvalidated_reference_law,20.0,,
C05,gauss_extreme_noise_many,gaussian_blobs,median_binary,300.0,2000.0,30.0,,unsupported,,,empirical_null_unvalidated_reference_law,7.0,,
C05,gauss_moderate_3c,gaussian_blobs,median_binary,45.0,30.0,3.0,,unsupported,,,empirical_null_unvalidated_reference_law,40.0,,
C05,gauss_moderate_3c_continuous,gaussian_blobs,continuous,45.0,30.0,3.0,1.0,ok,0.0,0.0,,,,
C05,gauss_moderate_5c,gaussian_blobs,median_binary,75.0,50.0,5.0,,unsupported,,,empirical_null_unvalidated_reference_law,68.0,,
C05,gauss_noisy_3c,gaussian_blobs,median_binary,60.0,40.0,3.0,,unsupported,,,empirical_null_unvalidated_reference_law,47.0,,
C05,gauss_noisy_many,gaussian_blobs,median_binary,120.0,80.0,8.0,,unsupported,,,empirical_null_unvalidated_reference_law,101.0,,
C05,gauss_null_large,gaussian_blobs,median_binary,200.0,80.0,1.0,,unsupported,,,empirical_null_unvalidated_reference_law,198.0,,
C05,gauss_null_large_continuous,gaussian_blobs,continuous,200.0,80.0,1.0,1.0,ok,1.0,1.0,,,,
C05,gauss_null_small,gaussian_blobs,median_binary,60.0,30.0,1.0,,unsupported,,,empirical_null_unvalidated_reference_law,32.0,,
C05,gauss_outlier_cluster_4c,gaussian_outliers,median_binary,166.0,40.0,5.0,,unsupported,,,empirical_null_unvalidated_reference_law,156.0,,
C05,gauss_outlier_cluster_4c_continuous,gaussian_outliers,continuous,166.0,40.0,5.0,1.0,ok,0.0,0.0,,,,
C05,gauss_outlier_shell_4c,gaussian_outliers,median_binary,172.0,40.0,5.0,,unsupported,,,empirical_null_unvalidated_reference_law,156.0,,
C05,gauss_overlap_3c_small,gaussian_blobs,median_binary,300.0,30.0,3.0,,unsupported,,,empirical_null_unvalidated_reference_law,289.0,,
C05,gauss_overlap_3c_small_q3,gaussian_blobs,quantile_one_hot,300.0,90.0,3.0,,unsupported,,,empirical_null_unvalidated_reference_law,266.0,,
C05,gauss_overlap_3c_small_q4,gaussian_blobs,quantile_one_hot,300.0,120.0,3.0,,unsupported,,,empirical_null_unvalidated_reference_law,245.0,,
C05,gauss_overlap_3c_small_q5,gaussian_blobs,quantile_one_hot,300.0,150.0,3.0,,unsupported,,,empirical_null_unvalidated_reference_law,220.0,,
C05,gauss_overlap_4c_med,gaussian_blobs,median_binary,400.0,80.0,4.0,,unsupported,,,empirical_null_unvalidated_reference_law,317.0,,
C05,gauss_overlap_6c_large,gaussian_blobs,median_binary,600.0,150.0,6.0,,unsupported,,,empirical_null_unvalidated_reference_law,594.0,,
C05,gauss_overlap_8c_highd,gaussian_blobs,median_binary,800.0,300.0,8.0,,unsupported,,,empirical_null_unvalidated_reference_law,730.0,,
C05,gauss_overlap_dense_8c,gaussian_blobs,median_binary,800.0,50.0,8.0,,unsupported,,,empirical_null_unvalidated_reference_law,780.0,,
C05,gauss_overlap_extreme_4c,gaussian_blobs,median_binary,500.0,100.0,4.0,,unsupported,,,empirical_null_unvalidated_reference_law,442.0,,
C05,gauss_overlap_extreme_6c,gaussian_blobs,median_binary,600.0,200.0,6.0,,unsupported,,,empirical_null_unvalidated_reference_law,489.0,,
C05,gauss_overlap_many_10c,gaussian_blobs,median_binary,1000.0,150.0,10.0,,unsupported,,,empirical_null_unvalidated_reference_law,990.0,,
C05,gauss_single_outlier_4c,gaussian_outliers,median_binary,161.0,40.0,5.0,,unsupported,,,empirical_null_unvalidated_reference_law,152.0,,
C05,gauss_single_outlier_4c_continuous,gaussian_outliers,continuous,161.0,40.0,5.0,1.0,ok,0.0,0.0,,,,
C05,gauss_sparse_signal_highd_noise,dimensional_gaussian,median_binary,40.0,20000.0,4.0,,unsupported,,,empirical_null_no_internal_support,0.0,,
C05,mp_spike_above_bbp_continuous,continuous_spiked_covariance,continuous,120.0,300.0,2.0,1.0,ok,0.0,0.0,,,,
C05,mp_spike_below_bbp_continuous,continuous_spiked_covariance,continuous,120.0,300.0,1.0,1.0,ok,1.0,1.0,,,,
C05,overlap_extreme_4c,binary_template,binary,600.0,150.0,4.0,1.0,ok,0.0,0.0,,,,
C05,overlap_hd_4c_1k,binary_template,binary,500.0,1000.0,4.0,,unsupported,,,empirical_null_unvalidated_reference_law,470.0,,
C05,overlap_heavy_4c_med_feat,binary_template,binary,500.0,200.0,4.0,,unsupported,,,empirical_null_unvalidated_reference_law,182.0,,
C05,overlap_heavy_4c_small_feat,binary_template,binary,500.0,50.0,4.0,,unsupported,,,empirical_null_unvalidated_reference_law,448.0,,
C05,overlap_heavy_8c_large_feat,binary_template,binary,800.0,500.0,8.0,,unsupported,,,empirical_null_unvalidated_reference_law,28.0,,
C05,overlap_mod_4c_small,binary_template,binary,400.0,80.0,4.0,,unsupported,,,empirical_null_unvalidated_reference_law,292.0,,
C05,overlap_mod_6c_med,binary_template,binary,600.0,250.0,6.0,,unsupported,,,empirical_null_unvalidated_reference_law,470.0,,
C05,overlap_mod_8c_large,binary_template,binary,800.0,400.0,8.0,,unsupported,,,empirical_null_unvalidated_reference_law,712.0,,
C05,overlap_part_4c_small,binary_template,binary,400.0,60.0,4.0,,unsupported,,,empirical_null_unvalidated_reference_law,353.0,,
C05,overlap_part_6c_med,binary_template,binary,600.0,200.0,6.0,,unsupported,,,empirical_null_unvalidated_reference_law,594.0,,
C05,overlap_part_8c_large,binary_template,binary,800.0,350.0,8.0,,unsupported,,,empirical_null_unvalidated_reference_law,753.0,,
C05,overlap_unbal_4c_small,binary_template,binary,400.0,100.0,4.0,,unsupported,,,empirical_null_unvalidated_reference_law,169.0,,
C05,overlap_unbal_6c_med,binary_template,binary,600.0,300.0,6.0,,unsupported,,,empirical_null_unvalidated_reference_law,543.0,,
C05,overlap_unbal_8c_large,binary_template,binary,800.0,500.0,8.0,,unsupported,,,empirical_null_unvalidated_reference_law,412.0,,
C05,phylo_brownian_null_16taxa,phylogenetic_brownian,continuous,160.0,100.0,16.0,1.0,ok,0.0,0.0,,,,
C05,phylo_conserved_4taxa,phylogenetic_sequence,categorical_one_hot,100.0,400.0,4.0,,unsupported,,,empirical_null_unvalidated_reference_law,94.0,,
C05,phylo_conserved_8taxa,phylogenetic_sequence,categorical_one_hot,160.0,800.0,8.0,,unsupported,,,empirical_null_unvalidated_reference_law,152.0,,
C05,phylo_divergent_4taxa,phylogenetic_sequence,categorical_one_hot,100.0,400.0,4.0,,unsupported,,,empirical_null_unvalidated_reference_law,66.0,,
C05,phylo_divergent_8taxa,phylogenetic_sequence,categorical_one_hot,160.0,800.0,8.0,,unsupported,,,empirical_null_unvalidated_reference_law,127.0,,
C05,phylo_dna_16taxa_low_mut,phylogenetic_sequence,categorical_one_hot,240.0,2000.0,16.0,,unsupported,,,empirical_null_unvalidated_reference_law,88.0,,
C05,phylo_dna_4taxa_low_mut,phylogenetic_sequence,categorical_one_hot,100.0,400.0,4.0,,unsupported,,,empirical_null_unvalidated_reference_law,96.0,,
C05,phylo_dna_8taxa_low_mut,phylogenetic_sequence,categorical_one_hot,160.0,800.0,8.0,,unsupported,,,empirical_null_unvalidated_reference_law,139.0,,
C05,phylo_dna_8taxa_med_mut,phylogenetic_sequence,categorical_one_hot,160.0,800.0,8.0,,unsupported,,,empirical_null_unvalidated_reference_law,126.0,,
C05,phylo_large_32taxa,phylogenetic_sequence,categorical_one_hot,320.0,2000.0,32.0,,unsupported,,,empirical_null_unvalidated_reference_law,169.0,,
C05,phylo_large_64taxa,phylogenetic_sequence,categorical_one_hot,512.0,4000.0,64.0,,unsupported,,,empirical_null_unvalidated_reference_law,75.0,,
C05,phylo_protein_12taxa,phylogenetic_sequence,categorical_one_hot,180.0,3000.0,12.0,,unsupported,,,empirical_null_unvalidated_reference_law,100.0,,
C05,phylo_protein_4taxa,phylogenetic_sequence,categorical_one_hot,120.0,1000.0,4.0,,unsupported,,,empirical_null_unvalidated_reference_law,116.0,,
C05,phylo_protein_8taxa,phylogenetic_sequence,categorical_one_hot,160.0,2000.0,8.0,,unsupported,,,empirical_null_unvalidated_reference_law,147.0,,
C05,sbm_clear_small,stochastic_block_model,graph_adjacency,60.0,60.0,2.0,,unsupported,,,empirical_null_unvalidated_reference_law,53.0,,
C05,sbm_hard,stochastic_block_model,graph_adjacency,120.0,120.0,3.0,1.0,ok,0.0,0.0,,,,
C05,sbm_moderate,stochastic_block_model,graph_adjacency,120.0,120.0,3.0,1.0,ok,0.0,0.0,,,,
C05,sparse_features_100x500,binary_template,binary,100.0,500.0,4.0,,unsupported,,,empirical_null_unvalidated_reference_law,53.0,,
C05,sparse_features_72x72,binary_template,binary,72.0,72.0,4.0,,unsupported,,,empirical_null_unvalidated_reference_law,57.0,,
C05,support_selected_only_fail_closed,binary_selected_nonnull_only,binary,160.0,500.0,4.0,,unsupported,,,empirical_null_unvalidated_reference_law,78.0,,
C05,traversal_deep_branch_recovery_stress,planted_hierarchy_binary,binary,240.0,480.0,6.0,,unsupported,,,empirical_null_unvalidated_reference_law,127.0,,
C05,traversal_deep_signal_under_same_parent,planted_hierarchy_binary,binary,240.0,300.0,6.0,,unsupported,,,empirical_null_unvalidated_reference_law,78.0,,
C06,bar_binary_balanced_4c,binary_template,binary,160.0,200.0,4.0,,unsupported,,,empirical_null_unvalidated_reference_law,155.0,,
C06,bar_binary_unbalanced_95_5,binary_template,binary,200.0,200.0,4.0,,unsupported,,,empirical_null_unvalidated_reference_law,186.0,,
C06,binary_2clusters,binary_template,binary,50.0,60.0,2.0,,unsupported,,,empirical_null_unvalidated_reference_law,43.0,,
C06,binary_balanced_low_noise,binary_template,binary,72.0,72.0,4.0,,unsupported,,,empirical_null_unvalidated_reference_law,59.0,,
C06,binary_balanced_low_noise__2,binary_template,binary,72.0,120.0,4.0,,unsupported,,,empirical_null_unvalidated_reference_law,35.0,,
C06,binary_hard_4c,binary_template,binary,100.0,200.0,4.0,,unsupported,,,empirical_null_unvalidated_reference_law,86.0,,
C06,binary_hard_8c,binary_template,binary,280.0,400.0,8.0,,unsupported,,,empirical_null_unvalidated_reference_law,220.0,,
C06,binary_low_noise_12c,binary_template,binary,240.0,300.0,12.0,,unsupported,,,empirical_null_unvalidated_reference_law,133.0,,
C06,binary_low_noise_2c,binary_template,binary,40.0,50.0,2.0,,unsupported,,,empirical_null_unvalidated_reference_law,36.0,,
C06,binary_low_noise_4c,binary_template,binary,80.0,100.0,4.0,,unsupported,,,empirical_null_unvalidated_reference_law,75.0,,
C06,binary_low_noise_8c,binary_template,binary,160.0,200.0,8.0,,unsupported,,,empirical_null_unvalidated_reference_law,114.0,,
C06,binary_many_clusters,binary_template,binary,300.0,400.0,15.0,,unsupported,,,empirical_null_unvalidated_reference_law,152.0,,
C06,binary_many_features,binary_template,binary,100.0,2000.0,4.0,,unsupported,,,empirical_null_unvalidated_reference_law,8.0,,
C06,binary_moderate_4c,binary_template,binary,80.0,100.0,4.0,,unsupported,,,empirical_null_unvalidated_reference_law,49.0,,
C06,binary_moderate_6c,binary_template,binary,120.0,150.0,6.0,,unsupported,,,empirical_null_unvalidated_reference_law,69.0,,
C06,binary_moderate_8c,binary_template,binary,200.0,250.0,8.0,,unsupported,,,empirical_null_unvalidated_reference_law,175.0,,
C06,binary_multiscale_4c,binary_template,binary,120.0,160.0,4.0,,unsupported,,,empirical_null_unvalidated_reference_law,112.0,,
C06,binary_multiscale_6c,binary_template,binary,180.0,240.0,6.0,,unsupported,,,empirical_null_unvalidated_reference_law,174.0,,
C06,binary_noise_feat_30i_500n,binary_template,binary,100.0,1030.0,3.0,,unsupported,,,empirical_null_unvalidated_reference_law,65.0,,
C06,binary_noise_feat_50i_200n,binary_template,binary,120.0,450.0,4.0,,unsupported,,,empirical_null_unvalidated_reference_law,116.0,,
C06,binary_noise_feat_80i_400n,binary_template,binary,160.0,880.0,6.0,,unsupported,,,empirical_null_unvalidated_reference_law,77.0,,
C06,binary_null_medium,binary_template,binary,200.0,150.0,1.0,1.0,ok,1.0,1.0,,,,
C06,binary_null_small,binary_template,binary,60.0,80.0,1.0,1.0,ok,1.0,1.0,,,,
C06,binary_perfect_2c,binary_template,binary,40.0,50.0,2.0,,unsupported,,,empirical_null_unvalidated_reference_law,37.0,,
C06,binary_perfect_4c,binary_template,binary,80.0,100.0,4.0,,unsupported,,,empirical_null_unvalidated_reference_law,74.0,,
C06,binary_perfect_8c,binary_template,binary,160.0,200.0,8.0,,unsupported,,,empirical_null_unvalidated_reference_law,146.0,,
C06,binary_unbalanced_low,binary_template,binary,100.0,150.0,4.0,,unsupported,,,empirical_null_unvalidated_reference_law,90.0,,
C06,binary_unbalanced_med,binary_template,binary,150.0,200.0,6.0,,unsupported,,,empirical_null_unvalidated_reference_law,131.0,,
C06,cat_clear_3cat_4c,categorical_multinomial,categorical_one_hot,100.0,150.0,4.0,,unsupported,,,empirical_null_unvalidated_reference_law,81.0,,
C06,cat_clear_4cat_4c,categorical_multinomial,categorical_one_hot,100.0,200.0,4.0,,unsupported,,,empirical_null_unvalidated_reference_law,63.0,,
C06,cat_clear_5cat_6c,categorical_multinomial,categorical_one_hot,150.0,400.0,6.0,,unsupported,,,empirical_null_unvalidated_reference_law,107.0,,
C06,cat_dirichlet_overdispersed_20cat,categorical_dirichlet_multinomial,categorical_one_hot,240.0,1200.0,4.0,,unsupported,,,empirical_null_unvalidated_reference_law,238.0,,
C06,cat_highcard_10cat_4c,categorical_multinomial,categorical_one_hot,200.0,500.0,4.0,,unsupported,,,empirical_null_unvalidated_reference_law,180.0,,
C06,cat_highcard_20cat_4c,categorical_multinomial,categorical_one_hot,200.0,800.0,4.0,,unsupported,,,empirical_null_unvalidated_reference_law,192.0,,
C06,cat_highd_3cat_500feat,categorical_multinomial,categorical_one_hot,200.0,1500.0,4.0,,unsupported,,,empirical_null_unvalidated_reference_law,175.0,,
C06,cat_highd_4cat_1000feat,categorical_multinomial,categorical_one_hot,300.0,4000.0,6.0,,unsupported,,,empirical_null_unvalidated_reference_law,107.0,,
C06,cat_mod_3cat_4c,categorical_multinomial,categorical_one_hot,120.0,180.0,4.0,,unsupported,,,empirical_null_unvalidated_reference_law,80.0,,
C06,cat_mod_4cat_6c,categorical_multinomial,categorical_one_hot,180.0,400.0,6.0,,unsupported,,,empirical_null_unvalidated_reference_law,119.0,,
C06,cat_overlap_3cat_4c,categorical_multinomial,categorical_one_hot,400.0,300.0,4.0,,unsupported,,,empirical_null_unvalidated_reference_law,397.0,,
C06,cat_simplex_face_rare_20cat,categorical_dirichlet_multinomial,categorical_one_hot,240.0,1200.0,4.0,1.0,ok,0.0,0.0,,,,
C06,cat_unbal_3cat_4c,categorical_multinomial,categorical_one_hot,150.0,180.0,4.0,,unsupported,,,empirical_null_unvalidated_reference_law,143.0,,
C06,cont_lowrank_pggn_shrinkage,continuous_low_rank_factor,continuous,80.0,2000.0,4.0,,unsupported,,,empirical_null_unvalidated_reference_law,72.0,,
C06,dim_consolidated_4c_24f,dimensional_gaussian,median_binary,160.0,24.0,4.0,,unsupported,,,empirical_null_unvalidated_reference_law,158.0,,
C06,dim_consolidated_4c_24f_continuous,dimensional_gaussian,continuous,160.0,24.0,4.0,1.0,ok,0.0,0.0,,,,
C06,dim_consolidated_4c_272f,dimensional_gaussian,median_binary,160.0,272.0,4.0,1.0,ok,0.0,0.0,,,,
C06,dim_consolidated_4c_72f,dimensional_gaussian,median_binary,160.0,72.0,4.0,1.0,ok,0.0,0.0,,,,
C06,dim_consolidated_4c_72f_continuous,dimensional_gaussian,continuous,160.0,72.0,4.0,1.0,ok,0.0,0.0,,,,
C06,dim_diffuse_6c_136f,dimensional_gaussian,median_binary,180.0,136.0,6.0,1.0,ok,0.0,0.0,,,,
C06,dim_diffuse_6c_136f_continuous,dimensional_gaussian,continuous,180.0,136.0,6.0,1.0,ok,0.0,0.0,,,,
C06,dim_diffuse_6c_36f,dimensional_gaussian,median_binary,180.0,36.0,6.0,1.0,ok,0.0,0.0,,,,
C06,dim_diffuse_6c_536f,dimensional_gaussian,median_binary,180.0,536.0,6.0,1.0,ok,0.0,0.0,,,,
C06,gauss_clear_large,gaussian_blobs,median_binary,100.0,80.0,5.0,,unsupported,,,empirical_null_unvalidated_reference_law,81.0,,
C06,gauss_clear_medium,gaussian_blobs,median_binary,60.0,40.0,4.0,,unsupported,,,empirical_null_unvalidated_reference_law,56.0,,
C06,gauss_clear_medium_continuous,gaussian_blobs,continuous,60.0,40.0,4.0,1.0,ok,0.0,0.0,,,,
C06,gauss_clear_small,gaussian_blobs,median_binary,30.0,20.0,3.0,,unsupported,,,empirical_null_unvalidated_reference_law,27.0,,
C06,gauss_dense_signal_highd,gaussian_blobs,median_binary,40.0,20000.0,4.0,,unsupported,,,empirical_null_no_internal_support,0.0,,
C06,gauss_dense_signal_highd_continuous,gaussian_blobs,continuous,40.0,20000.0,4.0,,unsupported,,,empirical_null_no_internal_support,0.0,,
C06,gauss_extreme_noise_3c,gaussian_blobs,median_binary,30.0,30.0,3.0,,unsupported,,,empirical_null_unvalidated_reference_law,20.0,,
C06,gauss_extreme_noise_many,gaussian_blobs,median_binary,300.0,2000.0,30.0,,unsupported,,,empirical_null_unvalidated_reference_law,7.0,,
C06,gauss_moderate_3c,gaussian_blobs,median_binary,45.0,30.0,3.0,,unsupported,,,empirical_null_unvalidated_reference_law,40.0,,
C06,gauss_moderate_3c_continuous,gaussian_blobs,continuous,45.0,30.0,3.0,1.0,ok,0.0,0.0,,,,
C06,gauss_moderate_5c,gaussian_blobs,median_binary,75.0,50.0,5.0,,unsupported,,,empirical_null_unvalidated_reference_law,65.0,,
C06,gauss_noisy_3c,gaussian_blobs,median_binary,60.0,40.0,3.0,,unsupported,,,empirical_null_unvalidated_reference_law,45.0,,
C06,gauss_noisy_many,gaussian_blobs,median_binary,120.0,80.0,8.0,,unsupported,,,empirical_null_unvalidated_reference_law,96.0,,
C06,gauss_null_large,gaussian_blobs,median_binary,200.0,80.0,1.0,1.0,ok,1.0,1.0,,,,
C06,gauss_null_large_continuous,gaussian_blobs,continuous,200.0,80.0,1.0,1.0,ok,1.0,1.0,,,,
C06,gauss_null_small,gaussian_blobs,median_binary,60.0,30.0,1.0,1.0,ok,1.0,1.0,,,,
C06,gauss_outlier_cluster_4c,gaussian_outliers,median_binary,166.0,40.0,5.0,1.0,ok,0.0,0.0,,,,
C06,gauss_outlier_cluster_4c_continuous,gaussian_outliers,continuous,166.0,40.0,5.0,1.0,ok,0.0,0.0,,,,
C06,gauss_outlier_shell_4c,gaussian_outliers,median_binary,172.0,40.0,5.0,,unsupported,,,empirical_null_unvalidated_reference_law,165.0,,
C06,gauss_overlap_3c_small,gaussian_blobs,median_binary,300.0,30.0,3.0,,unsupported,,,empirical_null_unvalidated_reference_law,297.0,,
C06,gauss_overlap_3c_small_q3,gaussian_blobs,quantile_one_hot,300.0,90.0,3.0,,unsupported,,,empirical_null_unvalidated_reference_law,296.0,,
C06,gauss_overlap_3c_small_q4,gaussian_blobs,quantile_one_hot,300.0,120.0,3.0,,unsupported,,,empirical_null_unvalidated_reference_law,296.0,,
C06,gauss_overlap_3c_small_q5,gaussian_blobs,quantile_one_hot,300.0,150.0,3.0,,unsupported,,,empirical_null_unvalidated_reference_law,295.0,,
C06,gauss_overlap_4c_med,gaussian_blobs,median_binary,400.0,80.0,4.0,,unsupported,,,empirical_null_unvalidated_reference_law,392.0,,
C06,gauss_overlap_6c_large,gaussian_blobs,median_binary,600.0,150.0,6.0,,unsupported,,,empirical_null_unvalidated_reference_law,594.0,,
C06,gauss_overlap_8c_highd,gaussian_blobs,median_binary,800.0,300.0,8.0,,unsupported,,,empirical_null_unvalidated_reference_law,792.0,,
C06,gauss_overlap_dense_8c,gaussian_blobs,median_binary,800.0,50.0,8.0,,unsupported,,,empirical_null_unvalidated_reference_law,792.0,,
C06,gauss_overlap_extreme_4c,gaussian_blobs,median_binary,500.0,100.0,4.0,,unsupported,,,empirical_null_unvalidated_reference_law,496.0,,
C06,gauss_overlap_extreme_6c,gaussian_blobs,median_binary,600.0,200.0,6.0,,unsupported,,,empirical_null_unvalidated_reference_law,590.0,,
C06,gauss_overlap_many_10c,gaussian_blobs,median_binary,1000.0,150.0,10.0,,unsupported,,,empirical_null_unvalidated_reference_law,990.0,,
C06,gauss_single_outlier_4c,gaussian_outliers,median_binary,161.0,40.0,5.0,,unsupported,,,empirical_null_unvalidated_reference_law,156.0,,
C06,gauss_single_outlier_4c_continuous,gaussian_outliers,continuous,161.0,40.0,5.0,1.0,ok,0.0,0.0,,,,
C06,gauss_sparse_signal_highd_noise,dimensional_gaussian,median_binary,40.0,20000.0,4.0,,unsupported,,,empirical_null_no_internal_support,0.0,,
C06,mp_spike_above_bbp_continuous,continuous_spiked_covariance,continuous,120.0,300.0,2.0,1.0,ok,0.0,0.0,,,,
C06,mp_spike_below_bbp_continuous,continuous_spiked_covariance,continuous,120.0,300.0,1.0,1.0,ok,1.0,1.0,,,,
C06,overlap_extreme_4c,binary_template,binary,600.0,150.0,4.0,1.0,ok,0.0,0.0,,,,
C06,overlap_hd_4c_1k,binary_template,binary,500.0,1000.0,4.0,,unsupported,,,empirical_null_unvalidated_reference_law,356.0,,
C06,overlap_heavy_4c_med_feat,binary_template,binary,500.0,200.0,4.0,1.0,ok,0.0,0.0,,,,
C06,overlap_heavy_4c_small_feat,binary_template,binary,500.0,50.0,4.0,,unsupported,,,empirical_null_unvalidated_reference_law,494.0,,
C06,overlap_heavy_8c_large_feat,binary_template,binary,800.0,500.0,8.0,,unsupported,,,empirical_null_unvalidated_reference_law,796.0,,
C06,overlap_mod_4c_small,binary_template,binary,400.0,80.0,4.0,1.0,ok,0.0,0.0,,,,
C06,overlap_mod_6c_med,binary_template,binary,600.0,250.0,6.0,,unsupported,,,empirical_null_unvalidated_reference_law,593.0,,
C06,overlap_mod_8c_large,binary_template,binary,800.0,400.0,8.0,,unsupported,,,empirical_null_unvalidated_reference_law,780.0,,
C06,overlap_part_4c_small,binary_template,binary,400.0,60.0,4.0,,unsupported,,,empirical_null_unvalidated_reference_law,397.0,,
C06,overlap_part_6c_med,binary_template,binary,600.0,200.0,6.0,,unsupported,,,empirical_null_unvalidated_reference_law,594.0,,
C06,overlap_part_8c_large,binary_template,binary,800.0,350.0,8.0,,unsupported,,,empirical_null_unvalidated_reference_law,791.0,,
C06,overlap_unbal_4c_small,binary_template,binary,400.0,100.0,4.0,1.0,ok,0.0,0.0,,,,
C06,overlap_unbal_6c_med,binary_template,binary,600.0,300.0,6.0,,unsupported,,,empirical_null_unvalidated_reference_law,595.0,,
C06,overlap_unbal_8c_large,binary_template,binary,800.0,500.0,8.0,,unsupported,,,empirical_null_unvalidated_reference_law,781.0,,
C06,phylo_brownian_null_16taxa,phylogenetic_brownian,continuous,160.0,100.0,16.0,1.0,ok,0.0,0.0,,,,
C06,phylo_conserved_4taxa,phylogenetic_sequence,categorical_one_hot,100.0,400.0,4.0,,unsupported,,,empirical_null_unvalidated_reference_law,93.0,,
C06,phylo_conserved_8taxa,phylogenetic_sequence,categorical_one_hot,160.0,800.0,8.0,,unsupported,,,empirical_null_unvalidated_reference_law,152.0,,
C06,phylo_divergent_4taxa,phylogenetic_sequence,categorical_one_hot,100.0,400.0,4.0,,unsupported,,,empirical_null_unvalidated_reference_law,90.0,,
C06,phylo_divergent_8taxa,phylogenetic_sequence,categorical_one_hot,160.0,800.0,8.0,,unsupported,,,empirical_null_unvalidated_reference_law,128.0,,
C06,phylo_dna_16taxa_low_mut,phylogenetic_sequence,categorical_one_hot,240.0,2000.0,16.0,,unsupported,,,empirical_null_unvalidated_reference_law,96.0,,
C06,phylo_dna_4taxa_low_mut,phylogenetic_sequence,categorical_one_hot,100.0,400.0,4.0,,unsupported,,,empirical_null_unvalidated_reference_law,96.0,,
C06,phylo_dna_8taxa_low_mut,phylogenetic_sequence,categorical_one_hot,160.0,800.0,8.0,,unsupported,,,empirical_null_unvalidated_reference_law,151.0,,
C06,phylo_dna_8taxa_med_mut,phylogenetic_sequence,categorical_one_hot,160.0,800.0,8.0,,unsupported,,,empirical_null_unvalidated_reference_law,143.0,,
C06,phylo_large_32taxa,phylogenetic_sequence,categorical_one_hot,320.0,2000.0,32.0,,unsupported,,,empirical_null_unvalidated_reference_law,198.0,,
C06,phylo_large_64taxa,phylogenetic_sequence,categorical_one_hot,512.0,4000.0,64.0,,unsupported,,,empirical_null_unvalidated_reference_law,139.0,,
C06,phylo_protein_12taxa,phylogenetic_sequence,categorical_one_hot,180.0,3000.0,12.0,,unsupported,,,empirical_null_unvalidated_reference_law,101.0,,
C06,phylo_protein_4taxa,phylogenetic_sequence,categorical_one_hot,120.0,1000.0,4.0,,unsupported,,,empirical_null_unvalidated_reference_law,116.0,,
C06,phylo_protein_8taxa,phylogenetic_sequence,categorical_one_hot,160.0,2000.0,8.0,,unsupported,,,empirical_null_unvalidated_reference_law,152.0,,
C06,sbm_clear_small,stochastic_block_model,graph_adjacency,60.0,60.0,2.0,,unsupported,,,empirical_null_unvalidated_reference_law,53.0,,
C06,sbm_hard,stochastic_block_model,graph_adjacency,120.0,120.0,3.0,,unsupported,,,empirical_null_unvalidated_reference_law,118.0,,
C06,sbm_moderate,stochastic_block_model,graph_adjacency,120.0,120.0,3.0,1.0,ok,0.0,0.0,,,,
C06,sparse_features_100x500,binary_template,binary,100.0,500.0,4.0,,unsupported,,,empirical_null_unvalidated_reference_law,79.0,,
C06,sparse_features_72x72,binary_template,binary,72.0,72.0,4.0,,unsupported,,,empirical_null_unvalidated_reference_law,60.0,,
C06,support_selected_only_fail_closed,binary_selected_nonnull_only,binary,160.0,500.0,4.0,,unsupported,,,empirical_null_unvalidated_reference_law,112.0,,
C06,traversal_deep_branch_recovery_stress,planted_hierarchy_binary,binary,240.0,480.0,6.0,,unsupported,,,empirical_null_unvalidated_reference_law,213.0,,
C06,traversal_deep_signal_under_same_parent,planted_hierarchy_binary,binary,240.0,300.0,6.0,1.0,ok,0.0,0.0,,,,
C07,bar_binary_balanced_4c,binary_template,binary,160.0,200.0,4.0,,execution_error,,,,,,merge distances must be nondecreasing to compute branch lengths.
C07,bar_binary_unbalanced_95_5,binary_template,binary,200.0,200.0,4.0,,execution_error,,,,,,merge distances must be nondecreasing to compute branch lengths.
C07,binary_2clusters,binary_template,binary,50.0,60.0,2.0,,execution_error,,,,,,merge distances must be nondecreasing to compute branch lengths.
C07,binary_balanced_low_noise,binary_template,binary,72.0,72.0,4.0,,execution_error,,,,,,merge distances must be nondecreasing to compute branch lengths.
C07,binary_balanced_low_noise__2,binary_template,binary,72.0,120.0,4.0,,execution_error,,,,,,merge distances must be nondecreasing to compute branch lengths.
C07,binary_hard_4c,binary_template,binary,100.0,200.0,4.0,,execution_error,,,,,,merge distances must be nondecreasing to compute branch lengths.
C07,binary_hard_8c,binary_template,binary,280.0,400.0,8.0,,execution_error,,,,,,merge distances must be nondecreasing to compute branch lengths.
C07,binary_low_noise_12c,binary_template,binary,240.0,300.0,12.0,,execution_error,,,,,,merge distances must be nondecreasing to compute branch lengths.
C07,binary_low_noise_2c,binary_template,binary,40.0,50.0,2.0,,execution_error,,,,,,merge distances must be nondecreasing to compute branch lengths.
C07,binary_low_noise_4c,binary_template,binary,80.0,100.0,4.0,,execution_error,,,,,,merge distances must be nondecreasing to compute branch lengths.
C07,binary_low_noise_8c,binary_template,binary,160.0,200.0,8.0,,execution_error,,,,,,merge distances must be nondecreasing to compute branch lengths.
C07,binary_many_clusters,binary_template,binary,300.0,400.0,15.0,,execution_error,,,,,,merge distances must be nondecreasing to compute branch lengths.
C07,binary_many_features,binary_template,binary,100.0,2000.0,4.0,,execution_error,,,,,,merge distances must be nondecreasing to compute branch lengths.
C07,binary_moderate_4c,binary_template,binary,80.0,100.0,4.0,,execution_error,,,,,,merge distances must be nondecreasing to compute branch lengths.
C07,binary_moderate_6c,binary_template,binary,120.0,150.0,6.0,,execution_error,,,,,,merge distances must be nondecreasing to compute branch lengths.
C07,binary_moderate_8c,binary_template,binary,200.0,250.0,8.0,,execution_error,,,,,,merge distances must be nondecreasing to compute branch lengths.
C07,binary_multiscale_4c,binary_template,binary,120.0,160.0,4.0,,execution_error,,,,,,merge distances must be nondecreasing to compute branch lengths.
C07,binary_multiscale_6c,binary_template,binary,180.0,240.0,6.0,,execution_error,,,,,,merge distances must be nondecreasing to compute branch lengths.
C07,binary_noise_feat_30i_500n,binary_template,binary,100.0,1030.0,3.0,,execution_error,,,,,,merge distances must be nondecreasing to compute branch lengths.
C07,binary_noise_feat_50i_200n,binary_template,binary,120.0,450.0,4.0,,execution_error,,,,,,merge distances must be nondecreasing to compute branch lengths.
C07,binary_noise_feat_80i_400n,binary_template,binary,160.0,880.0,6.0,,execution_error,,,,,,merge distances must be nondecreasing to compute branch lengths.
C07,binary_null_medium,binary_template,binary,200.0,150.0,1.0,1.0,ok,1.0,1.0,,,,
C07,binary_null_small,binary_template,binary,60.0,80.0,1.0,1.0,ok,1.0,1.0,,,,
C07,binary_perfect_2c,binary_template,binary,40.0,50.0,2.0,,unsupported,,,empirical_null_unvalidated_reference_law,37.0,,
C07,binary_perfect_4c,binary_template,binary,80.0,100.0,4.0,,unsupported,,,empirical_null_unvalidated_reference_law,74.0,,
C07,binary_perfect_8c,binary_template,binary,160.0,200.0,8.0,,unsupported,,,empirical_null_unvalidated_reference_law,146.0,,
C07,binary_unbalanced_low,binary_template,binary,100.0,150.0,4.0,,execution_error,,,,,,merge distances must be nondecreasing to compute branch lengths.
C07,binary_unbalanced_med,binary_template,binary,150.0,200.0,6.0,,execution_error,,,,,,merge distances must be nondecreasing to compute branch lengths.
C07,cat_clear_3cat_4c,categorical_multinomial,categorical_one_hot,100.0,150.0,4.0,,execution_error,,,,,,merge distances must be nondecreasing to compute branch lengths.
C07,cat_clear_4cat_4c,categorical_multinomial,categorical_one_hot,100.0,200.0,4.0,,execution_error,,,,,,merge distances must be nondecreasing to compute branch lengths.
C07,cat_clear_5cat_6c,categorical_multinomial,categorical_one_hot,150.0,400.0,6.0,,execution_error,,,,,,merge distances must be nondecreasing to compute branch lengths.
C07,cat_dirichlet_overdispersed_20cat,categorical_dirichlet_multinomial,categorical_one_hot,240.0,1200.0,4.0,,execution_error,,,,,,merge distances must be nondecreasing to compute branch lengths.
C07,cat_highcard_10cat_4c,categorical_multinomial,categorical_one_hot,200.0,500.0,4.0,,execution_error,,,,,,merge distances must be nondecreasing to compute branch lengths.
C07,cat_highcard_20cat_4c,categorical_multinomial,categorical_one_hot,200.0,800.0,4.0,,execution_error,,,,,,merge distances must be nondecreasing to compute branch lengths.
C07,cat_highd_3cat_500feat,categorical_multinomial,categorical_one_hot,200.0,1500.0,4.0,,execution_error,,,,,,merge distances must be nondecreasing to compute branch lengths.
C07,cat_highd_4cat_1000feat,categorical_multinomial,categorical_one_hot,300.0,4000.0,6.0,,execution_error,,,,,,merge distances must be nondecreasing to compute branch lengths.
C07,cat_mod_3cat_4c,categorical_multinomial,categorical_one_hot,120.0,180.0,4.0,,execution_error,,,,,,merge distances must be nondecreasing to compute branch lengths.
C07,cat_mod_4cat_6c,categorical_multinomial,categorical_one_hot,180.0,400.0,6.0,,execution_error,,,,,,merge distances must be nondecreasing to compute branch lengths.
C07,cat_overlap_3cat_4c,categorical_multinomial,categorical_one_hot,400.0,300.0,4.0,,execution_error,,,,,,merge distances must be nondecreasing to compute branch lengths.
C07,cat_simplex_face_rare_20cat,categorical_dirichlet_multinomial,categorical_one_hot,240.0,1200.0,4.0,,execution_error,,,,,,merge distances must be nondecreasing to compute branch lengths.
C07,cat_unbal_3cat_4c,categorical_multinomial,categorical_one_hot,150.0,180.0,4.0,,execution_error,,,,,,merge distances must be nondecreasing to compute branch lengths.
C07,cont_lowrank_pggn_shrinkage,continuous_low_rank_factor,continuous,80.0,2000.0,4.0,1.0,ok,0.0,0.0,,,,
C07,dim_consolidated_4c_24f,dimensional_gaussian,median_binary,160.0,24.0,4.0,,execution_error,,,,,,merge distances must be nondecreasing to compute branch lengths.
C07,dim_consolidated_4c_24f_continuous,dimensional_gaussian,continuous,160.0,24.0,4.0,1.0,ok,0.0,0.0,,,,
C07,dim_consolidated_4c_272f,dimensional_gaussian,median_binary,160.0,272.0,4.0,,execution_error,,,,,,merge distances must be nondecreasing to compute branch lengths.
C07,dim_consolidated_4c_72f,dimensional_gaussian,median_binary,160.0,72.0,4.0,,execution_error,,,,,,merge distances must be nondecreasing to compute branch lengths.
C07,dim_consolidated_4c_72f_continuous,dimensional_gaussian,continuous,160.0,72.0,4.0,1.0,ok,0.0,0.0,,,,
C07,dim_diffuse_6c_136f,dimensional_gaussian,median_binary,180.0,136.0,6.0,,execution_error,,,,,,merge distances must be nondecreasing to compute branch lengths.
C07,dim_diffuse_6c_136f_continuous,dimensional_gaussian,continuous,180.0,136.0,6.0,1.0,ok,0.0,0.0,,,,
C07,dim_diffuse_6c_36f,dimensional_gaussian,median_binary,180.0,36.0,6.0,,execution_error,,,,,,merge distances must be nondecreasing to compute branch lengths.
C07,dim_diffuse_6c_536f,dimensional_gaussian,median_binary,180.0,536.0,6.0,,execution_error,,,,,,merge distances must be nondecreasing to compute branch lengths.
C07,gauss_clear_large,gaussian_blobs,median_binary,100.0,80.0,5.0,,execution_error,,,,,,merge distances must be nondecreasing to compute branch lengths.
C07,gauss_clear_medium,gaussian_blobs,median_binary,60.0,40.0,4.0,,execution_error,,,,,,merge distances must be nondecreasing to compute branch lengths.
C07,gauss_clear_medium_continuous,gaussian_blobs,continuous,60.0,40.0,4.0,1.0,ok,0.0,0.0,,,,
C07,gauss_clear_small,gaussian_blobs,median_binary,30.0,20.0,3.0,,unsupported,,,empirical_null_unvalidated_reference_law,27.0,,
C07,gauss_dense_signal_highd,gaussian_blobs,median_binary,40.0,20000.0,4.0,,unsupported,,,empirical_null_no_internal_support,0.0,,
C07,gauss_dense_signal_highd_continuous,gaussian_blobs,continuous,40.0,20000.0,4.0,,unsupported,,,empirical_null_no_internal_support,0.0,,
C07,gauss_extreme_noise_3c,gaussian_blobs,median_binary,30.0,30.0,3.0,,unsupported,,,empirical_null_unvalidated_reference_law,20.0,,
C07,gauss_extreme_noise_many,gaussian_blobs,median_binary,300.0,2000.0,30.0,,execution_error,,,,,,merge distances must be nondecreasing to compute branch lengths.
C07,gauss_moderate_3c,gaussian_blobs,median_binary,45.0,30.0,3.0,,execution_error,,,,,,merge distances must be nondecreasing to compute branch lengths.
C07,gauss_moderate_3c_continuous,gaussian_blobs,continuous,45.0,30.0,3.0,1.0,ok,0.0,0.0,,,,
C07,gauss_moderate_5c,gaussian_blobs,median_binary,75.0,50.0,5.0,,execution_error,,,,,,merge distances must be nondecreasing to compute branch lengths.
C07,gauss_noisy_3c,gaussian_blobs,median_binary,60.0,40.0,3.0,,execution_error,,,,,,merge distances must be nondecreasing to compute branch lengths.
C07,gauss_noisy_many,gaussian_blobs,median_binary,120.0,80.0,8.0,,execution_error,,,,,,merge distances must be nondecreasing to compute branch lengths.
C07,gauss_null_large,gaussian_blobs,median_binary,200.0,80.0,1.0,,execution_error,,,,,,merge distances must be nondecreasing to compute branch lengths.
C07,gauss_null_large_continuous,gaussian_blobs,continuous,200.0,80.0,1.0,1.0,ok,1.0,1.0,,,,
C07,gauss_null_small,gaussian_blobs,median_binary,60.0,30.0,1.0,,execution_error,,,,,,merge distances must be nondecreasing to compute branch lengths.
C07,gauss_outlier_cluster_4c,gaussian_outliers,median_binary,166.0,40.0,5.0,,execution_error,,,,,,merge distances must be nondecreasing to compute branch lengths.
C07,gauss_outlier_cluster_4c_continuous,gaussian_outliers,continuous,166.0,40.0,5.0,1.0,ok,0.0,0.0,,,,
C07,gauss_outlier_shell_4c,gaussian_outliers,median_binary,172.0,40.0,5.0,,execution_error,,,,,,merge distances must be nondecreasing to compute branch lengths.
C07,gauss_overlap_3c_small,gaussian_blobs,median_binary,300.0,30.0,3.0,,execution_error,,,,,,merge distances must be nondecreasing to compute branch lengths.
C07,gauss_overlap_3c_small_q3,gaussian_blobs,quantile_one_hot,300.0,90.0,3.0,,execution_error,,,,,,merge distances must be nondecreasing to compute branch lengths.
C07,gauss_overlap_3c_small_q4,gaussian_blobs,quantile_one_hot,300.0,120.0,3.0,,execution_error,,,,,,merge distances must be nondecreasing to compute branch lengths.
C07,gauss_overlap_3c_small_q5,gaussian_blobs,quantile_one_hot,300.0,150.0,3.0,,execution_error,,,,,,merge distances must be nondecreasing to compute branch lengths.
C07,gauss_overlap_4c_med,gaussian_blobs,median_binary,400.0,80.0,4.0,,execution_error,,,,,,merge distances must be nondecreasing to compute branch lengths.
C07,gauss_overlap_6c_large,gaussian_blobs,median_binary,600.0,150.0,6.0,,execution_error,,,,,,merge distances must be nondecreasing to compute branch lengths.
C07,gauss_overlap_8c_highd,gaussian_blobs,median_binary,800.0,300.0,8.0,,execution_error,,,,,,merge distances must be nondecreasing to compute branch lengths.
C07,gauss_overlap_dense_8c,gaussian_blobs,median_binary,800.0,50.0,8.0,,execution_error,,,,,,merge distances must be nondecreasing to compute branch lengths.
C07,gauss_overlap_extreme_4c,gaussian_blobs,median_binary,500.0,100.0,4.0,,execution_error,,,,,,merge distances must be nondecreasing to compute branch lengths.
C07,gauss_overlap_extreme_6c,gaussian_blobs,median_binary,600.0,200.0,6.0,,execution_error,,,,,,merge distances must be nondecreasing to compute branch lengths.
C07,gauss_overlap_many_10c,gaussian_blobs,median_binary,1000.0,150.0,10.0,,execution_error,,,,,,merge distances must be nondecreasing to compute branch lengths.
C07,gauss_single_outlier_4c,gaussian_outliers,median_binary,161.0,40.0,5.0,,execution_error,,,,,,merge distances must be nondecreasing to compute branch lengths.
C07,gauss_single_outlier_4c_continuous,gaussian_outliers,continuous,161.0,40.0,5.0,1.0,ok,0.0,0.0,,,,
C07,gauss_sparse_signal_highd_noise,dimensional_gaussian,median_binary,40.0,20000.0,4.0,,unsupported,,,empirical_null_no_internal_support,0.0,,
C07,mp_spike_above_bbp_continuous,continuous_spiked_covariance,continuous,120.0,300.0,2.0,1.0,ok,0.0,0.0,,,,
C07,mp_spike_below_bbp_continuous,continuous_spiked_covariance,continuous,120.0,300.0,1.0,1.0,ok,1.0,1.0,,,,
C07,overlap_extreme_4c,binary_template,binary,600.0,150.0,4.0,,execution_error,,,,,,merge distances must be nondecreasing to compute branch lengths.
C07,overlap_hd_4c_1k,binary_template,binary,500.0,1000.0,4.0,,execution_error,,,,,,merge distances must be nondecreasing to compute branch lengths.
C07,overlap_heavy_4c_med_feat,binary_template,binary,500.0,200.0,4.0,,execution_error,,,,,,merge distances must be nondecreasing to compute branch lengths.
C07,overlap_heavy_4c_small_feat,binary_template,binary,500.0,50.0,4.0,,execution_error,,,,,,merge distances must be nondecreasing to compute branch lengths.
C07,overlap_heavy_8c_large_feat,binary_template,binary,800.0,500.0,8.0,,execution_error,,,,,,merge distances must be nondecreasing to compute branch lengths.
C07,overlap_mod_4c_small,binary_template,binary,400.0,80.0,4.0,,execution_error,,,,,,merge distances must be nondecreasing to compute branch lengths.
C07,overlap_mod_6c_med,binary_template,binary,600.0,250.0,6.0,,execution_error,,,,,,merge distances must be nondecreasing to compute branch lengths.
C07,overlap_mod_8c_large,binary_template,binary,800.0,400.0,8.0,,execution_error,,,,,,merge distances must be nondecreasing to compute branch lengths.
C07,overlap_part_4c_small,binary_template,binary,400.0,60.0,4.0,,execution_error,,,,,,merge distances must be nondecreasing to compute branch lengths.
C07,overlap_part_6c_med,binary_template,binary,600.0,200.0,6.0,,execution_error,,,,,,merge distances must be nondecreasing to compute branch lengths.
C07,overlap_part_8c_large,binary_template,binary,800.0,350.0,8.0,,execution_error,,,,,,merge distances must be nondecreasing to compute branch lengths.
C07,overlap_unbal_4c_small,binary_template,binary,400.0,100.0,4.0,,execution_error,,,,,,merge distances must be nondecreasing to compute branch lengths.
C07,overlap_unbal_6c_med,binary_template,binary,600.0,300.0,6.0,,execution_error,,,,,,merge distances must be nondecreasing to compute branch lengths.
C07,overlap_unbal_8c_large,binary_template,binary,800.0,500.0,8.0,,execution_error,,,,,,merge distances must be nondecreasing to compute branch lengths.
C07,phylo_brownian_null_16taxa,phylogenetic_brownian,continuous,160.0,100.0,16.0,1.0,ok,0.0,0.0,,,,
C07,phylo_conserved_4taxa,phylogenetic_sequence,categorical_one_hot,100.0,400.0,4.0,,unsupported,,,empirical_null_unvalidated_reference_law,94.0,,
C07,phylo_conserved_8taxa,phylogenetic_sequence,categorical_one_hot,160.0,800.0,8.0,,execution_error,,,,,,merge distances must be nondecreasing to compute branch lengths.
C07,phylo_divergent_4taxa,phylogenetic_sequence,categorical_one_hot,100.0,400.0,4.0,,execution_error,,,,,,merge distances must be nondecreasing to compute branch lengths.
C07,phylo_divergent_8taxa,phylogenetic_sequence,categorical_one_hot,160.0,800.0,8.0,,execution_error,,,,,,merge distances must be nondecreasing to compute branch lengths.
C07,phylo_dna_16taxa_low_mut,phylogenetic_sequence,categorical_one_hot,240.0,2000.0,16.0,,execution_error,,,,,,merge distances must be nondecreasing to compute branch lengths.
C07,phylo_dna_4taxa_low_mut,phylogenetic_sequence,categorical_one_hot,100.0,400.0,4.0,,execution_error,,,,,,merge distances must be nondecreasing to compute branch lengths.
C07,phylo_dna_8taxa_low_mut,phylogenetic_sequence,categorical_one_hot,160.0,800.0,8.0,,execution_error,,,,,,merge distances must be nondecreasing to compute branch lengths.
C07,phylo_dna_8taxa_med_mut,phylogenetic_sequence,categorical_one_hot,160.0,800.0,8.0,,execution_error,,,,,,merge distances must be nondecreasing to compute branch lengths.
C07,phylo_large_32taxa,phylogenetic_sequence,categorical_one_hot,320.0,2000.0,32.0,,execution_error,,,,,,merge distances must be nondecreasing to compute branch lengths.
C07,phylo_large_64taxa,phylogenetic_sequence,categorical_one_hot,512.0,4000.0,64.0,,execution_error,,,,,,merge distances must be nondecreasing to compute branch lengths.
C07,phylo_protein_12taxa,phylogenetic_sequence,categorical_one_hot,180.0,3000.0,12.0,,execution_error,,,,,,merge distances must be nondecreasing to compute branch lengths.
C07,phylo_protein_4taxa,phylogenetic_sequence,categorical_one_hot,120.0,1000.0,4.0,,execution_error,,,,,,merge distances must be nondecreasing to compute branch lengths.
C07,phylo_protein_8taxa,phylogenetic_sequence,categorical_one_hot,160.0,2000.0,8.0,,execution_error,,,,,,merge distances must be nondecreasing to compute branch lengths.
C07,sbm_clear_small,stochastic_block_model,graph_adjacency,60.0,60.0,2.0,,execution_error,,,,,,merge distances must be nondecreasing to compute branch lengths.
C07,sbm_hard,stochastic_block_model,graph_adjacency,120.0,120.0,3.0,,execution_error,,,,,,merge distances must be nondecreasing to compute branch lengths.
C07,sbm_moderate,stochastic_block_model,graph_adjacency,120.0,120.0,3.0,,execution_error,,,,,,merge distances must be nondecreasing to compute branch lengths.
C07,sparse_features_100x500,binary_template,binary,100.0,500.0,4.0,,execution_error,,,,,,merge distances must be nondecreasing to compute branch lengths.
C07,sparse_features_72x72,binary_template,binary,72.0,72.0,4.0,,execution_error,,,,,,merge distances must be nondecreasing to compute branch lengths.
C07,support_selected_only_fail_closed,binary_selected_nonnull_only,binary,160.0,500.0,4.0,,execution_error,,,,,,merge distances must be nondecreasing to compute branch lengths.
C07,traversal_deep_branch_recovery_stress,planted_hierarchy_binary,binary,240.0,480.0,6.0,,execution_error,,,,,,merge distances must be nondecreasing to compute branch lengths.
C07,traversal_deep_signal_under_same_parent,planted_hierarchy_binary,binary,240.0,300.0,6.0,,execution_error,,,,,,merge distances must be nondecreasing to compute branch lengths.
C08,bar_binary_balanced_4c,binary_template,binary,160.0,200.0,4.0,,execution_error,,,,,,merge distances must be nondecreasing to compute branch lengths.
C08,bar_binary_unbalanced_95_5,binary_template,binary,200.0,200.0,4.0,,execution_error,,,,,,merge distances must be nondecreasing to compute branch lengths.
C08,binary_2clusters,binary_template,binary,50.0,60.0,2.0,,execution_error,,,,,,merge distances must be nondecreasing to compute branch lengths.
C08,binary_balanced_low_noise,binary_template,binary,72.0,72.0,4.0,,execution_error,,,,,,merge distances must be nondecreasing to compute branch lengths.
C08,binary_balanced_low_noise__2,binary_template,binary,72.0,120.0,4.0,,execution_error,,,,,,merge distances must be nondecreasing to compute branch lengths.
C08,binary_hard_4c,binary_template,binary,100.0,200.0,4.0,,execution_error,,,,,,merge distances must be nondecreasing to compute branch lengths.
C08,binary_hard_8c,binary_template,binary,280.0,400.0,8.0,,execution_error,,,,,,merge distances must be nondecreasing to compute branch lengths.
C08,binary_low_noise_12c,binary_template,binary,240.0,300.0,12.0,,execution_error,,,,,,merge distances must be nondecreasing to compute branch lengths.
C08,binary_low_noise_2c,binary_template,binary,40.0,50.0,2.0,,execution_error,,,,,,merge distances must be nondecreasing to compute branch lengths.
C08,binary_low_noise_4c,binary_template,binary,80.0,100.0,4.0,,unsupported,,,empirical_null_unvalidated_reference_law,66.0,,
C08,binary_low_noise_8c,binary_template,binary,160.0,200.0,8.0,,execution_error,,,,,,merge distances must be nondecreasing to compute branch lengths.
C08,binary_many_clusters,binary_template,binary,300.0,400.0,15.0,,unsupported,,,empirical_null_unvalidated_reference_law,156.0,,
C08,binary_many_features,binary_template,binary,100.0,2000.0,4.0,,execution_error,,,,,,merge distances must be nondecreasing to compute branch lengths.
C08,binary_moderate_4c,binary_template,binary,80.0,100.0,4.0,,execution_error,,,,,,merge distances must be nondecreasing to compute branch lengths.
C08,binary_moderate_6c,binary_template,binary,120.0,150.0,6.0,,execution_error,,,,,,merge distances must be nondecreasing to compute branch lengths.
C08,binary_moderate_8c,binary_template,binary,200.0,250.0,8.0,,execution_error,,,,,,merge distances must be nondecreasing to compute branch lengths.
C08,binary_multiscale_4c,binary_template,binary,120.0,160.0,4.0,,execution_error,,,,,,merge distances must be nondecreasing to compute branch lengths.
C08,binary_multiscale_6c,binary_template,binary,180.0,240.0,6.0,,execution_error,,,,,,merge distances must be nondecreasing to compute branch lengths.
C08,binary_noise_feat_30i_500n,binary_template,binary,100.0,1030.0,3.0,,execution_error,,,,,,merge distances must be nondecreasing to compute branch lengths.
C08,binary_noise_feat_50i_200n,binary_template,binary,120.0,450.0,4.0,,execution_error,,,,,,merge distances must be nondecreasing to compute branch lengths.
C08,binary_noise_feat_80i_400n,binary_template,binary,160.0,880.0,6.0,,execution_error,,,,,,merge distances must be nondecreasing to compute branch lengths.
C08,binary_null_medium,binary_template,binary,200.0,150.0,1.0,1.0,ok,1.0,1.0,,,,
C08,binary_null_small,binary_template,binary,60.0,80.0,1.0,1.0,ok,1.0,1.0,,,,
C08,binary_perfect_2c,binary_template,binary,40.0,50.0,2.0,,unsupported,,,empirical_null_unvalidated_reference_law,37.0,,
C08,binary_perfect_4c,binary_template,binary,80.0,100.0,4.0,,unsupported,,,empirical_null_unvalidated_reference_law,74.0,,
C08,binary_perfect_8c,binary_template,binary,160.0,200.0,8.0,,unsupported,,,empirical_null_unvalidated_reference_law,146.0,,
C08,binary_unbalanced_low,binary_template,binary,100.0,150.0,4.0,,execution_error,,,,,,merge distances must be nondecreasing to compute branch lengths.
C08,binary_unbalanced_med,binary_template,binary,150.0,200.0,6.0,,execution_error,,,,,,merge distances must be nondecreasing to compute branch lengths.
C08,cat_clear_3cat_4c,categorical_multinomial,categorical_one_hot,100.0,150.0,4.0,,execution_error,,,,,,merge distances must be nondecreasing to compute branch lengths.
C08,cat_clear_4cat_4c,categorical_multinomial,categorical_one_hot,100.0,200.0,4.0,,execution_error,,,,,,merge distances must be nondecreasing to compute branch lengths.
C08,cat_clear_5cat_6c,categorical_multinomial,categorical_one_hot,150.0,400.0,6.0,,execution_error,,,,,,merge distances must be nondecreasing to compute branch lengths.
C08,cat_dirichlet_overdispersed_20cat,categorical_dirichlet_multinomial,categorical_one_hot,240.0,1200.0,4.0,,execution_error,,,,,,merge distances must be nondecreasing to compute branch lengths.
C08,cat_highcard_10cat_4c,categorical_multinomial,categorical_one_hot,200.0,500.0,4.0,,execution_error,,,,,,merge distances must be nondecreasing to compute branch lengths.
C08,cat_highcard_20cat_4c,categorical_multinomial,categorical_one_hot,200.0,800.0,4.0,,execution_error,,,,,,merge distances must be nondecreasing to compute branch lengths.
C08,cat_highd_3cat_500feat,categorical_multinomial,categorical_one_hot,200.0,1500.0,4.0,,execution_error,,,,,,merge distances must be nondecreasing to compute branch lengths.
C08,cat_highd_4cat_1000feat,categorical_multinomial,categorical_one_hot,300.0,4000.0,6.0,,execution_error,,,,,,merge distances must be nondecreasing to compute branch lengths.
C08,cat_mod_3cat_4c,categorical_multinomial,categorical_one_hot,120.0,180.0,4.0,,execution_error,,,,,,merge distances must be nondecreasing to compute branch lengths.
C08,cat_mod_4cat_6c,categorical_multinomial,categorical_one_hot,180.0,400.0,6.0,,execution_error,,,,,,merge distances must be nondecreasing to compute branch lengths.
C08,cat_overlap_3cat_4c,categorical_multinomial,categorical_one_hot,400.0,300.0,4.0,,execution_error,,,,,,merge distances must be nondecreasing to compute branch lengths.
C08,cat_simplex_face_rare_20cat,categorical_dirichlet_multinomial,categorical_one_hot,240.0,1200.0,4.0,,execution_error,,,,,,merge distances must be nondecreasing to compute branch lengths.
C08,cat_unbal_3cat_4c,categorical_multinomial,categorical_one_hot,150.0,180.0,4.0,,execution_error,,,,,,merge distances must be nondecreasing to compute branch lengths.
C08,cont_lowrank_pggn_shrinkage,continuous_low_rank_factor,continuous,80.0,2000.0,4.0,1.0,ok,0.0,0.0,,,,
C08,dim_consolidated_4c_24f,dimensional_gaussian,median_binary,160.0,24.0,4.0,,execution_error,,,,,,merge distances must be nondecreasing to compute branch lengths.
C08,dim_consolidated_4c_24f_continuous,dimensional_gaussian,continuous,160.0,24.0,4.0,1.0,ok,0.0,0.0,,,,
C08,dim_consolidated_4c_272f,dimensional_gaussian,median_binary,160.0,272.0,4.0,,execution_error,,,,,,merge distances must be nondecreasing to compute branch lengths.
C08,dim_consolidated_4c_72f,dimensional_gaussian,median_binary,160.0,72.0,4.0,,execution_error,,,,,,merge distances must be nondecreasing to compute branch lengths.
C08,dim_consolidated_4c_72f_continuous,dimensional_gaussian,continuous,160.0,72.0,4.0,1.0,ok,0.0,0.0,,,,
C08,dim_diffuse_6c_136f,dimensional_gaussian,median_binary,180.0,136.0,6.0,,execution_error,,,,,,merge distances must be nondecreasing to compute branch lengths.
C08,dim_diffuse_6c_136f_continuous,dimensional_gaussian,continuous,180.0,136.0,6.0,1.0,ok,0.0,0.0,,,,
C08,dim_diffuse_6c_36f,dimensional_gaussian,median_binary,180.0,36.0,6.0,,execution_error,,,,,,merge distances must be nondecreasing to compute branch lengths.
C08,dim_diffuse_6c_536f,dimensional_gaussian,median_binary,180.0,536.0,6.0,,execution_error,,,,,,merge distances must be nondecreasing to compute branch lengths.
C08,gauss_clear_large,gaussian_blobs,median_binary,100.0,80.0,5.0,,execution_error,,,,,,merge distances must be nondecreasing to compute branch lengths.
C08,gauss_clear_medium,gaussian_blobs,median_binary,60.0,40.0,4.0,,unsupported,,,empirical_null_unvalidated_reference_law,54.0,,
C08,gauss_clear_medium_continuous,gaussian_blobs,continuous,60.0,40.0,4.0,1.0,ok,0.0,0.0,,,,
C08,gauss_clear_small,gaussian_blobs,median_binary,30.0,20.0,3.0,,unsupported,,,empirical_null_unvalidated_reference_law,27.0,,
C08,gauss_dense_signal_highd,gaussian_blobs,median_binary,40.0,20000.0,4.0,,unsupported,,,empirical_null_no_internal_support,0.0,,
C08,gauss_dense_signal_highd_continuous,gaussian_blobs,continuous,40.0,20000.0,4.0,,unsupported,,,empirical_null_no_internal_support,0.0,,
C08,gauss_extreme_noise_3c,gaussian_blobs,median_binary,30.0,30.0,3.0,,unsupported,,,empirical_null_unvalidated_reference_law,19.0,,
C08,gauss_extreme_noise_many,gaussian_blobs,median_binary,300.0,2000.0,30.0,,execution_error,,,,,,merge distances must be nondecreasing to compute branch lengths.
C08,gauss_moderate_3c,gaussian_blobs,median_binary,45.0,30.0,3.0,,execution_error,,,,,,merge distances must be nondecreasing to compute branch lengths.
C08,gauss_moderate_3c_continuous,gaussian_blobs,continuous,45.0,30.0,3.0,1.0,ok,0.0,0.0,,,,
C08,gauss_moderate_5c,gaussian_blobs,median_binary,75.0,50.0,5.0,,unsupported,,,empirical_null_unvalidated_reference_law,70.0,,
C08,gauss_noisy_3c,gaussian_blobs,median_binary,60.0,40.0,3.0,,execution_error,,,,,,merge distances must be nondecreasing to compute branch lengths.
C08,gauss_noisy_many,gaussian_blobs,median_binary,120.0,80.0,8.0,,execution_error,,,,,,merge distances must be nondecreasing to compute branch lengths.
C08,gauss_null_large,gaussian_blobs,median_binary,200.0,80.0,1.0,,execution_error,,,,,,merge distances must be nondecreasing to compute branch lengths.
C08,gauss_null_large_continuous,gaussian_blobs,continuous,200.0,80.0,1.0,1.0,ok,1.0,1.0,,,,
C08,gauss_null_small,gaussian_blobs,median_binary,60.0,30.0,1.0,,execution_error,,,,,,merge distances must be nondecreasing to compute branch lengths.
C08,gauss_outlier_cluster_4c,gaussian_outliers,median_binary,166.0,40.0,5.0,,execution_error,,,,,,merge distances must be nondecreasing to compute branch lengths.
C08,gauss_outlier_cluster_4c_continuous,gaussian_outliers,continuous,166.0,40.0,5.0,1.0,ok,0.0,0.0,,,,
C08,gauss_outlier_shell_4c,gaussian_outliers,median_binary,172.0,40.0,5.0,,execution_error,,,,,,merge distances must be nondecreasing to compute branch lengths.
C08,gauss_overlap_3c_small,gaussian_blobs,median_binary,300.0,30.0,3.0,,execution_error,,,,,,merge distances must be nondecreasing to compute branch lengths.
C08,gauss_overlap_3c_small_q3,gaussian_blobs,quantile_one_hot,300.0,90.0,3.0,,execution_error,,,,,,merge distances must be nondecreasing to compute branch lengths.
C08,gauss_overlap_3c_small_q4,gaussian_blobs,quantile_one_hot,300.0,120.0,3.0,,execution_error,,,,,,merge distances must be nondecreasing to compute branch lengths.
C08,gauss_overlap_3c_small_q5,gaussian_blobs,quantile_one_hot,300.0,150.0,3.0,,execution_error,,,,,,merge distances must be nondecreasing to compute branch lengths.
C08,gauss_overlap_4c_med,gaussian_blobs,median_binary,400.0,80.0,4.0,,execution_error,,,,,,merge distances must be nondecreasing to compute branch lengths.
C08,gauss_overlap_6c_large,gaussian_blobs,median_binary,600.0,150.0,6.0,,execution_error,,,,,,merge distances must be nondecreasing to compute branch lengths.
C08,gauss_overlap_8c_highd,gaussian_blobs,median_binary,800.0,300.0,8.0,,execution_error,,,,,,merge distances must be nondecreasing to compute branch lengths.
C08,gauss_overlap_dense_8c,gaussian_blobs,median_binary,800.0,50.0,8.0,,execution_error,,,,,,merge distances must be nondecreasing to compute branch lengths.
C08,gauss_overlap_extreme_4c,gaussian_blobs,median_binary,500.0,100.0,4.0,,execution_error,,,,,,merge distances must be nondecreasing to compute branch lengths.
C08,gauss_overlap_extreme_6c,gaussian_blobs,median_binary,600.0,200.0,6.0,,execution_error,,,,,,merge distances must be nondecreasing to compute branch lengths.
C08,gauss_overlap_many_10c,gaussian_blobs,median_binary,1000.0,150.0,10.0,,execution_error,,,,,,merge distances must be nondecreasing to compute branch lengths.
C08,gauss_single_outlier_4c,gaussian_outliers,median_binary,161.0,40.0,5.0,,execution_error,,,,,,merge distances must be nondecreasing to compute branch lengths.
C08,gauss_single_outlier_4c_continuous,gaussian_outliers,continuous,161.0,40.0,5.0,1.0,ok,0.0,0.0,,,,
C08,gauss_sparse_signal_highd_noise,dimensional_gaussian,median_binary,40.0,20000.0,4.0,,unsupported,,,empirical_null_no_internal_support,0.0,,
C08,mp_spike_above_bbp_continuous,continuous_spiked_covariance,continuous,120.0,300.0,2.0,1.0,ok,0.0,0.0,,,,
C08,mp_spike_below_bbp_continuous,continuous_spiked_covariance,continuous,120.0,300.0,1.0,1.0,ok,1.0,1.0,,,,
C08,overlap_extreme_4c,binary_template,binary,600.0,150.0,4.0,,execution_error,,,,,,merge distances must be nondecreasing to compute branch lengths.
C08,overlap_hd_4c_1k,binary_template,binary,500.0,1000.0,4.0,,execution_error,,,,,,merge distances must be nondecreasing to compute branch lengths.
C08,overlap_heavy_4c_med_feat,binary_template,binary,500.0,200.0,4.0,,execution_error,,,,,,merge distances must be nondecreasing to compute branch lengths.
C08,overlap_heavy_4c_small_feat,binary_template,binary,500.0,50.0,4.0,,execution_error,,,,,,merge distances must be nondecreasing to compute branch lengths.
C08,overlap_heavy_8c_large_feat,binary_template,binary,800.0,500.0,8.0,,execution_error,,,,,,merge distances must be nondecreasing to compute branch lengths.
C08,overlap_mod_4c_small,binary_template,binary,400.0,80.0,4.0,,execution_error,,,,,,merge distances must be nondecreasing to compute branch lengths.
C08,overlap_mod_6c_med,binary_template,binary,600.0,250.0,6.0,,execution_error,,,,,,merge distances must be nondecreasing to compute branch lengths.
C08,overlap_mod_8c_large,binary_template,binary,800.0,400.0,8.0,,execution_error,,,,,,merge distances must be nondecreasing to compute branch lengths.
C08,overlap_part_4c_small,binary_template,binary,400.0,60.0,4.0,,execution_error,,,,,,merge distances must be nondecreasing to compute branch lengths.
C08,overlap_part_6c_med,binary_template,binary,600.0,200.0,6.0,,execution_error,,,,,,merge distances must be nondecreasing to compute branch lengths.
C08,overlap_part_8c_large,binary_template,binary,800.0,350.0,8.0,,execution_error,,,,,,merge distances must be nondecreasing to compute branch lengths.
C08,overlap_unbal_4c_small,binary_template,binary,400.0,100.0,4.0,,execution_error,,,,,,merge distances must be nondecreasing to compute branch lengths.
C08,overlap_unbal_6c_med,binary_template,binary,600.0,300.0,6.0,,execution_error,,,,,,merge distances must be nondecreasing to compute branch lengths.
C08,overlap_unbal_8c_large,binary_template,binary,800.0,500.0,8.0,,execution_error,,,,,,merge distances must be nondecreasing to compute branch lengths.
C08,phylo_brownian_null_16taxa,phylogenetic_brownian,continuous,160.0,100.0,16.0,1.0,ok,0.0,0.0,,,,
C08,phylo_conserved_4taxa,phylogenetic_sequence,categorical_one_hot,100.0,400.0,4.0,,unsupported,,,empirical_null_unvalidated_reference_law,93.0,,
C08,phylo_conserved_8taxa,phylogenetic_sequence,categorical_one_hot,160.0,800.0,8.0,,unsupported,,,empirical_null_unvalidated_reference_law,152.0,,
C08,phylo_divergent_4taxa,phylogenetic_sequence,categorical_one_hot,100.0,400.0,4.0,,execution_error,,,,,,merge distances must be nondecreasing to compute branch lengths.
C08,phylo_divergent_8taxa,phylogenetic_sequence,categorical_one_hot,160.0,800.0,8.0,,unsupported,,,empirical_null_unvalidated_reference_law,118.0,,
C08,phylo_dna_16taxa_low_mut,phylogenetic_sequence,categorical_one_hot,240.0,2000.0,16.0,,unsupported,,,empirical_null_unvalidated_reference_law,88.0,,
C08,phylo_dna_4taxa_low_mut,phylogenetic_sequence,categorical_one_hot,100.0,400.0,4.0,,execution_error,,,,,,merge distances must be nondecreasing to compute branch lengths.
C08,phylo_dna_8taxa_low_mut,phylogenetic_sequence,categorical_one_hot,160.0,800.0,8.0,,execution_error,,,,,,merge distances must be nondecreasing to compute branch lengths.
C08,phylo_dna_8taxa_med_mut,phylogenetic_sequence,categorical_one_hot,160.0,800.0,8.0,,execution_error,,,,,,merge distances must be nondecreasing to compute branch lengths.
C08,phylo_large_32taxa,phylogenetic_sequence,categorical_one_hot,320.0,2000.0,32.0,,execution_error,,,,,,merge distances must be nondecreasing to compute branch lengths.
C08,phylo_large_64taxa,phylogenetic_sequence,categorical_one_hot,512.0,4000.0,64.0,,execution_error,,,,,,merge distances must be nondecreasing to compute branch lengths.
C08,phylo_protein_12taxa,phylogenetic_sequence,categorical_one_hot,180.0,3000.0,12.0,,unsupported,,,empirical_null_unvalidated_reference_law,100.0,,
C08,phylo_protein_4taxa,phylogenetic_sequence,categorical_one_hot,120.0,1000.0,4.0,,execution_error,,,,,,merge distances must be nondecreasing to compute branch lengths.
C08,phylo_protein_8taxa,phylogenetic_sequence,categorical_one_hot,160.0,2000.0,8.0,,execution_error,,,,,,merge distances must be nondecreasing to compute branch lengths.
C08,sbm_clear_small,stochastic_block_model,graph_adjacency,60.0,60.0,2.0,,execution_error,,,,,,merge distances must be nondecreasing to compute branch lengths.
C08,sbm_hard,stochastic_block_model,graph_adjacency,120.0,120.0,3.0,,execution_error,,,,,,merge distances must be nondecreasing to compute branch lengths.
C08,sbm_moderate,stochastic_block_model,graph_adjacency,120.0,120.0,3.0,,execution_error,,,,,,merge distances must be nondecreasing to compute branch lengths.
C08,sparse_features_100x500,binary_template,binary,100.0,500.0,4.0,,execution_error,,,,,,merge distances must be nondecreasing to compute branch lengths.
C08,sparse_features_72x72,binary_template,binary,72.0,72.0,4.0,,execution_error,,,,,,merge distances must be nondecreasing to compute branch lengths.
C08,support_selected_only_fail_closed,binary_selected_nonnull_only,binary,160.0,500.0,4.0,,execution_error,,,,,,merge distances must be nondecreasing to compute branch lengths.
C08,traversal_deep_branch_recovery_stress,planted_hierarchy_binary,binary,240.0,480.0,6.0,,execution_error,,,,,,merge distances must be nondecreasing to compute branch lengths.
C08,traversal_deep_signal_under_same_parent,planted_hierarchy_binary,binary,240.0,300.0,6.0,,execution_error,,,,,,merge distances must be nondecreasing to compute branch lengths.
C09,bar_binary_balanced_4c,binary_template,binary,160.0,200.0,4.0,,unsupported,,,empirical_null_no_internal_support,0.0,,
C09,bar_binary_unbalanced_95_5,binary_template,binary,200.0,200.0,4.0,,unsupported,,,empirical_null_unvalidated_reference_law,25.0,,
C09,binary_2clusters,binary_template,binary,50.0,60.0,2.0,,unsupported,,,empirical_null_unvalidated_reference_law,47.0,,
C09,binary_balanced_low_noise,binary_template,binary,72.0,72.0,4.0,,unsupported,,,empirical_null_unvalidated_reference_law,37.0,,
C09,binary_balanced_low_noise__2,binary_template,binary,72.0,120.0,4.0,,unsupported,,,empirical_null_unvalidated_reference_law,34.0,,
C09,binary_hard_4c,binary_template,binary,100.0,200.0,4.0,,unsupported,,,empirical_null_unvalidated_reference_law,48.0,,
C09,binary_hard_8c,binary_template,binary,280.0,400.0,8.0,,unsupported,,,empirical_null_unvalidated_reference_law,108.0,,
C09,binary_low_noise_12c,binary_template,binary,240.0,300.0,12.0,,unsupported,,,empirical_null_unvalidated_reference_law,139.0,,
C09,binary_low_noise_2c,binary_template,binary,40.0,50.0,2.0,,unsupported,,,empirical_null_unvalidated_reference_law,32.0,,
C09,binary_low_noise_4c,binary_template,binary,80.0,100.0,4.0,,unsupported,,,empirical_null_unvalidated_reference_law,67.0,,
C09,binary_low_noise_8c,binary_template,binary,160.0,200.0,8.0,,unsupported,,,empirical_null_unvalidated_reference_law,121.0,,
C09,binary_many_clusters,binary_template,binary,300.0,400.0,15.0,,unsupported,,,empirical_null_unvalidated_reference_law,143.0,,
C09,binary_many_features,binary_template,binary,100.0,2000.0,4.0,,unsupported,,,empirical_null_no_internal_support,0.0,,
C09,binary_moderate_4c,binary_template,binary,80.0,100.0,4.0,,unsupported,,,empirical_null_unvalidated_reference_law,48.0,,
C09,binary_moderate_6c,binary_template,binary,120.0,150.0,6.0,,unsupported,,,empirical_null_unvalidated_reference_law,68.0,,
C09,binary_moderate_8c,binary_template,binary,200.0,250.0,8.0,,unsupported,,,empirical_null_unvalidated_reference_law,128.0,,
C09,binary_multiscale_4c,binary_template,binary,120.0,160.0,4.0,,unsupported,,,empirical_null_unvalidated_reference_law,69.0,,
C09,binary_multiscale_6c,binary_template,binary,180.0,240.0,6.0,,unsupported,,,empirical_null_unvalidated_reference_law,174.0,,
C09,binary_noise_feat_30i_500n,binary_template,binary,100.0,1030.0,3.0,,unsupported,,,empirical_null_unvalidated_reference_law,5.0,,
C09,binary_noise_feat_50i_200n,binary_template,binary,120.0,450.0,4.0,,unsupported,,,empirical_null_unvalidated_reference_law,33.0,,
C09,binary_noise_feat_80i_400n,binary_template,binary,160.0,880.0,6.0,,unsupported,,,empirical_null_unvalidated_reference_law,15.0,,
C09,binary_null_medium,binary_template,binary,200.0,150.0,1.0,1.0,ok,1.0,1.0,,,,
C09,binary_null_small,binary_template,binary,60.0,80.0,1.0,1.0,ok,1.0,1.0,,,,
C09,binary_perfect_2c,binary_template,binary,40.0,50.0,2.0,,unsupported,,,empirical_null_unvalidated_reference_law,37.0,,
C09,binary_perfect_4c,binary_template,binary,80.0,100.0,4.0,,unsupported,,,empirical_null_unvalidated_reference_law,74.0,,
C09,binary_perfect_8c,binary_template,binary,160.0,200.0,8.0,,unsupported,,,empirical_null_unvalidated_reference_law,146.0,,
C09,binary_unbalanced_low,binary_template,binary,100.0,150.0,4.0,,unsupported,,,empirical_null_unvalidated_reference_law,89.0,,
C09,binary_unbalanced_med,binary_template,binary,150.0,200.0,6.0,,unsupported,,,empirical_null_unvalidated_reference_law,108.0,,
C09,cat_clear_3cat_4c,categorical_multinomial,categorical_one_hot,100.0,150.0,4.0,,unsupported,,,empirical_null_unvalidated_reference_law,46.0,,
C09,cat_clear_4cat_4c,categorical_multinomial,categorical_one_hot,100.0,200.0,4.0,,unsupported,,,empirical_null_unvalidated_reference_law,58.0,,
C09,cat_clear_5cat_6c,categorical_multinomial,categorical_one_hot,150.0,400.0,6.0,,unsupported,,,empirical_null_unvalidated_reference_law,72.0,,
C09,cat_dirichlet_overdispersed_20cat,categorical_dirichlet_multinomial,categorical_one_hot,240.0,1200.0,4.0,,unsupported,,,empirical_null_unvalidated_reference_law,41.0,,
C09,cat_highcard_10cat_4c,categorical_multinomial,categorical_one_hot,200.0,500.0,4.0,,unsupported,,,empirical_null_unvalidated_reference_law,53.0,,
C09,cat_highcard_20cat_4c,categorical_multinomial,categorical_one_hot,200.0,800.0,4.0,,unsupported,,,empirical_null_unvalidated_reference_law,11.0,,
C09,cat_highd_3cat_500feat,categorical_multinomial,categorical_one_hot,200.0,1500.0,4.0,,unsupported,,,empirical_null_unvalidated_reference_law,49.0,,
C09,cat_highd_4cat_1000feat,categorical_multinomial,categorical_one_hot,300.0,4000.0,6.0,,unsupported,,,empirical_null_unvalidated_reference_law,8.0,,
C09,cat_mod_3cat_4c,categorical_multinomial,categorical_one_hot,120.0,180.0,4.0,,unsupported,,,empirical_null_unvalidated_reference_law,78.0,,
C09,cat_mod_4cat_6c,categorical_multinomial,categorical_one_hot,180.0,400.0,6.0,,unsupported,,,empirical_null_unvalidated_reference_law,59.0,,
C09,cat_overlap_3cat_4c,categorical_multinomial,categorical_one_hot,400.0,300.0,4.0,,unsupported,,,empirical_null_unvalidated_reference_law,44.0,,
C09,cat_simplex_face_rare_20cat,categorical_dirichlet_multinomial,categorical_one_hot,240.0,1200.0,4.0,,unsupported,,,empirical_null_unvalidated_reference_law,46.0,,
C09,cat_unbal_3cat_4c,categorical_multinomial,categorical_one_hot,150.0,180.0,4.0,,unsupported,,,empirical_null_unvalidated_reference_law,82.0,,
C09,cont_lowrank_pggn_shrinkage,continuous_low_rank_factor,continuous,80.0,2000.0,4.0,,unsupported,,,empirical_null_unvalidated_reference_law,72.0,,
C09,dim_consolidated_4c_24f,dimensional_gaussian,median_binary,160.0,24.0,4.0,,unsupported,,,empirical_null_unvalidated_reference_law,129.0,,
C09,dim_consolidated_4c_24f_continuous,dimensional_gaussian,continuous,160.0,24.0,4.0,1.0,ok,0.0,0.0,,,,
C09,dim_consolidated_4c_272f,dimensional_gaussian,median_binary,160.0,272.0,4.0,,unsupported,,,empirical_null_no_internal_support,0.0,,
C09,dim_consolidated_4c_72f,dimensional_gaussian,median_binary,160.0,72.0,4.0,,unsupported,,,empirical_null_unvalidated_reference_law,21.0,,
C09,dim_consolidated_4c_72f_continuous,dimensional_gaussian,continuous,160.0,72.0,4.0,1.0,ok,0.0,0.0,,,,
C09,dim_diffuse_6c_136f,dimensional_gaussian,median_binary,180.0,136.0,6.0,,unsupported,,,empirical_null_unvalidated_reference_law,17.0,,
C09,dim_diffuse_6c_136f_continuous,dimensional_gaussian,continuous,180.0,136.0,6.0,1.0,ok,0.0,0.0,,,,
C09,dim_diffuse_6c_36f,dimensional_gaussian,median_binary,180.0,36.0,6.0,,unsupported,,,empirical_null_unvalidated_reference_law,82.0,,
C09,dim_diffuse_6c_536f,dimensional_gaussian,median_binary,180.0,536.0,6.0,,unsupported,,,empirical_null_unvalidated_reference_law,66.0,,
C09,gauss_clear_large,gaussian_blobs,median_binary,100.0,80.0,5.0,,unsupported,,,empirical_null_unvalidated_reference_law,91.0,,
C09,gauss_clear_medium,gaussian_blobs,median_binary,60.0,40.0,4.0,,unsupported,,,empirical_null_unvalidated_reference_law,54.0,,
C09,gauss_clear_medium_continuous,gaussian_blobs,continuous,60.0,40.0,4.0,1.0,ok,0.0,0.0,,,,
C09,gauss_clear_small,gaussian_blobs,median_binary,30.0,20.0,3.0,,unsupported,,,empirical_null_unvalidated_reference_law,27.0,,
C09,gauss_dense_signal_highd,gaussian_blobs,median_binary,40.0,20000.0,4.0,,unsupported,,,empirical_null_no_internal_support,0.0,,
C09,gauss_dense_signal_highd_continuous,gaussian_blobs,continuous,40.0,20000.0,4.0,,unsupported,,,empirical_null_no_internal_support,0.0,,
C09,gauss_extreme_noise_3c,gaussian_blobs,median_binary,30.0,30.0,3.0,,unsupported,,,empirical_null_unvalidated_reference_law,20.0,,
C09,gauss_extreme_noise_many,gaussian_blobs,median_binary,300.0,2000.0,30.0,,unsupported,,,empirical_null_unvalidated_reference_law,16.0,,
C09,gauss_moderate_3c,gaussian_blobs,median_binary,45.0,30.0,3.0,,unsupported,,,empirical_null_unvalidated_reference_law,40.0,,
C09,gauss_moderate_3c_continuous,gaussian_blobs,continuous,45.0,30.0,3.0,1.0,ok,0.0,0.0,,,,
C09,gauss_moderate_5c,gaussian_blobs,median_binary,75.0,50.0,5.0,,unsupported,,,empirical_null_unvalidated_reference_law,68.0,,
C09,gauss_noisy_3c,gaussian_blobs,median_binary,60.0,40.0,3.0,,unsupported,,,empirical_null_unvalidated_reference_law,37.0,,
C09,gauss_noisy_many,gaussian_blobs,median_binary,120.0,80.0,8.0,,unsupported,,,empirical_null_unvalidated_reference_law,94.0,,
C09,gauss_null_large,gaussian_blobs,median_binary,200.0,80.0,1.0,,unsupported,,,empirical_null_unvalidated_reference_law,75.0,,
C09,gauss_null_large_continuous,gaussian_blobs,continuous,200.0,80.0,1.0,1.0,ok,1.0,1.0,,,,
C09,gauss_null_small,gaussian_blobs,median_binary,60.0,30.0,1.0,,unsupported,,,empirical_null_unvalidated_reference_law,31.0,,
C09,gauss_outlier_cluster_4c,gaussian_outliers,median_binary,166.0,40.0,5.0,,unsupported,,,empirical_null_unvalidated_reference_law,149.0,,
C09,gauss_outlier_cluster_4c_continuous,gaussian_outliers,continuous,166.0,40.0,5.0,1.0,ok,0.0,0.0,,,,
C09,gauss_outlier_shell_4c,gaussian_outliers,median_binary,172.0,40.0,5.0,,unsupported,,,empirical_null_unvalidated_reference_law,153.0,,
C09,gauss_overlap_3c_small,gaussian_blobs,median_binary,300.0,30.0,3.0,,unsupported,,,empirical_null_unvalidated_reference_law,256.0,,
C09,gauss_overlap_3c_small_q3,gaussian_blobs,quantile_one_hot,300.0,90.0,3.0,,unsupported,,,empirical_null_unvalidated_reference_law,182.0,,
C09,gauss_overlap_3c_small_q4,gaussian_blobs,quantile_one_hot,300.0,120.0,3.0,,unsupported,,,empirical_null_unvalidated_reference_law,144.0,,
C09,gauss_overlap_3c_small_q5,gaussian_blobs,quantile_one_hot,300.0,150.0,3.0,,unsupported,,,empirical_null_unvalidated_reference_law,135.0,,
C09,gauss_overlap_4c_med,gaussian_blobs,median_binary,400.0,80.0,4.0,,unsupported,,,empirical_null_unvalidated_reference_law,314.0,,
C09,gauss_overlap_6c_large,gaussian_blobs,median_binary,600.0,150.0,6.0,,unsupported,,,empirical_null_unvalidated_reference_law,467.0,,
C09,gauss_overlap_8c_highd,gaussian_blobs,median_binary,800.0,300.0,8.0,,unsupported,,,empirical_null_unvalidated_reference_law,504.0,,
C09,gauss_overlap_dense_8c,gaussian_blobs,median_binary,800.0,50.0,8.0,,unsupported,,,empirical_null_unvalidated_reference_law,734.0,,
C09,gauss_overlap_extreme_4c,gaussian_blobs,median_binary,500.0,100.0,4.0,,unsupported,,,empirical_null_unvalidated_reference_law,355.0,,
C09,gauss_overlap_extreme_6c,gaussian_blobs,median_binary,600.0,200.0,6.0,,unsupported,,,empirical_null_unvalidated_reference_law,388.0,,
C09,gauss_overlap_many_10c,gaussian_blobs,median_binary,1000.0,150.0,10.0,,unsupported,,,empirical_null_unvalidated_reference_law,926.0,,
C09,gauss_single_outlier_4c,gaussian_outliers,median_binary,161.0,40.0,5.0,,unsupported,,,empirical_null_unvalidated_reference_law,151.0,,
C09,gauss_single_outlier_4c_continuous,gaussian_outliers,continuous,161.0,40.0,5.0,1.0,ok,0.0,0.0,,,,
C09,gauss_sparse_signal_highd_noise,dimensional_gaussian,median_binary,40.0,20000.0,4.0,,unsupported,,,empirical_null_no_internal_support,0.0,,
C09,mp_spike_above_bbp_continuous,continuous_spiked_covariance,continuous,120.0,300.0,2.0,1.0,ok,0.0,0.0,,,,
C09,mp_spike_below_bbp_continuous,continuous_spiked_covariance,continuous,120.0,300.0,1.0,1.0,ok,1.0,1.0,,,,
C09,overlap_extreme_4c,binary_template,binary,600.0,150.0,4.0,,unsupported,,,empirical_null_unvalidated_reference_law,352.0,,
C09,overlap_hd_4c_1k,binary_template,binary,500.0,1000.0,4.0,,unsupported,,,empirical_null_unvalidated_reference_law,91.0,,
C09,overlap_heavy_4c_med_feat,binary_template,binary,500.0,200.0,4.0,,unsupported,,,empirical_null_unvalidated_reference_law,95.0,,
C09,overlap_heavy_4c_small_feat,binary_template,binary,500.0,50.0,4.0,,unsupported,,,empirical_null_unvalidated_reference_law,146.0,,
C09,overlap_heavy_8c_large_feat,binary_template,binary,800.0,500.0,8.0,,unsupported,,,empirical_null_no_internal_support,0.0,,
C09,overlap_mod_4c_small,binary_template,binary,400.0,80.0,4.0,,unsupported,,,empirical_null_unvalidated_reference_law,176.0,,
C09,overlap_mod_6c_med,binary_template,binary,600.0,250.0,6.0,,unsupported,,,empirical_null_unvalidated_reference_law,411.0,,
C09,overlap_mod_8c_large,binary_template,binary,800.0,400.0,8.0,,unsupported,,,empirical_null_unvalidated_reference_law,566.0,,
C09,overlap_part_4c_small,binary_template,binary,400.0,60.0,4.0,,unsupported,,,empirical_null_unvalidated_reference_law,222.0,,
C09,overlap_part_6c_med,binary_template,binary,600.0,200.0,6.0,,unsupported,,,empirical_null_unvalidated_reference_law,294.0,,
C09,overlap_part_8c_large,binary_template,binary,800.0,350.0,8.0,,unsupported,,,empirical_null_unvalidated_reference_law,665.0,,
C09,overlap_unbal_4c_small,binary_template,binary,400.0,100.0,4.0,,unsupported,,,empirical_null_unvalidated_reference_law,58.0,,
C09,overlap_unbal_6c_med,binary_template,binary,600.0,300.0,6.0,,unsupported,,,empirical_null_unvalidated_reference_law,308.0,,
C09,overlap_unbal_8c_large,binary_template,binary,800.0,500.0,8.0,,unsupported,,,empirical_null_unvalidated_reference_law,508.0,,
C09,phylo_brownian_null_16taxa,phylogenetic_brownian,continuous,160.0,100.0,16.0,1.0,ok,0.0,0.0,,,,
C09,phylo_conserved_4taxa,phylogenetic_sequence,categorical_one_hot,100.0,400.0,4.0,,unsupported,,,empirical_null_unvalidated_reference_law,95.0,,
C09,phylo_conserved_8taxa,phylogenetic_sequence,categorical_one_hot,160.0,800.0,8.0,,unsupported,,,empirical_null_unvalidated_reference_law,152.0,,
C09,phylo_divergent_4taxa,phylogenetic_sequence,categorical_one_hot,100.0,400.0,4.0,,unsupported,,,empirical_null_unvalidated_reference_law,64.0,,
C09,phylo_divergent_8taxa,phylogenetic_sequence,categorical_one_hot,160.0,800.0,8.0,,unsupported,,,empirical_null_unvalidated_reference_law,119.0,,
C09,phylo_dna_16taxa_low_mut,phylogenetic_sequence,categorical_one_hot,240.0,2000.0,16.0,,unsupported,,,empirical_null_unvalidated_reference_law,94.0,,
C09,phylo_dna_4taxa_low_mut,phylogenetic_sequence,categorical_one_hot,100.0,400.0,4.0,,unsupported,,,empirical_null_unvalidated_reference_law,96.0,,
C09,phylo_dna_8taxa_low_mut,phylogenetic_sequence,categorical_one_hot,160.0,800.0,8.0,,unsupported,,,empirical_null_unvalidated_reference_law,138.0,,
C09,phylo_dna_8taxa_med_mut,phylogenetic_sequence,categorical_one_hot,160.0,800.0,8.0,,unsupported,,,empirical_null_unvalidated_reference_law,134.0,,
C09,phylo_large_32taxa,phylogenetic_sequence,categorical_one_hot,320.0,2000.0,32.0,,unsupported,,,empirical_null_unvalidated_reference_law,162.0,,
C09,phylo_large_64taxa,phylogenetic_sequence,categorical_one_hot,512.0,4000.0,64.0,,unsupported,,,empirical_null_unvalidated_reference_law,65.0,,
C09,phylo_protein_12taxa,phylogenetic_sequence,categorical_one_hot,180.0,3000.0,12.0,,unsupported,,,empirical_null_unvalidated_reference_law,83.0,,
C09,phylo_protein_4taxa,phylogenetic_sequence,categorical_one_hot,120.0,1000.0,4.0,,unsupported,,,empirical_null_unvalidated_reference_law,116.0,,
C09,phylo_protein_8taxa,phylogenetic_sequence,categorical_one_hot,160.0,2000.0,8.0,,unsupported,,,empirical_null_unvalidated_reference_law,140.0,,
C09,sbm_clear_small,stochastic_block_model,graph_adjacency,60.0,60.0,2.0,,unsupported,,,empirical_null_unvalidated_reference_law,58.0,,
C09,sbm_hard,stochastic_block_model,graph_adjacency,120.0,120.0,3.0,1.0,ok,0.0,0.0,,,,
C09,sbm_moderate,stochastic_block_model,graph_adjacency,120.0,120.0,3.0,,unsupported,,,empirical_null_unvalidated_reference_law,113.0,,
C09,sparse_features_100x500,binary_template,binary,100.0,500.0,4.0,,unsupported,,,empirical_null_unvalidated_reference_law,48.0,,
C09,sparse_features_72x72,binary_template,binary,72.0,72.0,4.0,,unsupported,,,empirical_null_unvalidated_reference_law,59.0,,
C09,support_selected_only_fail_closed,binary_selected_nonnull_only,binary,160.0,500.0,4.0,,unsupported,,,empirical_null_no_internal_support,0.0,,
C09,traversal_deep_branch_recovery_stress,planted_hierarchy_binary,binary,240.0,480.0,6.0,,unsupported,,,empirical_null_unvalidated_reference_law,101.0,,
C09,traversal_deep_signal_under_same_parent,planted_hierarchy_binary,binary,240.0,300.0,6.0,,unsupported,,,empirical_null_no_internal_support,0.0,,
C10,bar_binary_balanced_4c,binary_template,binary,160.0,200.0,4.0,,unsupported,,,empirical_null_unvalidated_reference_law,158.0,,
C10,bar_binary_unbalanced_95_5,binary_template,binary,200.0,200.0,4.0,,unsupported,,,empirical_null_unvalidated_reference_law,192.0,,
C10,binary_2clusters,binary_template,binary,50.0,60.0,2.0,,unsupported,,,empirical_null_unvalidated_reference_law,32.0,,
C10,binary_balanced_low_noise,binary_template,binary,72.0,72.0,4.0,,unsupported,,,empirical_null_unvalidated_reference_law,57.0,,
C10,binary_balanced_low_noise__2,binary_template,binary,72.0,120.0,4.0,,unsupported,,,empirical_null_unvalidated_reference_law,38.0,,
C10,binary_hard_4c,binary_template,binary,100.0,200.0,4.0,,unsupported,,,empirical_null_unvalidated_reference_law,24.0,,
C10,binary_hard_8c,binary_template,binary,280.0,400.0,8.0,,unsupported,,,empirical_null_unvalidated_reference_law,156.0,,
C10,binary_low_noise_12c,binary_template,binary,240.0,300.0,12.0,,unsupported,,,empirical_null_unvalidated_reference_law,85.0,,
C10,binary_low_noise_2c,binary_template,binary,40.0,50.0,2.0,,unsupported,,,empirical_null_unvalidated_reference_law,35.0,,
C10,binary_low_noise_4c,binary_template,binary,80.0,100.0,4.0,,unsupported,,,empirical_null_unvalidated_reference_law,49.0,,
C10,binary_low_noise_8c,binary_template,binary,160.0,200.0,8.0,,unsupported,,,empirical_null_unvalidated_reference_law,63.0,,
C10,binary_many_clusters,binary_template,binary,300.0,400.0,15.0,,unsupported,,,empirical_null_unvalidated_reference_law,115.0,,
C10,binary_many_features,binary_template,binary,100.0,2000.0,4.0,,unsupported,,,empirical_null_unvalidated_reference_law,22.0,,
C10,binary_moderate_4c,binary_template,binary,80.0,100.0,4.0,,unsupported,,,empirical_null_unvalidated_reference_law,55.0,,
C10,binary_moderate_6c,binary_template,binary,120.0,150.0,6.0,,unsupported,,,empirical_null_unvalidated_reference_law,57.0,,
C10,binary_moderate_8c,binary_template,binary,200.0,250.0,8.0,,unsupported,,,empirical_null_unvalidated_reference_law,116.0,,
C10,binary_multiscale_4c,binary_template,binary,120.0,160.0,4.0,,unsupported,,,empirical_null_unvalidated_reference_law,90.0,,
C10,binary_multiscale_6c,binary_template,binary,180.0,240.0,6.0,,unsupported,,,empirical_null_unvalidated_reference_law,153.0,,
C10,binary_noise_feat_30i_500n,binary_template,binary,100.0,1030.0,3.0,,unsupported,,,empirical_null_unvalidated_reference_law,57.0,,
C10,binary_noise_feat_50i_200n,binary_template,binary,120.0,450.0,4.0,,unsupported,,,empirical_null_unvalidated_reference_law,40.0,,
C10,binary_noise_feat_80i_400n,binary_template,binary,160.0,880.0,6.0,,unsupported,,,empirical_null_unvalidated_reference_law,15.0,,
C10,binary_null_medium,binary_template,binary,200.0,150.0,1.0,1.0,ok,1.0,1.0,,,,
C10,binary_null_small,binary_template,binary,60.0,80.0,1.0,,execution_error,,,,,,MAD rooting requires positive distances between leaf pairs.
C10,binary_perfect_2c,binary_template,binary,40.0,50.0,2.0,,unsupported,,,empirical_null_unvalidated_reference_law,37.0,,
C10,binary_perfect_4c,binary_template,binary,80.0,100.0,4.0,,unsupported,,,empirical_null_unvalidated_reference_law,74.0,,
C10,binary_perfect_8c,binary_template,binary,160.0,200.0,8.0,,unsupported,,,empirical_null_unvalidated_reference_law,146.0,,
C10,binary_unbalanced_low,binary_template,binary,100.0,150.0,4.0,,unsupported,,,empirical_null_unvalidated_reference_law,66.0,,
C10,binary_unbalanced_med,binary_template,binary,150.0,200.0,6.0,,unsupported,,,empirical_null_unvalidated_reference_law,87.0,,
C10,cat_clear_3cat_4c,categorical_multinomial,categorical_one_hot,100.0,150.0,4.0,,unsupported,,,empirical_null_unvalidated_reference_law,96.0,,
C10,cat_clear_4cat_4c,categorical_multinomial,categorical_one_hot,100.0,200.0,4.0,,unsupported,,,empirical_null_unvalidated_reference_law,90.0,,
C10,cat_clear_5cat_6c,categorical_multinomial,categorical_one_hot,150.0,400.0,6.0,,unsupported,,,empirical_null_unvalidated_reference_law,99.0,,
C10,cat_dirichlet_overdispersed_20cat,categorical_dirichlet_multinomial,categorical_one_hot,240.0,1200.0,4.0,,unsupported,,,empirical_null_unvalidated_reference_law,74.0,,
C10,cat_highcard_10cat_4c,categorical_multinomial,categorical_one_hot,200.0,500.0,4.0,,unsupported,,,empirical_null_unvalidated_reference_law,177.0,,
C10,cat_highcard_20cat_4c,categorical_multinomial,categorical_one_hot,200.0,800.0,4.0,,unsupported,,,empirical_null_unvalidated_reference_law,197.0,,
C10,cat_highd_3cat_500feat,categorical_multinomial,categorical_one_hot,200.0,1500.0,4.0,,unsupported,,,empirical_null_unvalidated_reference_law,80.0,,
C10,cat_highd_4cat_1000feat,categorical_multinomial,categorical_one_hot,300.0,4000.0,6.0,,unsupported,,,empirical_null_unvalidated_reference_law,89.0,,
C10,cat_mod_3cat_4c,categorical_multinomial,categorical_one_hot,120.0,180.0,4.0,,unsupported,,,empirical_null_unvalidated_reference_law,103.0,,
C10,cat_mod_4cat_6c,categorical_multinomial,categorical_one_hot,180.0,400.0,6.0,,unsupported,,,empirical_null_unvalidated_reference_law,132.0,,
C10,cat_overlap_3cat_4c,categorical_multinomial,categorical_one_hot,400.0,300.0,4.0,,unsupported,,,empirical_null_unvalidated_reference_law,395.0,,
C10,cat_simplex_face_rare_20cat,categorical_dirichlet_multinomial,categorical_one_hot,240.0,1200.0,4.0,,unsupported,,,empirical_null_unvalidated_reference_law,217.0,,
C10,cat_unbal_3cat_4c,categorical_multinomial,categorical_one_hot,150.0,180.0,4.0,,unsupported,,,empirical_null_unvalidated_reference_law,136.0,,
C10,cont_lowrank_pggn_shrinkage,continuous_low_rank_factor,continuous,80.0,2000.0,4.0,,execution_error,,,,,,MAD rooting requires positive distances between leaf pairs.
C10,dim_consolidated_4c_24f,dimensional_gaussian,median_binary,160.0,24.0,4.0,,unsupported,,,empirical_null_unvalidated_reference_law,147.0,,
C10,dim_consolidated_4c_24f_continuous,dimensional_gaussian,continuous,160.0,24.0,4.0,,execution_error,,,,,,MAD rooting requires positive distances between leaf pairs.
C10,dim_consolidated_4c_272f,dimensional_gaussian,median_binary,160.0,272.0,4.0,,unsupported,,,empirical_null_unvalidated_reference_law,141.0,,
C10,dim_consolidated_4c_72f,dimensional_gaussian,median_binary,160.0,72.0,4.0,,unsupported,,,empirical_null_unvalidated_reference_law,111.0,,
C10,dim_consolidated_4c_72f_continuous,dimensional_gaussian,continuous,160.0,72.0,4.0,,execution_error,,,,,,MAD rooting requires positive distances between leaf pairs.
C10,dim_diffuse_6c_136f,dimensional_gaussian,median_binary,180.0,136.0,6.0,,unsupported,,,empirical_null_unvalidated_reference_law,63.0,,
C10,dim_diffuse_6c_136f_continuous,dimensional_gaussian,continuous,180.0,136.0,6.0,,execution_error,,,,,,MAD rooting requires positive distances between leaf pairs.
C10,dim_diffuse_6c_36f,dimensional_gaussian,median_binary,180.0,36.0,6.0,,unsupported,,,empirical_null_unvalidated_reference_law,153.0,,
C10,dim_diffuse_6c_536f,dimensional_gaussian,median_binary,180.0,536.0,6.0,,unsupported,,,empirical_null_unvalidated_reference_law,136.0,,
C10,gauss_clear_large,gaussian_blobs,median_binary,100.0,80.0,5.0,,unsupported,,,empirical_null_unvalidated_reference_law,88.0,,
C10,gauss_clear_medium,gaussian_blobs,median_binary,60.0,40.0,4.0,,unsupported,,,empirical_null_unvalidated_reference_law,54.0,,
C10,gauss_clear_medium_continuous,gaussian_blobs,continuous,60.0,40.0,4.0,,execution_error,,,,,,MAD rooting requires positive distances between leaf pairs.
C10,gauss_clear_small,gaussian_blobs,median_binary,30.0,20.0,3.0,,unsupported,,,empirical_null_unvalidated_reference_law,27.0,,
C10,gauss_dense_signal_highd,gaussian_blobs,median_binary,40.0,20000.0,4.0,,execution_error,,,,,,MAD rooting requires positive distances between leaf pairs.
C10,gauss_dense_signal_highd_continuous,gaussian_blobs,continuous,40.0,20000.0,4.0,,execution_error,,,,,,MAD rooting requires positive distances between leaf pairs.
C10,gauss_extreme_noise_3c,gaussian_blobs,median_binary,30.0,30.0,3.0,,unsupported,,,empirical_null_unvalidated_reference_law,19.0,,
C10,gauss_extreme_noise_many,gaussian_blobs,median_binary,300.0,2000.0,30.0,,unsupported,,,empirical_null_unvalidated_reference_law,14.0,,
C10,gauss_moderate_3c,gaussian_blobs,median_binary,45.0,30.0,3.0,,unsupported,,,empirical_null_unvalidated_reference_law,41.0,,
C10,gauss_moderate_3c_continuous,gaussian_blobs,continuous,45.0,30.0,3.0,,execution_error,,,,,,MAD rooting requires positive distances between leaf pairs.
C10,gauss_moderate_5c,gaussian_blobs,median_binary,75.0,50.0,5.0,,unsupported,,,empirical_null_unvalidated_reference_law,60.0,,
C10,gauss_noisy_3c,gaussian_blobs,median_binary,60.0,40.0,3.0,,unsupported,,,empirical_null_unvalidated_reference_law,53.0,,
C10,gauss_noisy_many,gaussian_blobs,median_binary,120.0,80.0,8.0,,unsupported,,,empirical_null_unvalidated_reference_law,94.0,,
C10,gauss_null_large,gaussian_blobs,median_binary,200.0,80.0,1.0,,unsupported,,,empirical_null_unvalidated_reference_law,13.0,,
C10,gauss_null_large_continuous,gaussian_blobs,continuous,200.0,80.0,1.0,,execution_error,,,,,,MAD rooting requires positive distances between leaf pairs.
C10,gauss_null_small,gaussian_blobs,median_binary,60.0,30.0,1.0,,unsupported,,,empirical_null_unvalidated_reference_law,54.0,,
C10,gauss_outlier_cluster_4c,gaussian_outliers,median_binary,166.0,40.0,5.0,,unsupported,,,empirical_null_unvalidated_reference_law,164.0,,
C10,gauss_outlier_cluster_4c_continuous,gaussian_outliers,continuous,166.0,40.0,5.0,,execution_error,,,,,,MAD rooting requires positive distances between leaf pairs.
C10,gauss_outlier_shell_4c,gaussian_outliers,median_binary,172.0,40.0,5.0,,unsupported,,,empirical_null_unvalidated_reference_law,154.0,,
C10,gauss_overlap_3c_small,gaussian_blobs,median_binary,300.0,30.0,3.0,,unsupported,,,empirical_null_unvalidated_reference_law,297.0,,
C10,gauss_overlap_3c_small_q3,gaussian_blobs,quantile_one_hot,300.0,90.0,3.0,,unsupported,,,empirical_null_unvalidated_reference_law,264.0,,
C10,gauss_overlap_3c_small_q4,gaussian_blobs,quantile_one_hot,300.0,120.0,3.0,,unsupported,,,empirical_null_unvalidated_reference_law,295.0,,
C10,gauss_overlap_3c_small_q5,gaussian_blobs,quantile_one_hot,300.0,150.0,3.0,,unsupported,,,empirical_null_unvalidated_reference_law,248.0,,
C10,gauss_overlap_4c_med,gaussian_blobs,median_binary,400.0,80.0,4.0,,unsupported,,,empirical_null_unvalidated_reference_law,360.0,,
C10,gauss_overlap_6c_large,gaussian_blobs,median_binary,600.0,150.0,6.0,,unsupported,,,empirical_null_unvalidated_reference_law,580.0,,
C10,gauss_overlap_8c_highd,gaussian_blobs,median_binary,800.0,300.0,8.0,,unsupported,,,empirical_null_unvalidated_reference_law,757.0,,
C10,gauss_overlap_dense_8c,gaussian_blobs,median_binary,800.0,50.0,8.0,,unsupported,,,empirical_null_unvalidated_reference_law,759.0,,
C10,gauss_overlap_extreme_4c,gaussian_blobs,median_binary,500.0,100.0,4.0,,unsupported,,,empirical_null_unvalidated_reference_law,394.0,,
C10,gauss_overlap_extreme_6c,gaussian_blobs,median_binary,600.0,200.0,6.0,,unsupported,,,empirical_null_unvalidated_reference_law,428.0,,
C10,gauss_overlap_many_10c,gaussian_blobs,median_binary,1000.0,150.0,10.0,,unsupported,,,empirical_null_unvalidated_reference_law,873.0,,
C10,gauss_single_outlier_4c,gaussian_outliers,median_binary,161.0,40.0,5.0,,unsupported,,,empirical_null_unvalidated_reference_law,146.0,,
C10,gauss_single_outlier_4c_continuous,gaussian_outliers,continuous,161.0,40.0,5.0,,execution_error,,,,,,MAD rooting requires positive distances between leaf pairs.
C10,gauss_sparse_signal_highd_noise,dimensional_gaussian,median_binary,40.0,20000.0,4.0,,execution_error,,,,,,MAD rooting requires positive distances between leaf pairs.
C10,mp_spike_above_bbp_continuous,continuous_spiked_covariance,continuous,120.0,300.0,2.0,,execution_error,,,,,,MAD rooting requires positive distances between leaf pairs.
C10,mp_spike_below_bbp_continuous,continuous_spiked_covariance,continuous,120.0,300.0,1.0,,execution_error,,,,,,MAD rooting requires positive distances between leaf pairs.
C10,overlap_extreme_4c,binary_template,binary,600.0,150.0,4.0,,unsupported,,,empirical_null_unvalidated_reference_law,544.0,,
C10,overlap_hd_4c_1k,binary_template,binary,500.0,1000.0,4.0,,unsupported,,,empirical_null_unvalidated_reference_law,472.0,,
C10,overlap_heavy_4c_med_feat,binary_template,binary,500.0,200.0,4.0,,unsupported,,,empirical_null_unvalidated_reference_law,411.0,,
C10,overlap_heavy_4c_small_feat,binary_template,binary,500.0,50.0,4.0,,unsupported,,,empirical_null_unvalidated_reference_law,449.0,,
C10,overlap_heavy_8c_large_feat,binary_template,binary,800.0,500.0,8.0,,unsupported,,,empirical_null_unvalidated_reference_law,41.0,,
C10,overlap_mod_4c_small,binary_template,binary,400.0,80.0,4.0,,unsupported,,,empirical_null_unvalidated_reference_law,393.0,,
C10,overlap_mod_6c_med,binary_template,binary,600.0,250.0,6.0,,unsupported,,,empirical_null_unvalidated_reference_law,591.0,,
C10,overlap_mod_8c_large,binary_template,binary,800.0,400.0,8.0,,unsupported,,,empirical_null_unvalidated_reference_law,782.0,,
C10,overlap_part_4c_small,binary_template,binary,400.0,60.0,4.0,,unsupported,,,empirical_null_unvalidated_reference_law,395.0,,
C10,overlap_part_6c_med,binary_template,binary,600.0,200.0,6.0,,unsupported,,,empirical_null_unvalidated_reference_law,588.0,,
C10,overlap_part_8c_large,binary_template,binary,800.0,350.0,8.0,,unsupported,,,empirical_null_unvalidated_reference_law,703.0,,
C10,overlap_unbal_4c_small,binary_template,binary,400.0,100.0,4.0,,unsupported,,,empirical_null_unvalidated_reference_law,393.0,,
C10,overlap_unbal_6c_med,binary_template,binary,600.0,300.0,6.0,,unsupported,,,empirical_null_unvalidated_reference_law,593.0,,
C10,overlap_unbal_8c_large,binary_template,binary,800.0,500.0,8.0,,unsupported,,,empirical_null_unvalidated_reference_law,783.0,,
C10,phylo_brownian_null_16taxa,phylogenetic_brownian,continuous,160.0,100.0,16.0,,execution_error,,,,,,MAD rooting requires positive distances between leaf pairs.
C10,phylo_conserved_4taxa,phylogenetic_sequence,categorical_one_hot,100.0,400.0,4.0,,unsupported,,,empirical_null_unvalidated_reference_law,92.0,,
C10,phylo_conserved_8taxa,phylogenetic_sequence,categorical_one_hot,160.0,800.0,8.0,,unsupported,,,empirical_null_unvalidated_reference_law,130.0,,
C10,phylo_divergent_4taxa,phylogenetic_sequence,categorical_one_hot,100.0,400.0,4.0,,unsupported,,,empirical_null_unvalidated_reference_law,74.0,,
C10,phylo_divergent_8taxa,phylogenetic_sequence,categorical_one_hot,160.0,800.0,8.0,,unsupported,,,empirical_null_unvalidated_reference_law,43.0,,
C10,phylo_dna_16taxa_low_mut,phylogenetic_sequence,categorical_one_hot,240.0,2000.0,16.0,,unsupported,,,empirical_null_unvalidated_reference_law,26.0,,
C10,phylo_dna_4taxa_low_mut,phylogenetic_sequence,categorical_one_hot,100.0,400.0,4.0,,unsupported,,,empirical_null_unvalidated_reference_law,96.0,,
C10,phylo_dna_8taxa_low_mut,phylogenetic_sequence,categorical_one_hot,160.0,800.0,8.0,,unsupported,,,empirical_null_unvalidated_reference_law,100.0,,
C10,phylo_dna_8taxa_med_mut,phylogenetic_sequence,categorical_one_hot,160.0,800.0,8.0,,unsupported,,,empirical_null_unvalidated_reference_law,21.0,,
C10,phylo_large_32taxa,phylogenetic_sequence,categorical_one_hot,320.0,2000.0,32.0,,unsupported,,,empirical_null_unvalidated_reference_law,189.0,,
C10,phylo_large_64taxa,phylogenetic_sequence,categorical_one_hot,512.0,4000.0,64.0,,unsupported,,,empirical_null_unvalidated_reference_law,79.0,,
C10,phylo_protein_12taxa,phylogenetic_sequence,categorical_one_hot,180.0,3000.0,12.0,,unsupported,,,empirical_null_unvalidated_reference_law,53.0,,
C10,phylo_protein_4taxa,phylogenetic_sequence,categorical_one_hot,120.0,1000.0,4.0,,unsupported,,,empirical_null_unvalidated_reference_law,109.0,,
C10,phylo_protein_8taxa,phylogenetic_sequence,categorical_one_hot,160.0,2000.0,8.0,,unsupported,,,empirical_null_unvalidated_reference_law,124.0,,
C10,sbm_clear_small,stochastic_block_model,graph_adjacency,60.0,60.0,2.0,,unsupported,,,empirical_null_unvalidated_reference_law,58.0,,
C10,sbm_hard,stochastic_block_model,graph_adjacency,120.0,120.0,3.0,1.0,ok,0.0,0.0,,,,
C10,sbm_moderate,stochastic_block_model,graph_adjacency,120.0,120.0,3.0,,unsupported,,,empirical_null_unvalidated_reference_law,113.0,,
C10,sparse_features_100x500,binary_template,binary,100.0,500.0,4.0,,unsupported,,,empirical_null_unvalidated_reference_law,63.0,,
C10,sparse_features_72x72,binary_template,binary,72.0,72.0,4.0,,unsupported,,,empirical_null_unvalidated_reference_law,45.0,,
C10,support_selected_only_fail_closed,binary_selected_nonnull_only,binary,160.0,500.0,4.0,,unsupported,,,empirical_null_unvalidated_reference_law,152.0,,
C10,traversal_deep_branch_recovery_stress,planted_hierarchy_binary,binary,240.0,480.0,6.0,,unsupported,,,empirical_null_unvalidated_reference_law,125.0,,
C10,traversal_deep_signal_under_same_parent,planted_hierarchy_binary,binary,240.0,300.0,6.0,,unsupported,,,empirical_null_unvalidated_reference_law,232.0,,
