test_case,case_id,case_category,source_family,feature_representation,simulation_model,observation_model,benchmark_intent,scientific_caution,recommended_simulation_family,method,run_id,benchmark_class,benchmark_grid,benchmark_repeat,params,true_clusters,found_clusters,samples,features,noise,ari,nmi,ami,purity,homogeneity,completeness,v_measure,fowlkes_mallows,macro_recall,macro_f1,worst_cluster_recall,n_singleton_clusters,singleton_fraction,median_cluster_size,largest_cluster_fraction,effective_cluster_count,cluster_size_entropy,cluster_size_gini,noise_label_fraction,silhouette_score,davies_bouldin_index,calinski_harabasz_index,outlier_precision,outlier_recall,outlier_f1,singleton_outlier_isolated,grouped_outlier_cluster_recovered,cluster_count_abs_error,over_split,under_split,tree_build_sec,populate_divergences_sec,edge_gate_sec,edge_gate_contrast_covariance_sec,edge_gate_projection_sec,edge_gate_wald_statistic_sec,edge_gate_tree_bh_sec,spectral_context_sec,tangent_whitening_sec,eigensolve_sec,pca_projection_sec,sibling_gate_sec,sibling_gate_pair_record_collection_sec,sibling_gate_inflation_fit_sec,sibling_gate_adjusted_tests_sec,sibling_gate_fdr_sec,traversal_sec,status,skip_reason,unsupported_reason_code,unsupported_stage,unsupported_reason,unsupported_focal_record_count,unsupported_admissible_support_count,unsupported_invalid_record_count,unsupported_upstream_tested_count,unsupported_upstream_rejected_count,labels_length
1,gauss_extreme_noise_3c,gaussian_extreme_noise,gaussian_blobs,median_binary,isotropic_gaussian_mixture,per_feature_median_thresholded_continuous_matrix,discretized_continuous_stress,"The simulated source is continuous but the observed benchmark matrix is median-thresholded binary; interpret it as a discretized stress case, not as raw Gaussian clustering.",explicit_bernoulli_threshold_model_or_continuous_gaussian_variant,tbs_diffusion_adaptive_nnls,tbs_diffusion_adaptive_nnls::bandwidth_type__1__d_2___branch_length_optimization_max_iterations_1000__branch_length_optimization_method_fixed_topology_nnls__branch_length_optimization_pair_sample_size_50000__branch_length_optimization_random_state_0__branch_length_optimization_solver_tolerance_1e_05__branch_length_optimization_target_metric_squared_standardized_euclidean__diffusion_method_adaptive_pydiffmap_diffusion__diffusion_time_3__edge_branch_length_variance_policy_normalized_branch_length__epsilon_median__k_neighbors_10__metric_hamming__n_components_30__tree_linkage_method_average,canonical,default_methods,0,"bandwidth_type=-1/(d+2), benchmark_seed=42, branch_length_optimization_apply_nonconverged=False, branch_length_optimization_max_iterations=1000, branch_length_optimization_method=fixed_topology_nnls, branch_length_optimization_pair_sample_size=50000, branch_length_optimization_random_state=0, branch_length_optimization_solver_tolerance=1e-05, branch_length_optimization_target_metric=squared_standardized_euclidean, diffusion_method=adaptive_pydiffmap_diffusion, diffusion_time=3, edge_alpha=0.001, edge_branch_length_variance_policy=normalized_branch_length, epsilon=median, k_neighbors=10, metric=hamming, n_components=30, sibling_alpha=0.01, tree_linkage_method=average",3,3,30,30,5.0,1.0,1.0,1.0,1.0,1.0,1.0,1.0,1.0,1.0,1.0,1.0,0.0,0.0,10.0,0.3333333333333333,2.9999999999999996,1.0986122886681096,0.0,0.0,0.23026940063588208,1.5181967540832473,9.033382789317509,,,,,,0.0,0.0,0.0,0.0016408329975092784,0.0010744159953901544,0.010242582997307181,0.003162541033816524,9.912496898323298e-05,0.0015362079429905862,0.00034166700788773596,0.002773375003016554,0.00031395599944517016,0.00114866801595781,0.0003480410377960652,0.011171999998623505,0.003825124993454665,0.000385665989597328,0.0019889579998562112,0.0030603340128436685,3.9332997403107584e-05,ok,,,,,,,,,,30
2,gauss_dense_signal_highd,gaussian_extreme_noise,gaussian_blobs,median_binary,isotropic_gaussian_mixture,per_feature_median_thresholded_continuous_matrix,dense_high_dimensional_signal_and_calibration_saturation,all_coordinates_are_cluster_dependent_not_irrelevant_noise,explicit_bernoulli_threshold_model_or_continuous_gaussian_variant,tbs_diffusion_adaptive_nnls,tbs_diffusion_adaptive_nnls::bandwidth_type__1__d_2___branch_length_optimization_max_iterations_1000__branch_length_optimization_method_fixed_topology_nnls__branch_length_optimization_pair_sample_size_50000__branch_length_optimization_random_state_0__branch_length_optimization_solver_tolerance_1e_05__branch_length_optimization_target_metric_squared_standardized_euclidean__diffusion_method_adaptive_pydiffmap_diffusion__diffusion_time_3__edge_branch_length_variance_policy_normalized_branch_length__epsilon_median__k_neighbors_10__metric_hamming__n_components_30__tree_linkage_method_average,canonical,default_methods,0,"bandwidth_type=-1/(d+2), benchmark_seed=43, branch_length_optimization_apply_nonconverged=False, branch_length_optimization_max_iterations=1000, branch_length_optimization_method=fixed_topology_nnls, branch_length_optimization_pair_sample_size=50000, branch_length_optimization_random_state=0, branch_length_optimization_solver_tolerance=1e-05, branch_length_optimization_target_metric=squared_standardized_euclidean, diffusion_method=adaptive_pydiffmap_diffusion, diffusion_time=3, edge_alpha=0.001, edge_branch_length_variance_policy=normalized_branch_length, epsilon=median, k_neighbors=10, metric=hamming, n_components=30, sibling_alpha=0.01, tree_linkage_method=average",4,0,40,20000,7.5,,,,,,,,,,,,,,,,,,,,,,,,,,,,,,,0.0008647920039948076,0.08053079100500327,2.6686476659961045,2.4635427449829876,0.0033422940032323822,0.0052054931002203375,0.0005746670067310333,0.1930238329950953,0.11707216898503248,0.02700070601713378,0.012165042964625172,1.1620525000034831,1.1592467919981573,0.0,0.0,0.0,,unsupported,,empirical_null_no_internal_support,sibling_calibration,The selected hierarchy contains focal sibling tests but no admissible internal empirical-null calibration support.,39.0,0.0,39.0,78.0,78.0,0
3,gauss_extreme_noise_many,gaussian_extreme_noise,gaussian_blobs,median_binary,isotropic_gaussian_mixture,per_feature_median_thresholded_continuous_matrix,discretized_continuous_stress,"The simulated source is continuous but the observed benchmark matrix is median-thresholded binary; interpret it as a discretized stress case, not as raw Gaussian clustering.",explicit_bernoulli_threshold_model_or_continuous_gaussian_variant,tbs_diffusion_adaptive_nnls,tbs_diffusion_adaptive_nnls::bandwidth_type__1__d_2___branch_length_optimization_max_iterations_1000__branch_length_optimization_method_fixed_topology_nnls__branch_length_optimization_pair_sample_size_50000__branch_length_optimization_random_state_0__branch_length_optimization_solver_tolerance_1e_05__branch_length_optimization_target_metric_squared_standardized_euclidean__diffusion_method_adaptive_pydiffmap_diffusion__diffusion_time_3__edge_branch_length_variance_policy_normalized_branch_length__epsilon_median__k_neighbors_10__metric_hamming__n_components_30__tree_linkage_method_average,canonical,default_methods,0,"bandwidth_type=-1/(d+2), benchmark_seed=44, branch_length_optimization_apply_nonconverged=False, branch_length_optimization_max_iterations=1000, branch_length_optimization_method=fixed_topology_nnls, branch_length_optimization_pair_sample_size=50000, branch_length_optimization_random_state=0, branch_length_optimization_solver_tolerance=1e-05, branch_length_optimization_target_metric=squared_standardized_euclidean, diffusion_method=adaptive_pydiffmap_diffusion, diffusion_time=3, edge_alpha=0.001, edge_branch_length_variance_policy=normalized_branch_length, epsilon=median, k_neighbors=10, metric=hamming, n_components=30, sibling_alpha=0.01, tree_linkage_method=average",30,30,300,2000,2.0,1.0,1.0,1.0,1.0,1.0,1.0,1.0,1.0,1.0,1.0,1.0,0.0,0.0,10.0,0.03333333333333333,29.99999999999999,3.401197381662155,0.0,0.0,0.4990534216602028,0.7665014185020488,32.328793741915064,,,,,,0.0,0.0,0.0,0.004061500003444962,0.05296562500006985,1.556421750006848,1.2903508678718936,0.002873127014026977,0.01903034893621225,0.005847084001288749,0.2312166669871658,0.10494533406745177,0.0915012831101194,0.011477872874820605,0.7992074580106419,0.6759875419957098,0.002020500003709458,0.07684258300287183,0.04150658300204668,0.00012729100126307458,ok,,,,,,,,,,300
4,gauss_clear_small,improved_gaussian,gaussian_blobs,median_binary,isotropic_gaussian_mixture,per_feature_median_thresholded_continuous_matrix,discretized_continuous_stress,"The simulated source is continuous but the observed benchmark matrix is median-thresholded binary; interpret it as a discretized stress case, not as raw Gaussian clustering.",explicit_bernoulli_threshold_model_or_continuous_gaussian_variant,tbs_diffusion_adaptive_nnls,tbs_diffusion_adaptive_nnls::bandwidth_type__1__d_2___branch_length_optimization_max_iterations_1000__branch_length_optimization_method_fixed_topology_nnls__branch_length_optimization_pair_sample_size_50000__branch_length_optimization_random_state_0__branch_length_optimization_solver_tolerance_1e_05__branch_length_optimization_target_metric_squared_standardized_euclidean__diffusion_method_adaptive_pydiffmap_diffusion__diffusion_time_3__edge_branch_length_variance_policy_normalized_branch_length__epsilon_median__k_neighbors_10__metric_hamming__n_components_30__tree_linkage_method_average,canonical,default_methods,0,"bandwidth_type=-1/(d+2), benchmark_seed=100, branch_length_optimization_apply_nonconverged=False, branch_length_optimization_max_iterations=1000, branch_length_optimization_method=fixed_topology_nnls, branch_length_optimization_pair_sample_size=50000, branch_length_optimization_random_state=0, branch_length_optimization_solver_tolerance=1e-05, branch_length_optimization_target_metric=squared_standardized_euclidean, diffusion_method=adaptive_pydiffmap_diffusion, diffusion_time=3, edge_alpha=0.001, edge_branch_length_variance_policy=normalized_branch_length, epsilon=median, k_neighbors=10, metric=hamming, n_components=30, sibling_alpha=0.01, tree_linkage_method=average",3,3,30,20,0.5,1.0,1.0,1.0,1.0,1.0,1.0,1.0,1.0,1.0,1.0,1.0,0.0,0.0,10.0,0.3333333333333333,2.9999999999999996,1.0986122886681096,0.0,0.0,0.46141587369244236,0.9184521942793156,26.050781249999996,,,,,,0.0,0.0,0.0,0.0006256249907892197,0.0006207499973243102,0.007830791000742465,0.0024750029697315767,8.141907164826989e-05,0.0013649160682689399,0.00020745799702126533,0.0020002920064143836,0.0002456249640090391,0.0008671240066178143,0.00020245999621693045,0.0075533750059548765,0.00328625000838656,0.00035991601180285215,0.000672166992444545,0.0015770829922985286,2.2791005903854966e-05,ok,,,,,,,,,,30
5,gauss_clear_medium,improved_gaussian,gaussian_blobs,median_binary,isotropic_gaussian_mixture,per_feature_median_thresholded_continuous_matrix,discretized_continuous_stress,"The simulated source is continuous but the observed benchmark matrix is median-thresholded binary; interpret it as a discretized stress case, not as raw Gaussian clustering.",explicit_bernoulli_threshold_model_or_continuous_gaussian_variant,tbs_diffusion_adaptive_nnls,tbs_diffusion_adaptive_nnls::bandwidth_type__1__d_2___branch_length_optimization_max_iterations_1000__branch_length_optimization_method_fixed_topology_nnls__branch_length_optimization_pair_sample_size_50000__branch_length_optimization_random_state_0__branch_length_optimization_solver_tolerance_1e_05__branch_length_optimization_target_metric_squared_standardized_euclidean__diffusion_method_adaptive_pydiffmap_diffusion__diffusion_time_3__edge_branch_length_variance_policy_normalized_branch_length__epsilon_median__k_neighbors_10__metric_hamming__n_components_30__tree_linkage_method_average,canonical,default_methods,0,"bandwidth_type=-1/(d+2), benchmark_seed=101, branch_length_optimization_apply_nonconverged=False, branch_length_optimization_max_iterations=1000, branch_length_optimization_method=fixed_topology_nnls, branch_length_optimization_pair_sample_size=50000, branch_length_optimization_random_state=0, branch_length_optimization_solver_tolerance=1e-05, branch_length_optimization_target_metric=squared_standardized_euclidean, diffusion_method=adaptive_pydiffmap_diffusion, diffusion_time=3, edge_alpha=0.001, edge_branch_length_variance_policy=normalized_branch_length, epsilon=median, k_neighbors=10, metric=hamming, n_components=30, sibling_alpha=0.01, tree_linkage_method=average",4,6,60,40,0.6,0.829971181556196,0.897191278970852,0.886356479147308,1.0,1.0,0.8135511280084796,0.8971912789708519,0.8728715609439694,1.0,1.0,1.0,0.0,0.0,9.5,0.25,5.495908912154819,1.7040039813028702,0.22777777777777777,0.0,0.4831780144064639,1.2324800252783539,106.78010639614004,,,,,,2.0,1.0,0.0,0.0009099590097321197,0.0010417919984320179,0.01584283400734421,0.007161171131883748,0.0001390720426570624,0.002334283009986393,0.0003285830025561154,0.0036488750047283247,0.0006658308993792161,0.001503421037341468,0.0002840819797711447,0.013669416002812795,0.007348917002673261,0.0005842079990543425,0.00162974999693688,0.0024173329875338823,2.8291004127822816e-05,ok,,,,,,,,,,60
6,gauss_clear_large,improved_gaussian,gaussian_blobs,median_binary,isotropic_gaussian_mixture,per_feature_median_thresholded_continuous_matrix,discretized_continuous_stress,"The simulated source is continuous but the observed benchmark matrix is median-thresholded binary; interpret it as a discretized stress case, not as raw Gaussian clustering.",explicit_bernoulli_threshold_model_or_continuous_gaussian_variant,tbs_diffusion_adaptive_nnls,tbs_diffusion_adaptive_nnls::bandwidth_type__1__d_2___branch_length_optimization_max_iterations_1000__branch_length_optimization_method_fixed_topology_nnls__branch_length_optimization_pair_sample_size_50000__branch_length_optimization_random_state_0__branch_length_optimization_solver_tolerance_1e_05__branch_length_optimization_target_metric_squared_standardized_euclidean__diffusion_method_adaptive_pydiffmap_diffusion__diffusion_time_3__edge_branch_length_variance_policy_normalized_branch_length__epsilon_median__k_neighbors_10__metric_hamming__n_components_30__tree_linkage_method_average,canonical,default_methods,0,"bandwidth_type=-1/(d+2), benchmark_seed=102, branch_length_optimization_apply_nonconverged=False, branch_length_optimization_max_iterations=1000, branch_length_optimization_method=fixed_topology_nnls, branch_length_optimization_pair_sample_size=50000, branch_length_optimization_random_state=0, branch_length_optimization_solver_tolerance=1e-05, branch_length_optimization_target_metric=squared_standardized_euclidean, diffusion_method=adaptive_pydiffmap_diffusion, diffusion_time=3, edge_alpha=0.001, edge_branch_length_variance_policy=normalized_branch_length, epsilon=median, k_neighbors=10, metric=hamming, n_components=30, sibling_alpha=0.01, tree_linkage_method=average",5,5,100,80,0.7,1.0,1.0,1.0,1.0,1.0,1.0,1.0,1.0,1.0,1.0,1.0,0.0,0.0,20.0,0.2,5.000000000000001,1.6094379124341005,0.0,0.0,0.5094345420588111,0.8135889510100979,70.87151394422311,,,,,,0.0,0.0,0.0,0.0012768750020768493,0.0019595000048866495,0.04074129198852461,0.02121791806712281,0.0003626210964284837,0.005096625944133848,0.0005045830039307475,0.010454582996317185,0.0018825440056389198,0.004563327020150609,0.0011479150271043181,0.025088374997721985,0.01738920899515506,0.0011624589969869703,0.0018916670087492093,0.0027564589981921017,3.3625008654780686e-05,ok,,,,,,,,,,100
7,gauss_moderate_3c,improved_gaussian,gaussian_blobs,median_binary,isotropic_gaussian_mixture,per_feature_median_thresholded_continuous_matrix,discretized_continuous_stress,"The simulated source is continuous but the observed benchmark matrix is median-thresholded binary; interpret it as a discretized stress case, not as raw Gaussian clustering.",explicit_bernoulli_threshold_model_or_continuous_gaussian_variant,tbs_diffusion_adaptive_nnls,tbs_diffusion_adaptive_nnls::bandwidth_type__1__d_2___branch_length_optimization_max_iterations_1000__branch_length_optimization_method_fixed_topology_nnls__branch_length_optimization_pair_sample_size_50000__branch_length_optimization_random_state_0__branch_length_optimization_solver_tolerance_1e_05__branch_length_optimization_target_metric_squared_standardized_euclidean__diffusion_method_adaptive_pydiffmap_diffusion__diffusion_time_3__edge_branch_length_variance_policy_normalized_branch_length__epsilon_median__k_neighbors_10__metric_hamming__n_components_30__tree_linkage_method_average,canonical,default_methods,0,"bandwidth_type=-1/(d+2), benchmark_seed=200, branch_length_optimization_apply_nonconverged=False, branch_length_optimization_max_iterations=1000, branch_length_optimization_method=fixed_topology_nnls, branch_length_optimization_pair_sample_size=50000, branch_length_optimization_random_state=0, branch_length_optimization_solver_tolerance=1e-05, branch_length_optimization_target_metric=squared_standardized_euclidean, diffusion_method=adaptive_pydiffmap_diffusion, diffusion_time=3, edge_alpha=0.001, edge_branch_length_variance_policy=normalized_branch_length, epsilon=median, k_neighbors=10, metric=hamming, n_components=30, sibling_alpha=0.01, tree_linkage_method=average",3,3,45,30,1.2,1.0,1.0,1.0,1.0,1.0,1.0,1.0,1.0,1.0,1.0,1.0,0.0,0.0,15.0,0.3333333333333333,2.9999999999999996,1.0986122886681096,0.0,0.0,0.427521066433312,1.0317627398922262,34.171339563862915,,,,,,0.0,0.0,0.0,0.000796124993939884,0.0007666250021429732,0.01234170798852574,0.004556876010610722,0.00012082695320714265,0.002027081965934485,0.00024554099945817143,0.0034086660016328096,0.0005141670408193022,0.001449499060981907,0.0004400809993967414,0.0104852919903351,0.0053191669867374,0.0005182499880902469,0.001003917001071386,0.001952791993971914,1.883300137706101e-05,ok,,,,,,,,,,45
8,gauss_moderate_5c,improved_gaussian,gaussian_blobs,median_binary,isotropic_gaussian_mixture,per_feature_median_thresholded_continuous_matrix,discretized_continuous_stress,"The simulated source is continuous but the observed benchmark matrix is median-thresholded binary; interpret it as a discretized stress case, not as raw Gaussian clustering.",explicit_bernoulli_threshold_model_or_continuous_gaussian_variant,tbs_diffusion_adaptive_nnls,tbs_diffusion_adaptive_nnls::bandwidth_type__1__d_2___branch_length_optimization_max_iterations_1000__branch_length_optimization_method_fixed_topology_nnls__branch_length_optimization_pair_sample_size_50000__branch_length_optimization_random_state_0__branch_length_optimization_solver_tolerance_1e_05__branch_length_optimization_target_metric_squared_standardized_euclidean__diffusion_method_adaptive_pydiffmap_diffusion__diffusion_time_3__edge_branch_length_variance_policy_normalized_branch_length__epsilon_median__k_neighbors_10__metric_hamming__n_components_30__tree_linkage_method_average,canonical,default_methods,0,"bandwidth_type=-1/(d+2), benchmark_seed=201, branch_length_optimization_apply_nonconverged=False, branch_length_optimization_max_iterations=1000, branch_length_optimization_method=fixed_topology_nnls, branch_length_optimization_pair_sample_size=50000, branch_length_optimization_random_state=0, branch_length_optimization_solver_tolerance=1e-05, branch_length_optimization_target_metric=squared_standardized_euclidean, diffusion_method=adaptive_pydiffmap_diffusion, diffusion_time=3, edge_alpha=0.001, edge_branch_length_variance_policy=normalized_branch_length, epsilon=median, k_neighbors=10, metric=hamming, n_components=30, sibling_alpha=0.01, tree_linkage_method=average",5,5,75,50,1.5,1.0,1.0,1.0,1.0,1.0,1.0,1.0,1.0,1.0,1.0,1.0,0.0,0.0,15.0,0.2,5.000000000000001,1.6094379124341005,0.0,0.0,0.4506776351667339,0.912159627011202,39.245848708487074,,,,,,0.0,0.0,0.0,0.001147458009654656,0.0012565829965751618,0.023119459001463838,0.010712249873904511,0.00022221198014449328,0.0034837790590245277,0.00038670799403917044,0.006013624995830469,0.0010064558737212792,0.002639087018906139,0.0007781690655974671,0.016870584004209377,0.010543875003349967,0.0008463340054731816,0.0013997079950058833,0.002325499997823499,2.9624992748722434e-05,ok,,,,,,,,,,75
9,gauss_noisy_3c,improved_gaussian,gaussian_blobs,median_binary,isotropic_gaussian_mixture,per_feature_median_thresholded_continuous_matrix,discretized_continuous_stress,"The simulated source is continuous but the observed benchmark matrix is median-thresholded binary; interpret it as a discretized stress case, not as raw Gaussian clustering.",explicit_bernoulli_threshold_model_or_continuous_gaussian_variant,tbs_diffusion_adaptive_nnls,tbs_diffusion_adaptive_nnls::bandwidth_type__1__d_2___branch_length_optimization_max_iterations_1000__branch_length_optimization_method_fixed_topology_nnls__branch_length_optimization_pair_sample_size_50000__branch_length_optimization_random_state_0__branch_length_optimization_solver_tolerance_1e_05__branch_length_optimization_target_metric_squared_standardized_euclidean__diffusion_method_adaptive_pydiffmap_diffusion__diffusion_time_3__edge_branch_length_variance_policy_normalized_branch_length__epsilon_median__k_neighbors_10__metric_hamming__n_components_30__tree_linkage_method_average,canonical,default_methods,0,"bandwidth_type=-1/(d+2), benchmark_seed=300, branch_length_optimization_apply_nonconverged=False, branch_length_optimization_max_iterations=1000, branch_length_optimization_method=fixed_topology_nnls, branch_length_optimization_pair_sample_size=50000, branch_length_optimization_random_state=0, branch_length_optimization_solver_tolerance=1e-05, branch_length_optimization_target_metric=squared_standardized_euclidean, diffusion_method=adaptive_pydiffmap_diffusion, diffusion_time=3, edge_alpha=0.001, edge_branch_length_variance_policy=normalized_branch_length, epsilon=median, k_neighbors=10, metric=hamming, n_components=30, sibling_alpha=0.01, tree_linkage_method=average",3,3,60,40,2.5,1.0,1.0,1.0,1.0,1.0,1.0,1.0,1.0,1.0,1.0,1.0,0.0,0.0,20.0,0.3333333333333333,2.9999999999999996,1.0986122886681096,0.0,0.0,0.32989678565108693,1.2253745154091888,27.54719764011799,,,,,,0.0,0.0,0.0,0.0008961249986896291,0.001071916994987987,0.017161249998025596,0.007202041044365615,0.00016533807502128184,0.002746123049291782,0.0004102079983567819,0.004605083988280967,0.0006759990646969527,0.002005294038099237,0.0006350790645228699,0.017279708001296967,0.007658959002583288,0.000622541003394872,0.003477749996818602,0.0038479590002680197,2.1540996385738254e-05,ok,,,,,,,,,,60
10,gauss_noisy_many,improved_gaussian,gaussian_blobs,median_binary,isotropic_gaussian_mixture,per_feature_median_thresholded_continuous_matrix,discretized_continuous_stress,"The simulated source is continuous but the observed benchmark matrix is median-thresholded binary; interpret it as a discretized stress case, not as raw Gaussian clustering.",explicit_bernoulli_threshold_model_or_continuous_gaussian_variant,tbs_diffusion_adaptive_nnls,tbs_diffusion_adaptive_nnls::bandwidth_type__1__d_2___branch_length_optimization_max_iterations_1000__branch_length_optimization_method_fixed_topology_nnls__branch_length_optimization_pair_sample_size_50000__branch_length_optimization_random_state_0__branch_length_optimization_solver_tolerance_1e_05__branch_length_optimization_target_metric_squared_standardized_euclidean__diffusion_method_adaptive_pydiffmap_diffusion__diffusion_time_3__edge_branch_length_variance_policy_normalized_branch_length__epsilon_median__k_neighbors_10__metric_hamming__n_components_30__tree_linkage_method_average,canonical,default_methods,0,"bandwidth_type=-1/(d+2), benchmark_seed=301, branch_length_optimization_apply_nonconverged=False, branch_length_optimization_max_iterations=1000, branch_length_optimization_method=fixed_topology_nnls, branch_length_optimization_pair_sample_size=50000, branch_length_optimization_random_state=0, branch_length_optimization_solver_tolerance=1e-05, branch_length_optimization_target_metric=squared_standardized_euclidean, diffusion_method=adaptive_pydiffmap_diffusion, diffusion_time=3, edge_alpha=0.001, edge_branch_length_variance_policy=normalized_branch_length, epsilon=median, k_neighbors=10, metric=hamming, n_components=30, sibling_alpha=0.01, tree_linkage_method=average",8,8,120,80,2.0,1.0,1.0,1.0,1.0,1.0,1.0,1.0,1.0,1.0,1.0,1.0,0.0,0.0,15.0,0.125,7.999999999999998,2.0794415416798357,0.0,0.0,0.4239055591585755,0.950145396462565,37.97301349325337,,,,,,0.0,0.0,0.0,0.0016246250015683472,0.0022099160123616457,0.04510691600444261,0.024003666927455924,0.00035528607259038836,0.005668659054208547,0.0007594589988002554,0.011384042009012774,0.0020975850493414328,0.005403461924288422,0.001320089984801598,0.035330790997250006,0.020352708001155406,0.001290583997615613,0.0069294579880079255,0.004856291998294182,4.212500061839819e-05,ok,,,,,,,,,,120
11,gauss_null_small,gaussian_null,gaussian_blobs,median_binary,isotropic_gaussian_mixture,per_feature_median_thresholded_continuous_matrix,discretized_continuous_stress,"The simulated source is continuous but the observed benchmark matrix is median-thresholded binary; interpret it as a discretized stress case, not as raw Gaussian clustering.",explicit_bernoulli_threshold_model_or_continuous_gaussian_variant,tbs_diffusion_adaptive_nnls,tbs_diffusion_adaptive_nnls::bandwidth_type__1__d_2___branch_length_optimization_max_iterations_1000__branch_length_optimization_method_fixed_topology_nnls__branch_length_optimization_pair_sample_size_50000__branch_length_optimization_random_state_0__branch_length_optimization_solver_tolerance_1e_05__branch_length_optimization_target_metric_squared_standardized_euclidean__diffusion_method_adaptive_pydiffmap_diffusion__diffusion_time_3__edge_branch_length_variance_policy_normalized_branch_length__epsilon_median__k_neighbors_10__metric_hamming__n_components_30__tree_linkage_method_average,canonical,default_methods,0,"bandwidth_type=-1/(d+2), benchmark_seed=400, branch_length_optimization_apply_nonconverged=False, branch_length_optimization_max_iterations=1000, branch_length_optimization_method=fixed_topology_nnls, branch_length_optimization_pair_sample_size=50000, branch_length_optimization_random_state=0, branch_length_optimization_solver_tolerance=1e-05, branch_length_optimization_target_metric=squared_standardized_euclidean, diffusion_method=adaptive_pydiffmap_diffusion, diffusion_time=3, edge_alpha=0.001, edge_branch_length_variance_policy=normalized_branch_length, epsilon=median, k_neighbors=10, metric=hamming, n_components=30, sibling_alpha=0.01, tree_linkage_method=average",1,1,60,30,1.0,1.0,1.0,1.0,1.0,1.0,1.0,1.0,1.0,1.0,1.0,1.0,0.0,0.0,60.0,1.0,1.0,-0.0,0.0,0.0,,,,,,,,,0.0,0.0,0.0,0.0009053749963641167,0.0009258330101147294,0.016145375004271045,0.006113996059866622,0.00017050397582352161,0.0029058680083835497,0.000496208987897262,0.00439354199625086,0.0005942900461377576,0.0018832070200005546,0.0006437989650294185,0.019105416009551845,0.0071376669948222116,0.000581832995521836,0.005643750002491288,0.003996957995695993,1.4082994312047958e-05,ok,,,,,,,,,,60
12,gauss_null_large,gaussian_null,gaussian_blobs,median_binary,isotropic_gaussian_mixture,per_feature_median_thresholded_continuous_matrix,discretized_continuous_stress,"The simulated source is continuous but the observed benchmark matrix is median-thresholded binary; interpret it as a discretized stress case, not as raw Gaussian clustering.",explicit_bernoulli_threshold_model_or_continuous_gaussian_variant,tbs_diffusion_adaptive_nnls,tbs_diffusion_adaptive_nnls::bandwidth_type__1__d_2___branch_length_optimization_max_iterations_1000__branch_length_optimization_method_fixed_topology_nnls__branch_length_optimization_pair_sample_size_50000__branch_length_optimization_random_state_0__branch_length_optimization_solver_tolerance_1e_05__branch_length_optimization_target_metric_squared_standardized_euclidean__diffusion_method_adaptive_pydiffmap_diffusion__diffusion_time_3__edge_branch_length_variance_policy_normalized_branch_length__epsilon_median__k_neighbors_10__metric_hamming__n_components_30__tree_linkage_method_average,canonical,default_methods,0,"bandwidth_type=-1/(d+2), benchmark_seed=401, branch_length_optimization_apply_nonconverged=False, branch_length_optimization_max_iterations=1000, branch_length_optimization_method=fixed_topology_nnls, branch_length_optimization_pair_sample_size=50000, branch_length_optimization_random_state=0, branch_length_optimization_solver_tolerance=1e-05, branch_length_optimization_target_metric=squared_standardized_euclidean, diffusion_method=adaptive_pydiffmap_diffusion, diffusion_time=3, edge_alpha=0.001, edge_branch_length_variance_policy=normalized_branch_length, epsilon=median, k_neighbors=10, metric=hamming, n_components=30, sibling_alpha=0.01, tree_linkage_method=average",1,1,200,80,1.0,1.0,1.0,1.0,1.0,1.0,1.0,1.0,1.0,1.0,1.0,1.0,0.0,0.0,200.0,1.0,1.0,-0.0,0.0,0.0,,,,,,,,,0.0,0.0,0.0,0.0026950840110657737,0.0032408750121248886,0.0732164999935776,0.04011816169077065,0.0005816229531774297,0.009659398972871713,0.0006954999989829957,0.01824712498637382,0.0034026210341835395,0.008666504974826239,0.0021745518752140924,0.03607920900685713,0.033877915993798524,0.0,0.0,0.00011037499643862247,2.7250003768131137e-05,ok,,,,,,,,,,200
13,gauss_clear_medium_continuous,continuous_gaussian_examples,gaussian_blobs,continuous,isotropic_gaussian_mixture,continuous_feature_matrix,continuous_reference_or_diagnostic,none,gaussian_mixture_or_sparse_subspace_gaussian,tbs_diffusion_adaptive_nnls,tbs_diffusion_adaptive_nnls::bandwidth_type__1__d_2___branch_length_optimization_max_iterations_1000__branch_length_optimization_method_fixed_topology_nnls__branch_length_optimization_pair_sample_size_50000__branch_length_optimization_random_state_0__branch_length_optimization_solver_tolerance_1e_05__branch_length_optimization_target_metric_squared_standardized_euclidean__diffusion_method_adaptive_pydiffmap_diffusion__diffusion_time_3__edge_branch_length_variance_policy_normalized_branch_length__epsilon_median__k_neighbors_10__metric_hamming__n_components_30__tree_linkage_method_average,canonical,default_methods,0,"bandwidth_type=-1/(d+2), benchmark_seed=101, branch_length_optimization_apply_nonconverged=False, branch_length_optimization_max_iterations=1000, branch_length_optimization_method=fixed_topology_nnls, branch_length_optimization_pair_sample_size=50000, branch_length_optimization_random_state=0, branch_length_optimization_solver_tolerance=1e-05, branch_length_optimization_target_metric=squared_standardized_euclidean, diffusion_method=adaptive_pydiffmap_diffusion, diffusion_time=3, edge_alpha=0.001, edge_branch_length_variance_policy=normalized_branch_length, epsilon=median, k_neighbors=10, metric=hamming, n_components=30, sibling_alpha=0.01, tree_linkage_method=average",4,0,60,40,0.6,,,,,,,,,,,,,,,,,,,,,,,,,,,,,,,,,,,,,,,,,,,,,,,,skip,tbs_diffusion_adaptive_nnls uses Hamming diffusion and requires binary or one-hot feature matrices; continuous FeatureSpace inputs are unsupported.,,,,,,,,,0
14,gauss_moderate_3c_continuous,continuous_gaussian_examples,gaussian_blobs,continuous,isotropic_gaussian_mixture,continuous_feature_matrix,continuous_reference_or_diagnostic,none,gaussian_mixture_or_sparse_subspace_gaussian,tbs_diffusion_adaptive_nnls,tbs_diffusion_adaptive_nnls::bandwidth_type__1__d_2___branch_length_optimization_max_iterations_1000__branch_length_optimization_method_fixed_topology_nnls__branch_length_optimization_pair_sample_size_50000__branch_length_optimization_random_state_0__branch_length_optimization_solver_tolerance_1e_05__branch_length_optimization_target_metric_squared_standardized_euclidean__diffusion_method_adaptive_pydiffmap_diffusion__diffusion_time_3__edge_branch_length_variance_policy_normalized_branch_length__epsilon_median__k_neighbors_10__metric_hamming__n_components_30__tree_linkage_method_average,canonical,default_methods,0,"bandwidth_type=-1/(d+2), benchmark_seed=200, branch_length_optimization_apply_nonconverged=False, branch_length_optimization_max_iterations=1000, branch_length_optimization_method=fixed_topology_nnls, branch_length_optimization_pair_sample_size=50000, branch_length_optimization_random_state=0, branch_length_optimization_solver_tolerance=1e-05, branch_length_optimization_target_metric=squared_standardized_euclidean, diffusion_method=adaptive_pydiffmap_diffusion, diffusion_time=3, edge_alpha=0.001, edge_branch_length_variance_policy=normalized_branch_length, epsilon=median, k_neighbors=10, metric=hamming, n_components=30, sibling_alpha=0.01, tree_linkage_method=average",3,0,45,30,1.2,,,,,,,,,,,,,,,,,,,,,,,,,,,,,,,,,,,,,,,,,,,,,,,,skip,tbs_diffusion_adaptive_nnls uses Hamming diffusion and requires binary or one-hot feature matrices; continuous FeatureSpace inputs are unsupported.,,,,,,,,,0
15,gauss_null_large_continuous,continuous_gaussian_examples,gaussian_blobs,continuous,isotropic_gaussian_mixture,continuous_feature_matrix,continuous_reference_or_diagnostic,none,gaussian_mixture_or_sparse_subspace_gaussian,tbs_diffusion_adaptive_nnls,tbs_diffusion_adaptive_nnls::bandwidth_type__1__d_2___branch_length_optimization_max_iterations_1000__branch_length_optimization_method_fixed_topology_nnls__branch_length_optimization_pair_sample_size_50000__branch_length_optimization_random_state_0__branch_length_optimization_solver_tolerance_1e_05__branch_length_optimization_target_metric_squared_standardized_euclidean__diffusion_method_adaptive_pydiffmap_diffusion__diffusion_time_3__edge_branch_length_variance_policy_normalized_branch_length__epsilon_median__k_neighbors_10__metric_hamming__n_components_30__tree_linkage_method_average,canonical,default_methods,0,"bandwidth_type=-1/(d+2), benchmark_seed=401, branch_length_optimization_apply_nonconverged=False, branch_length_optimization_max_iterations=1000, branch_length_optimization_method=fixed_topology_nnls, branch_length_optimization_pair_sample_size=50000, branch_length_optimization_random_state=0, branch_length_optimization_solver_tolerance=1e-05, branch_length_optimization_target_metric=squared_standardized_euclidean, diffusion_method=adaptive_pydiffmap_diffusion, diffusion_time=3, edge_alpha=0.001, edge_branch_length_variance_policy=normalized_branch_length, epsilon=median, k_neighbors=10, metric=hamming, n_components=30, sibling_alpha=0.01, tree_linkage_method=average",1,0,200,80,1.0,,,,,,,,,,,,,,,,,,,,,,,,,,,,,,,,,,,,,,,,,,,,,,,,skip,tbs_diffusion_adaptive_nnls uses Hamming diffusion and requires binary or one-hot feature matrices; continuous FeatureSpace inputs are unsupported.,,,,,,,,,0
16,gauss_dense_signal_highd_continuous,continuous_gaussian_examples,gaussian_blobs,continuous,isotropic_gaussian_mixture,continuous_feature_matrix,dense_high_dimensional_signal_and_calibration_saturation,all_coordinates_are_cluster_dependent_not_irrelevant_noise,gaussian_mixture_or_sparse_subspace_gaussian,tbs_diffusion_adaptive_nnls,tbs_diffusion_adaptive_nnls::bandwidth_type__1__d_2___branch_length_optimization_max_iterations_1000__branch_length_optimization_method_fixed_topology_nnls__branch_length_optimization_pair_sample_size_50000__branch_length_optimization_random_state_0__branch_length_optimization_solver_tolerance_1e_05__branch_length_optimization_target_metric_squared_standardized_euclidean__diffusion_method_adaptive_pydiffmap_diffusion__diffusion_time_3__edge_branch_length_variance_policy_normalized_branch_length__epsilon_median__k_neighbors_10__metric_hamming__n_components_30__tree_linkage_method_average,canonical,default_methods,0,"bandwidth_type=-1/(d+2), benchmark_seed=43, branch_length_optimization_apply_nonconverged=False, branch_length_optimization_max_iterations=1000, branch_length_optimization_method=fixed_topology_nnls, branch_length_optimization_pair_sample_size=50000, branch_length_optimization_random_state=0, branch_length_optimization_solver_tolerance=1e-05, branch_length_optimization_target_metric=squared_standardized_euclidean, diffusion_method=adaptive_pydiffmap_diffusion, diffusion_time=3, edge_alpha=0.001, edge_branch_length_variance_policy=normalized_branch_length, epsilon=median, k_neighbors=10, metric=hamming, n_components=30, sibling_alpha=0.01, tree_linkage_method=average",4,0,40,20000,7.5,,,,,,,,,,,,,,,,,,,,,,,,,,,,,,,,,,,,,,,,,,,,,,,,skip,tbs_diffusion_adaptive_nnls uses Hamming diffusion and requires binary or one-hot feature matrices; continuous FeatureSpace inputs are unsupported.,,,,,,,,,0
17,dim_consolidated_4c_24f,gaussian_dimensionality_consolidated,dimensional_gaussian,median_binary,sparse_subspace_gaussian_mixture,per_feature_median_thresholded_continuous_matrix,discretized_continuous_stress,"The simulated source is continuous but the observed benchmark matrix is median-thresholded binary; interpret it as a discretized stress case, not as raw Gaussian clustering.",explicit_bernoulli_threshold_model_or_continuous_gaussian_variant,tbs_diffusion_adaptive_nnls,tbs_diffusion_adaptive_nnls::bandwidth_type__1__d_2___branch_length_optimization_max_iterations_1000__branch_length_optimization_method_fixed_topology_nnls__branch_length_optimization_pair_sample_size_50000__branch_length_optimization_random_state_0__branch_length_optimization_solver_tolerance_1e_05__branch_length_optimization_target_metric_squared_standardized_euclidean__diffusion_method_adaptive_pydiffmap_diffusion__diffusion_time_3__edge_branch_length_variance_policy_normalized_branch_length__epsilon_median__k_neighbors_10__metric_hamming__n_components_30__tree_linkage_method_average,canonical,default_methods,0,"bandwidth_type=-1/(d+2), benchmark_seed=13000, branch_length_optimization_apply_nonconverged=False, branch_length_optimization_max_iterations=1000, branch_length_optimization_method=fixed_topology_nnls, branch_length_optimization_pair_sample_size=50000, branch_length_optimization_random_state=0, branch_length_optimization_solver_tolerance=1e-05, branch_length_optimization_target_metric=squared_standardized_euclidean, diffusion_method=adaptive_pydiffmap_diffusion, diffusion_time=3, edge_alpha=0.001, edge_branch_length_variance_policy=normalized_branch_length, epsilon=median, k_neighbors=10, metric=hamming, n_components=30, sibling_alpha=0.01, tree_linkage_method=average",4,7,160,24,1.0,0.5298028928480344,0.6053801842553829,0.5901998494530925,0.8625,0.7105745665234544,0.5273156849698741,0.6053801842553829,0.6352401989231468,0.8624999999999999,0.8615410304879033,0.75,0.0,0.0,23.0,0.21875,6.475821715744803,1.8680755054402614,0.2125,0.0,0.06891336333227696,2.7906549082220815,8.390685010543773,,,,,,3.0,1.0,0.0,0.002238291999674402,0.0020079169917153195,0.03699087499990128,0.014283127035014331,0.0004245790187269449,0.007198397041065618,0.0014094590005697682,0.01036641700193286,0.001340826929663308,0.004486470919800922,0.0015367080632131547,0.06049791599798482,0.01732054199965205,0.0014350830024341121,0.031884208001429215,0.007927333004772663,3.9999998989515007e-05,ok,,,,,,,,,,160
18,dim_consolidated_4c_72f,gaussian_dimensionality_consolidated,dimensional_gaussian,median_binary,sparse_subspace_gaussian_mixture,per_feature_median_thresholded_continuous_matrix,discretized_continuous_stress,"The simulated source is continuous but the observed benchmark matrix is median-thresholded binary; interpret it as a discretized stress case, not as raw Gaussian clustering.",explicit_bernoulli_threshold_model_or_continuous_gaussian_variant,tbs_diffusion_adaptive_nnls,tbs_diffusion_adaptive_nnls::bandwidth_type__1__d_2___branch_length_optimization_max_iterations_1000__branch_length_optimization_method_fixed_topology_nnls__branch_length_optimization_pair_sample_size_50000__branch_length_optimization_random_state_0__branch_length_optimization_solver_tolerance_1e_05__branch_length_optimization_target_metric_squared_standardized_euclidean__diffusion_method_adaptive_pydiffmap_diffusion__diffusion_time_3__edge_branch_length_variance_policy_normalized_branch_length__epsilon_median__k_neighbors_10__metric_hamming__n_components_30__tree_linkage_method_average,canonical,default_methods,0,"bandwidth_type=-1/(d+2), benchmark_seed=13001, branch_length_optimization_apply_nonconverged=False, branch_length_optimization_max_iterations=1000, branch_length_optimization_method=fixed_topology_nnls, branch_length_optimization_pair_sample_size=50000, branch_length_optimization_random_state=0, branch_length_optimization_solver_tolerance=1e-05, branch_length_optimization_target_metric=squared_standardized_euclidean, diffusion_method=adaptive_pydiffmap_diffusion, diffusion_time=3, edge_alpha=0.001, edge_branch_length_variance_policy=normalized_branch_length, epsilon=median, k_neighbors=10, metric=hamming, n_components=30, sibling_alpha=0.01, tree_linkage_method=average",4,2,160,72,1.0,-0.008361381753764394,0.0009162792060040173,-0.008360306847829615,0.2625,0.000684620780202815,0.001384891655569893,0.0009162792060040173,0.3458805535107585,0.26249999999999996,0.17482517482517484,0.0,0.0,0.0,80.0,0.5625,1.9843952490181156,0.6853142072764582,0.0625,0.0,0.03726074476609007,4.6010496941274255,7.3259515570934255,,,,,,2.0,0.0,1.0,0.002195209002820775,0.003031500003999099,0.060077916001318954,0.03041628772916738,0.0005409178993431851,0.008215583016863093,0.00220566701318603,0.01474070901167579,0.0026365790399722755,0.006877334060845897,0.0018207880784757435,0.09398291699471883,0.027063166999141686,0.001047541998559609,0.04463570800726302,0.01902004198927898,2.7415997465141118e-05,ok,,,,,,,,,,160
19,dim_consolidated_4c_272f,gaussian_dimensionality_consolidated,dimensional_gaussian,median_binary,sparse_subspace_gaussian_mixture,per_feature_median_thresholded_continuous_matrix,discretized_continuous_stress,"The simulated source is continuous but the observed benchmark matrix is median-thresholded binary; interpret it as a discretized stress case, not as raw Gaussian clustering.",explicit_bernoulli_threshold_model_or_continuous_gaussian_variant,tbs_diffusion_adaptive_nnls,tbs_diffusion_adaptive_nnls::bandwidth_type__1__d_2___branch_length_optimization_max_iterations_1000__branch_length_optimization_method_fixed_topology_nnls__branch_length_optimization_pair_sample_size_50000__branch_length_optimization_random_state_0__branch_length_optimization_solver_tolerance_1e_05__branch_length_optimization_target_metric_squared_standardized_euclidean__diffusion_method_adaptive_pydiffmap_diffusion__diffusion_time_3__edge_branch_length_variance_policy_normalized_branch_length__epsilon_median__k_neighbors_10__metric_hamming__n_components_30__tree_linkage_method_average,canonical,default_methods,0,"bandwidth_type=-1/(d+2), benchmark_seed=13002, branch_length_optimization_apply_nonconverged=False, branch_length_optimization_max_iterations=1000, branch_length_optimization_method=fixed_topology_nnls, branch_length_optimization_pair_sample_size=50000, branch_length_optimization_random_state=0, branch_length_optimization_solver_tolerance=1e-05, branch_length_optimization_target_metric=squared_standardized_euclidean, diffusion_method=adaptive_pydiffmap_diffusion, diffusion_time=3, edge_alpha=0.001, edge_branch_length_variance_policy=normalized_branch_length, epsilon=median, k_neighbors=10, metric=hamming, n_components=30, sibling_alpha=0.01, tree_linkage_method=average",4,60,160,272,1.0,0.015327017383509394,0.28800902879987217,0.06630484929318642,0.675,0.554432207816771,0.19453058878571186,0.2880090287998721,0.09311345681568589,0.675,0.6737086977048995,0.55,17.0,0.10625,3.0,0.05,51.99157408007263,3.951081668530347,0.28208333333333335,0.0,-0.015120642646295718,1.8049439094558095,1.3917479939939625,,,,,,56.0,1.0,0.0,0.0020838749915128574,0.005347457990865223,0.1322680839948589,0.09332399212871678,0.0005611229717032984,0.007992060724063776,0.0024457079998683184,0.02416237500438001,0.007497624013922177,0.009830950104515068,0.002495961933163926,0.11864495799818542,0.05762487500032876,0.001055290995282121,0.037543375001405366,0.020296250004321337,0.00018041700241155922,ok,,,,,,,,,,160
20,dim_diffuse_6c_36f,gaussian_dimensionality_diffuse,dimensional_gaussian,median_binary,sparse_subspace_gaussian_mixture,per_feature_median_thresholded_continuous_matrix,discretized_continuous_stress,"The simulated source is continuous but the observed benchmark matrix is median-thresholded binary; interpret it as a discretized stress case, not as raw Gaussian clustering.",explicit_bernoulli_threshold_model_or_continuous_gaussian_variant,tbs_diffusion_adaptive_nnls,tbs_diffusion_adaptive_nnls::bandwidth_type__1__d_2___branch_length_optimization_max_iterations_1000__branch_length_optimization_method_fixed_topology_nnls__branch_length_optimization_pair_sample_size_50000__branch_length_optimization_random_state_0__branch_length_optimization_solver_tolerance_1e_05__branch_length_optimization_target_metric_squared_standardized_euclidean__diffusion_method_adaptive_pydiffmap_diffusion__diffusion_time_3__edge_branch_length_variance_policy_normalized_branch_length__epsilon_median__k_neighbors_10__metric_hamming__n_components_30__tree_linkage_method_average,canonical,default_methods,0,"bandwidth_type=-1/(d+2), benchmark_seed=13100, branch_length_optimization_apply_nonconverged=False, branch_length_optimization_max_iterations=1000, branch_length_optimization_method=fixed_topology_nnls, branch_length_optimization_pair_sample_size=50000, branch_length_optimization_random_state=0, branch_length_optimization_solver_tolerance=1e-05, branch_length_optimization_target_metric=squared_standardized_euclidean, diffusion_method=adaptive_pydiffmap_diffusion, diffusion_time=3, edge_alpha=0.001, edge_branch_length_variance_policy=normalized_branch_length, epsilon=median, k_neighbors=10, metric=hamming, n_components=30, sibling_alpha=0.01, tree_linkage_method=average",6,7,180,36,1.0,0.03164329646977837,0.1059248855356957,0.05846082190931719,0.3,0.10724010700501158,0.10464153366758065,0.1059248855356957,0.1931616988249389,0.29444444444444445,0.288340724794898,0.16666666666666666,0.0,0.0,23.0,0.28888888888888886,6.2729980961385055,1.8362544056136045,0.25396825396825395,0.0,0.020687922944103838,3.6576916925042293,5.39604050421566,,,,,,1.0,1.0,0.0,0.002377958007855341,0.002285249996930361,0.04747158399550244,0.02034961708704941,0.0004967162531102076,0.00825994803744834,0.00213558399991598,0.012572584004374221,0.001850955915870145,0.005580836994340643,0.0018032949446933344,0.11296320799738169,0.021893166995141655,0.0013065410021226853,0.07309320899366867,0.014517749994411133,4.166699363850057e-05,ok,,,,,,,,,,180
21,dim_diffuse_6c_136f,gaussian_dimensionality_diffuse,dimensional_gaussian,median_binary,sparse_subspace_gaussian_mixture,per_feature_median_thresholded_continuous_matrix,discretized_continuous_stress,"The simulated source is continuous but the observed benchmark matrix is median-thresholded binary; interpret it as a discretized stress case, not as raw Gaussian clustering.",explicit_bernoulli_threshold_model_or_continuous_gaussian_variant,tbs_diffusion_adaptive_nnls,tbs_diffusion_adaptive_nnls::bandwidth_type__1__d_2___branch_length_optimization_max_iterations_1000__branch_length_optimization_method_fixed_topology_nnls__branch_length_optimization_pair_sample_size_50000__branch_length_optimization_random_state_0__branch_length_optimization_solver_tolerance_1e_05__branch_length_optimization_target_metric_squared_standardized_euclidean__diffusion_method_adaptive_pydiffmap_diffusion__diffusion_time_3__edge_branch_length_variance_policy_normalized_branch_length__epsilon_median__k_neighbors_10__metric_hamming__n_components_30__tree_linkage_method_average,canonical,default_methods,0,"bandwidth_type=-1/(d+2), benchmark_seed=13101, branch_length_optimization_apply_nonconverged=False, branch_length_optimization_max_iterations=1000, branch_length_optimization_method=fixed_topology_nnls, branch_length_optimization_pair_sample_size=50000, branch_length_optimization_random_state=0, branch_length_optimization_solver_tolerance=1e-05, branch_length_optimization_target_metric=squared_standardized_euclidean, diffusion_method=adaptive_pydiffmap_diffusion, diffusion_time=3, edge_alpha=0.001, edge_branch_length_variance_policy=normalized_branch_length, epsilon=median, k_neighbors=10, metric=hamming, n_components=30, sibling_alpha=0.01, tree_linkage_method=average",6,4,180,136,1.0,0.029387904129834354,0.05742179720094399,0.03077624414402435,0.2833333333333333,0.05047946088927194,0.06657815356708502,0.05742179720094399,0.22962747695574462,0.2833333333333333,0.22175944191935135,0.0,0.0,0.0,41.5,0.35,3.8903902308267115,1.3585094690068955,0.125,0.0,0.01911205282515231,5.143201172039415,4.609751254744154,,,,,,2.0,0.0,1.0,0.0021257920016068965,0.003889667001203634,0.09531179101031739,0.05762179603334516,0.0006137838936410844,0.009303471029852517,0.0024596670118626207,0.020774042000994086,0.004687462991569191,0.009500876039965078,0.0023810820566723123,0.11446358299872372,0.04256324999732897,0.0014427089918171987,0.045572208997327834,0.022253415998420678,3.3374992199242115e-05,ok,,,,,,,,,,180
22,dim_diffuse_6c_536f,gaussian_dimensionality_diffuse,dimensional_gaussian,median_binary,sparse_subspace_gaussian_mixture,per_feature_median_thresholded_continuous_matrix,discretized_continuous_stress,"The simulated source is continuous but the observed benchmark matrix is median-thresholded binary; interpret it as a discretized stress case, not as raw Gaussian clustering.",explicit_bernoulli_threshold_model_or_continuous_gaussian_variant,tbs_diffusion_adaptive_nnls,tbs_diffusion_adaptive_nnls::bandwidth_type__1__d_2___branch_length_optimization_max_iterations_1000__branch_length_optimization_method_fixed_topology_nnls__branch_length_optimization_pair_sample_size_50000__branch_length_optimization_random_state_0__branch_length_optimization_solver_tolerance_1e_05__branch_length_optimization_target_metric_squared_standardized_euclidean__diffusion_method_adaptive_pydiffmap_diffusion__diffusion_time_3__edge_branch_length_variance_policy_normalized_branch_length__epsilon_median__k_neighbors_10__metric_hamming__n_components_30__tree_linkage_method_average,canonical,default_methods,0,"bandwidth_type=-1/(d+2), benchmark_seed=13102, branch_length_optimization_apply_nonconverged=False, branch_length_optimization_max_iterations=1000, branch_length_optimization_method=fixed_topology_nnls, branch_length_optimization_pair_sample_size=50000, branch_length_optimization_random_state=0, branch_length_optimization_solver_tolerance=1e-05, branch_length_optimization_target_metric=squared_standardized_euclidean, diffusion_method=adaptive_pydiffmap_diffusion, diffusion_time=3, edge_alpha=0.001, edge_branch_length_variance_policy=normalized_branch_length, epsilon=median, k_neighbors=10, metric=hamming, n_components=30, sibling_alpha=0.01, tree_linkage_method=average",6,2,180,536,1.0,-0.004204602647646641,0.006247507637340505,-0.0052172612135032645,0.2,0.004332079133021648,0.01119925948238697,0.006247507637340505,0.2801466994606947,0.19999999999999998,0.10000694492673101,0.0,0.0,0.0,90.0,0.5055555555555555,1.9998765444799609,0.6930854508946892,0.005555555555555556,0.0,0.04635403960116135,4.207445394471866,10.039726590105145,,,,,,4.0,0.0,1.0,0.0023293330013984814,0.010292582999682054,0.2610938339930726,0.2042720470490167,0.0007287811895366758,0.009108305064728484,0.00271799998881761,0.04014895799627993,0.016785464831627905,0.013860830047633499,0.003522172017255798,0.17940879199886695,0.11396645900094882,0.001137083992944099,0.03909495800326113,0.023082208004780114,2.9874994652345777e-05,ok,,,,,,,,,,180
23,gauss_sparse_signal_highd_noise,gaussian_sparse_signal_highd_noise,dimensional_gaussian,median_binary,sparse_subspace_gaussian_mixture,per_feature_median_thresholded_continuous_matrix,irrelevant_feature_robustness_stress,known_labels_do_not_imply_tree_recoverability_geometry_audit_is_authoritative,explicit_bernoulli_threshold_model_or_continuous_gaussian_variant,tbs_diffusion_adaptive_nnls,tbs_diffusion_adaptive_nnls::bandwidth_type__1__d_2___branch_length_optimization_max_iterations_1000__branch_length_optimization_method_fixed_topology_nnls__branch_length_optimization_pair_sample_size_50000__branch_length_optimization_random_state_0__branch_length_optimization_solver_tolerance_1e_05__branch_length_optimization_target_metric_squared_standardized_euclidean__diffusion_method_adaptive_pydiffmap_diffusion__diffusion_time_3__edge_branch_length_variance_policy_normalized_branch_length__epsilon_median__k_neighbors_10__metric_hamming__n_components_30__tree_linkage_method_average,canonical,default_methods,0,"bandwidth_type=-1/(d+2), benchmark_seed=43, branch_length_optimization_apply_nonconverged=False, branch_length_optimization_max_iterations=1000, branch_length_optimization_method=fixed_topology_nnls, branch_length_optimization_pair_sample_size=50000, branch_length_optimization_random_state=0, branch_length_optimization_solver_tolerance=1e-05, branch_length_optimization_target_metric=squared_standardized_euclidean, diffusion_method=adaptive_pydiffmap_diffusion, diffusion_time=3, edge_alpha=0.001, edge_branch_length_variance_policy=normalized_branch_length, epsilon=median, k_neighbors=10, metric=hamming, n_components=30, sibling_alpha=0.01, tree_linkage_method=average",4,0,40,20000,1.0,,,,,,,,,,,,,,,,,,,,,,,,,,,,,,,0.0009367500024382025,0.07843470798979979,2.468900167004904,2.2709236309601692,0.002826622032443993,0.004278084001271054,0.0005992910009808838,0.18755187500210013,0.11143429395451676,0.027529790968401358,0.01252270799886901,1.1193283750035334,1.1165394999989076,0.0,0.0,0.0,,unsupported,,empirical_null_no_internal_support,sibling_calibration,The selected hierarchy contains focal sibling tests but no admissible internal empirical-null calibration support.,39.0,0.0,39.0,78.0,78.0,0
24,dim_consolidated_4c_24f_continuous,continuous_dimensional_gaussian_examples,dimensional_gaussian,continuous,sparse_subspace_gaussian_mixture,continuous_feature_matrix,continuous_reference_or_diagnostic,none,gaussian_mixture_or_sparse_subspace_gaussian,tbs_diffusion_adaptive_nnls,tbs_diffusion_adaptive_nnls::bandwidth_type__1__d_2___branch_length_optimization_max_iterations_1000__branch_length_optimization_method_fixed_topology_nnls__branch_length_optimization_pair_sample_size_50000__branch_length_optimization_random_state_0__branch_length_optimization_solver_tolerance_1e_05__branch_length_optimization_target_metric_squared_standardized_euclidean__diffusion_method_adaptive_pydiffmap_diffusion__diffusion_time_3__edge_branch_length_variance_policy_normalized_branch_length__epsilon_median__k_neighbors_10__metric_hamming__n_components_30__tree_linkage_method_average,canonical,default_methods,0,"bandwidth_type=-1/(d+2), benchmark_seed=13000, branch_length_optimization_apply_nonconverged=False, branch_length_optimization_max_iterations=1000, branch_length_optimization_method=fixed_topology_nnls, branch_length_optimization_pair_sample_size=50000, branch_length_optimization_random_state=0, branch_length_optimization_solver_tolerance=1e-05, branch_length_optimization_target_metric=squared_standardized_euclidean, diffusion_method=adaptive_pydiffmap_diffusion, diffusion_time=3, edge_alpha=0.001, edge_branch_length_variance_policy=normalized_branch_length, epsilon=median, k_neighbors=10, metric=hamming, n_components=30, sibling_alpha=0.01, tree_linkage_method=average",4,0,160,24,1.0,,,,,,,,,,,,,,,,,,,,,,,,,,,,,,,,,,,,,,,,,,,,,,,,skip,tbs_diffusion_adaptive_nnls uses Hamming diffusion and requires binary or one-hot feature matrices; continuous FeatureSpace inputs are unsupported.,,,,,,,,,0
25,dim_consolidated_4c_72f_continuous,continuous_dimensional_gaussian_examples,dimensional_gaussian,continuous,sparse_subspace_gaussian_mixture,continuous_feature_matrix,continuous_reference_or_diagnostic,none,gaussian_mixture_or_sparse_subspace_gaussian,tbs_diffusion_adaptive_nnls,tbs_diffusion_adaptive_nnls::bandwidth_type__1__d_2___branch_length_optimization_max_iterations_1000__branch_length_optimization_method_fixed_topology_nnls__branch_length_optimization_pair_sample_size_50000__branch_length_optimization_random_state_0__branch_length_optimization_solver_tolerance_1e_05__branch_length_optimization_target_metric_squared_standardized_euclidean__diffusion_method_adaptive_pydiffmap_diffusion__diffusion_time_3__edge_branch_length_variance_policy_normalized_branch_length__epsilon_median__k_neighbors_10__metric_hamming__n_components_30__tree_linkage_method_average,canonical,default_methods,0,"bandwidth_type=-1/(d+2), benchmark_seed=13001, branch_length_optimization_apply_nonconverged=False, branch_length_optimization_max_iterations=1000, branch_length_optimization_method=fixed_topology_nnls, branch_length_optimization_pair_sample_size=50000, branch_length_optimization_random_state=0, branch_length_optimization_solver_tolerance=1e-05, branch_length_optimization_target_metric=squared_standardized_euclidean, diffusion_method=adaptive_pydiffmap_diffusion, diffusion_time=3, edge_alpha=0.001, edge_branch_length_variance_policy=normalized_branch_length, epsilon=median, k_neighbors=10, metric=hamming, n_components=30, sibling_alpha=0.01, tree_linkage_method=average",4,0,160,72,1.0,,,,,,,,,,,,,,,,,,,,,,,,,,,,,,,,,,,,,,,,,,,,,,,,skip,tbs_diffusion_adaptive_nnls uses Hamming diffusion and requires binary or one-hot feature matrices; continuous FeatureSpace inputs are unsupported.,,,,,,,,,0
26,dim_diffuse_6c_136f_continuous,continuous_dimensional_gaussian_examples,dimensional_gaussian,continuous,sparse_subspace_gaussian_mixture,continuous_feature_matrix,continuous_reference_or_diagnostic,none,gaussian_mixture_or_sparse_subspace_gaussian,tbs_diffusion_adaptive_nnls,tbs_diffusion_adaptive_nnls::bandwidth_type__1__d_2___branch_length_optimization_max_iterations_1000__branch_length_optimization_method_fixed_topology_nnls__branch_length_optimization_pair_sample_size_50000__branch_length_optimization_random_state_0__branch_length_optimization_solver_tolerance_1e_05__branch_length_optimization_target_metric_squared_standardized_euclidean__diffusion_method_adaptive_pydiffmap_diffusion__diffusion_time_3__edge_branch_length_variance_policy_normalized_branch_length__epsilon_median__k_neighbors_10__metric_hamming__n_components_30__tree_linkage_method_average,canonical,default_methods,0,"bandwidth_type=-1/(d+2), benchmark_seed=13101, branch_length_optimization_apply_nonconverged=False, branch_length_optimization_max_iterations=1000, branch_length_optimization_method=fixed_topology_nnls, branch_length_optimization_pair_sample_size=50000, branch_length_optimization_random_state=0, branch_length_optimization_solver_tolerance=1e-05, branch_length_optimization_target_metric=squared_standardized_euclidean, diffusion_method=adaptive_pydiffmap_diffusion, diffusion_time=3, edge_alpha=0.001, edge_branch_length_variance_policy=normalized_branch_length, epsilon=median, k_neighbors=10, metric=hamming, n_components=30, sibling_alpha=0.01, tree_linkage_method=average",6,0,180,136,1.0,,,,,,,,,,,,,,,,,,,,,,,,,,,,,,,,,,,,,,,,,,,,,,,,skip,tbs_diffusion_adaptive_nnls uses Hamming diffusion and requires binary or one-hot feature matrices; continuous FeatureSpace inputs are unsupported.,,,,,,,,,0
27,gauss_single_outlier_4c,gaussian_outlier_singleton,gaussian_outliers,median_binary,gaussian_mixture_with_outlier_contamination,per_feature_median_thresholded_continuous_matrix,discretized_continuous_stress,"The simulated source is continuous but the observed benchmark matrix is median-thresholded binary; interpret it as a discretized stress case, not as raw Gaussian clustering.",explicit_bernoulli_threshold_model_or_continuous_gaussian_variant,tbs_diffusion_adaptive_nnls,tbs_diffusion_adaptive_nnls::bandwidth_type__1__d_2___branch_length_optimization_max_iterations_1000__branch_length_optimization_method_fixed_topology_nnls__branch_length_optimization_pair_sample_size_50000__branch_length_optimization_random_state_0__branch_length_optimization_solver_tolerance_1e_05__branch_length_optimization_target_metric_squared_standardized_euclidean__diffusion_method_adaptive_pydiffmap_diffusion__diffusion_time_3__edge_branch_length_variance_policy_normalized_branch_length__epsilon_median__k_neighbors_10__metric_hamming__n_components_30__tree_linkage_method_average,canonical,default_methods,0,"bandwidth_type=-1/(d+2), benchmark_seed=13200, branch_length_optimization_apply_nonconverged=False, branch_length_optimization_max_iterations=1000, branch_length_optimization_method=fixed_topology_nnls, branch_length_optimization_pair_sample_size=50000, branch_length_optimization_random_state=0, branch_length_optimization_solver_tolerance=1e-05, branch_length_optimization_target_metric=squared_standardized_euclidean, diffusion_method=adaptive_pydiffmap_diffusion, diffusion_time=3, edge_alpha=0.001, edge_branch_length_variance_policy=normalized_branch_length, epsilon=median, k_neighbors=10, metric=hamming, n_components=30, sibling_alpha=0.01, tree_linkage_method=average",5,0,161,40,0.006211180124223602,,,,,,,,,,,,,,,,,,,,,,,,,,,,,,,,,,,,,,,,,,,,,,,,skip,"tbs_diffusion_adaptive_nnls uses pydiffmap variable-bandwidth diffusion, but the largest exact duplicate block has 13 rows. pydiffmap's internal NNKDE query size is 8, which can produce zero local bandwidths and non-finite diffusion weights.",,,,,,,,,0
28,gauss_outlier_cluster_4c,gaussian_outlier_contamination,gaussian_outliers,median_binary,gaussian_mixture_with_outlier_contamination,per_feature_median_thresholded_continuous_matrix,discretized_continuous_stress,"The simulated source is continuous but the observed benchmark matrix is median-thresholded binary; interpret it as a discretized stress case, not as raw Gaussian clustering.",explicit_bernoulli_threshold_model_or_continuous_gaussian_variant,tbs_diffusion_adaptive_nnls,tbs_diffusion_adaptive_nnls::bandwidth_type__1__d_2___branch_length_optimization_max_iterations_1000__branch_length_optimization_method_fixed_topology_nnls__branch_length_optimization_pair_sample_size_50000__branch_length_optimization_random_state_0__branch_length_optimization_solver_tolerance_1e_05__branch_length_optimization_target_metric_squared_standardized_euclidean__diffusion_method_adaptive_pydiffmap_diffusion__diffusion_time_3__edge_branch_length_variance_policy_normalized_branch_length__epsilon_median__k_neighbors_10__metric_hamming__n_components_30__tree_linkage_method_average,canonical,default_methods,0,"bandwidth_type=-1/(d+2), benchmark_seed=13201, branch_length_optimization_apply_nonconverged=False, branch_length_optimization_max_iterations=1000, branch_length_optimization_method=fixed_topology_nnls, branch_length_optimization_pair_sample_size=50000, branch_length_optimization_random_state=0, branch_length_optimization_solver_tolerance=1e-05, branch_length_optimization_target_metric=squared_standardized_euclidean, diffusion_method=adaptive_pydiffmap_diffusion, diffusion_time=3, edge_alpha=0.001, edge_branch_length_variance_policy=normalized_branch_length, epsilon=median, k_neighbors=10, metric=hamming, n_components=30, sibling_alpha=0.01, tree_linkage_method=average",5,0,166,40,0.03614457831325301,,,,,,,,,,,,,,,,,,,,,,,,,,,,,,,,,,,,,,,,,,,,,,,,skip,"tbs_diffusion_adaptive_nnls uses pydiffmap variable-bandwidth diffusion, but the largest exact duplicate block has 9 rows. pydiffmap's internal NNKDE query size is 8, which can produce zero local bandwidths and non-finite diffusion weights.",,,,,,,,,0
29,gauss_outlier_shell_4c,gaussian_outlier_contamination,gaussian_outliers,median_binary,gaussian_mixture_with_outlier_contamination,per_feature_median_thresholded_continuous_matrix,discretized_continuous_stress,"The simulated source is continuous but the observed benchmark matrix is median-thresholded binary; interpret it as a discretized stress case, not as raw Gaussian clustering.",explicit_bernoulli_threshold_model_or_continuous_gaussian_variant,tbs_diffusion_adaptive_nnls,tbs_diffusion_adaptive_nnls::bandwidth_type__1__d_2___branch_length_optimization_max_iterations_1000__branch_length_optimization_method_fixed_topology_nnls__branch_length_optimization_pair_sample_size_50000__branch_length_optimization_random_state_0__branch_length_optimization_solver_tolerance_1e_05__branch_length_optimization_target_metric_squared_standardized_euclidean__diffusion_method_adaptive_pydiffmap_diffusion__diffusion_time_3__edge_branch_length_variance_policy_normalized_branch_length__epsilon_median__k_neighbors_10__metric_hamming__n_components_30__tree_linkage_method_average,canonical,default_methods,0,"bandwidth_type=-1/(d+2), benchmark_seed=13202, branch_length_optimization_apply_nonconverged=False, branch_length_optimization_max_iterations=1000, branch_length_optimization_method=fixed_topology_nnls, branch_length_optimization_pair_sample_size=50000, branch_length_optimization_random_state=0, branch_length_optimization_solver_tolerance=1e-05, branch_length_optimization_target_metric=squared_standardized_euclidean, diffusion_method=adaptive_pydiffmap_diffusion, diffusion_time=3, edge_alpha=0.001, edge_branch_length_variance_policy=normalized_branch_length, epsilon=median, k_neighbors=10, metric=hamming, n_components=30, sibling_alpha=0.01, tree_linkage_method=average",5,1,172,40,0.06976744186046512,0.0,0.0,0.0,0.23255813953488372,0.0,1.0,0.0,0.46545275466997227,0.2,0.07547169811320756,0.0,0.0,0.0,172.0,1.0,1.0,-0.0,0.0,0.0,,,,0.0,0.0,0.0,,0.0,4.0,0.0,1.0,0.0022359589929692447,0.0022929580009076744,0.04286633399897255,0.020783709042007104,0.00038346799556165934,0.005953494837740436,0.00072504099807702,0.010480832992470823,0.002010166019317694,0.004428128944709897,0.0008179148862836882,0.023104541993234307,0.021026957998401485,0.0,0.0,0.00010579200170468539,2.4833003408275545e-05,ok,,,,,,,,,,172
30,gauss_single_outlier_4c_continuous,continuous_gaussian_outlier_examples,gaussian_outliers,continuous,gaussian_mixture_with_outlier_contamination,continuous_feature_matrix,continuous_reference_or_diagnostic,none,gaussian_mixture_or_sparse_subspace_gaussian,tbs_diffusion_adaptive_nnls,tbs_diffusion_adaptive_nnls::bandwidth_type__1__d_2___branch_length_optimization_max_iterations_1000__branch_length_optimization_method_fixed_topology_nnls__branch_length_optimization_pair_sample_size_50000__branch_length_optimization_random_state_0__branch_length_optimization_solver_tolerance_1e_05__branch_length_optimization_target_metric_squared_standardized_euclidean__diffusion_method_adaptive_pydiffmap_diffusion__diffusion_time_3__edge_branch_length_variance_policy_normalized_branch_length__epsilon_median__k_neighbors_10__metric_hamming__n_components_30__tree_linkage_method_average,canonical,default_methods,0,"bandwidth_type=-1/(d+2), benchmark_seed=13200, branch_length_optimization_apply_nonconverged=False, branch_length_optimization_max_iterations=1000, branch_length_optimization_method=fixed_topology_nnls, branch_length_optimization_pair_sample_size=50000, branch_length_optimization_random_state=0, branch_length_optimization_solver_tolerance=1e-05, branch_length_optimization_target_metric=squared_standardized_euclidean, diffusion_method=adaptive_pydiffmap_diffusion, diffusion_time=3, edge_alpha=0.001, edge_branch_length_variance_policy=normalized_branch_length, epsilon=median, k_neighbors=10, metric=hamming, n_components=30, sibling_alpha=0.01, tree_linkage_method=average",5,0,161,40,0.006211180124223602,,,,,,,,,,,,,,,,,,,,,,,,,,,,,,,,,,,,,,,,,,,,,,,,skip,tbs_diffusion_adaptive_nnls uses Hamming diffusion and requires binary or one-hot feature matrices; continuous FeatureSpace inputs are unsupported.,,,,,,,,,0
31,gauss_outlier_cluster_4c_continuous,continuous_gaussian_outlier_examples,gaussian_outliers,continuous,gaussian_mixture_with_outlier_contamination,continuous_feature_matrix,continuous_reference_or_diagnostic,none,gaussian_mixture_or_sparse_subspace_gaussian,tbs_diffusion_adaptive_nnls,tbs_diffusion_adaptive_nnls::bandwidth_type__1__d_2___branch_length_optimization_max_iterations_1000__branch_length_optimization_method_fixed_topology_nnls__branch_length_optimization_pair_sample_size_50000__branch_length_optimization_random_state_0__branch_length_optimization_solver_tolerance_1e_05__branch_length_optimization_target_metric_squared_standardized_euclidean__diffusion_method_adaptive_pydiffmap_diffusion__diffusion_time_3__edge_branch_length_variance_policy_normalized_branch_length__epsilon_median__k_neighbors_10__metric_hamming__n_components_30__tree_linkage_method_average,canonical,default_methods,0,"bandwidth_type=-1/(d+2), benchmark_seed=13201, branch_length_optimization_apply_nonconverged=False, branch_length_optimization_max_iterations=1000, branch_length_optimization_method=fixed_topology_nnls, branch_length_optimization_pair_sample_size=50000, branch_length_optimization_random_state=0, branch_length_optimization_solver_tolerance=1e-05, branch_length_optimization_target_metric=squared_standardized_euclidean, diffusion_method=adaptive_pydiffmap_diffusion, diffusion_time=3, edge_alpha=0.001, edge_branch_length_variance_policy=normalized_branch_length, epsilon=median, k_neighbors=10, metric=hamming, n_components=30, sibling_alpha=0.01, tree_linkage_method=average",5,0,166,40,0.03614457831325301,,,,,,,,,,,,,,,,,,,,,,,,,,,,,,,,,,,,,,,,,,,,,,,,skip,tbs_diffusion_adaptive_nnls uses Hamming diffusion and requires binary or one-hot feature matrices; continuous FeatureSpace inputs are unsupported.,,,,,,,,,0
32,binary_balanced_low_noise,binary_balanced_low_noise,binary_template,binary,bernoulli_template_latent_class,native_binary_feature_matrix,binary_distributional_recovery,none,bernoulli_template_or_latent_class_binary_model,tbs_diffusion_adaptive_nnls,tbs_diffusion_adaptive_nnls::bandwidth_type__1__d_2___branch_length_optimization_max_iterations_1000__branch_length_optimization_method_fixed_topology_nnls__branch_length_optimization_pair_sample_size_50000__branch_length_optimization_random_state_0__branch_length_optimization_solver_tolerance_1e_05__branch_length_optimization_target_metric_squared_standardized_euclidean__diffusion_method_adaptive_pydiffmap_diffusion__diffusion_time_3__edge_branch_length_variance_policy_normalized_branch_length__epsilon_median__k_neighbors_10__metric_hamming__n_components_30__tree_linkage_method_average,canonical,default_methods,0,"bandwidth_type=-1/(d+2), benchmark_seed=314, branch_length_optimization_apply_nonconverged=False, branch_length_optimization_max_iterations=1000, branch_length_optimization_method=fixed_topology_nnls, branch_length_optimization_pair_sample_size=50000, branch_length_optimization_random_state=0, branch_length_optimization_solver_tolerance=1e-05, branch_length_optimization_target_metric=squared_standardized_euclidean, diffusion_method=adaptive_pydiffmap_diffusion, diffusion_time=3, edge_alpha=0.001, edge_branch_length_variance_policy=normalized_branch_length, epsilon=median, k_neighbors=10, metric=hamming, n_components=30, sibling_alpha=0.01, tree_linkage_method=average",4,4,72,72,0.25,1.0,1.0,1.0,1.0,1.0,1.0,1.0,1.0,1.0,1.0,1.0,0.0,0.0,18.0,0.25,4.0,1.3862943611198906,0.0,0.0,0.1231593161062224,2.235658929704443,7.580373073803731,,,,,,0.0,0.0,0.0,0.000989583000773564,0.0012875840038759634,0.02571416599676013,0.013080415985314175,0.0002065820008283481,0.0033324580144835636,0.0005817089986521751,0.006296708001173101,0.001154211990069598,0.002802293063723482,0.0007960400398587808,0.026909292006166652,0.0112176249967888,0.0006374999938998371,0.007454082995536737,0.005785250003100373,2.4541994207538664e-05,ok,,,,,,,,,,72
33,binary_balanced_low_noise__2,binary_balanced_low_noise,binary_template,binary,bernoulli_template_latent_class,native_binary_feature_matrix,binary_distributional_recovery,none,bernoulli_template_or_latent_class_binary_model,tbs_diffusion_adaptive_nnls,tbs_diffusion_adaptive_nnls::bandwidth_type__1__d_2___branch_length_optimization_max_iterations_1000__branch_length_optimization_method_fixed_topology_nnls__branch_length_optimization_pair_sample_size_50000__branch_length_optimization_random_state_0__branch_length_optimization_solver_tolerance_1e_05__branch_length_optimization_target_metric_squared_standardized_euclidean__diffusion_method_adaptive_pydiffmap_diffusion__diffusion_time_3__edge_branch_length_variance_policy_normalized_branch_length__epsilon_median__k_neighbors_10__metric_hamming__n_components_30__tree_linkage_method_average,canonical,default_methods,0,"bandwidth_type=-1/(d+2), benchmark_seed=314, branch_length_optimization_apply_nonconverged=False, branch_length_optimization_max_iterations=1000, branch_length_optimization_method=fixed_topology_nnls, branch_length_optimization_pair_sample_size=50000, branch_length_optimization_random_state=0, branch_length_optimization_solver_tolerance=1e-05, branch_length_optimization_target_metric=squared_standardized_euclidean, diffusion_method=adaptive_pydiffmap_diffusion, diffusion_time=3, edge_alpha=0.001, edge_branch_length_variance_policy=normalized_branch_length, epsilon=median, k_neighbors=10, metric=hamming, n_components=30, sibling_alpha=0.01, tree_linkage_method=average",4,4,72,120,0.25,1.0,1.0,1.0,1.0,1.0,1.0,1.0,1.0,1.0,1.0,1.0,0.0,0.0,18.0,0.25,4.0,1.3862943611198906,0.0,0.0,0.11462310945037395,2.272888608154479,6.803003175057891,,,,,,0.0,0.0,0.0,0.0009854169911704957,0.0016235420043813065,0.03361104200303089,0.02008666400797665,0.00021946002379991114,0.003468665134278126,0.0004947080014972016,0.007122249997337349,0.0017052080074790865,0.0028529179107863456,0.0008865389972925186,0.02783462499792222,0.015129209001315758,0.0007516250043408945,0.005494749988429248,0.00473916700866539,2.5542001822032034e-05,ok,,,,,,,,,,72
34,sparse_features_72x72,binary_sparse_features,binary_template,binary,bernoulli_template_latent_class,native_binary_feature_matrix,binary_distributional_recovery,none,bernoulli_template_or_latent_class_binary_model,tbs_diffusion_adaptive_nnls,tbs_diffusion_adaptive_nnls::bandwidth_type__1__d_2___branch_length_optimization_max_iterations_1000__branch_length_optimization_method_fixed_topology_nnls__branch_length_optimization_pair_sample_size_50000__branch_length_optimization_random_state_0__branch_length_optimization_solver_tolerance_1e_05__branch_length_optimization_target_metric_squared_standardized_euclidean__diffusion_method_adaptive_pydiffmap_diffusion__diffusion_time_3__edge_branch_length_variance_policy_normalized_branch_length__epsilon_median__k_neighbors_10__metric_hamming__n_components_30__tree_linkage_method_average,canonical,default_methods,0,"bandwidth_type=-1/(d+2), benchmark_seed=500, branch_length_optimization_apply_nonconverged=False, branch_length_optimization_max_iterations=1000, branch_length_optimization_method=fixed_topology_nnls, branch_length_optimization_pair_sample_size=50000, branch_length_optimization_random_state=0, branch_length_optimization_solver_tolerance=1e-05, branch_length_optimization_target_metric=squared_standardized_euclidean, diffusion_method=adaptive_pydiffmap_diffusion, diffusion_time=3, edge_alpha=0.001, edge_branch_length_variance_policy=normalized_branch_length, epsilon=median, k_neighbors=10, metric=hamming, n_components=30, sibling_alpha=0.01, tree_linkage_method=average",4,4,72,72,0.1,1.0,1.0,1.0,1.0,1.0,1.0,1.0,1.0,1.0,1.0,1.0,0.0,0.0,18.0,0.25,4.0,1.3862943611198906,0.0,0.0,0.4096986872616861,0.9740137258772337,37.15391522988505,,,,,,0.0,0.0,0.0,0.0009883329912554473,0.001375499996356666,0.02573691599536687,0.013257588056148961,0.00020858188509009778,0.003403117007110268,0.0003954999992856756,0.006209791012224741,0.0011674619745463133,0.002701878038351424,0.0007669129554415122,0.01918491700780578,0.011451792001025751,0.000799959001597017,0.002089292000164278,0.003095874999416992,2.837499778252095e-05,ok,,,,,,,,,,72
35,sparse_features_100x500,binary_sparse_features,binary_template,binary,bernoulli_template_latent_class,native_binary_feature_matrix,binary_distributional_recovery,none,bernoulli_template_or_latent_class_binary_model,tbs_diffusion_adaptive_nnls,tbs_diffusion_adaptive_nnls::bandwidth_type__1__d_2___branch_length_optimization_max_iterations_1000__branch_length_optimization_method_fixed_topology_nnls__branch_length_optimization_pair_sample_size_50000__branch_length_optimization_random_state_0__branch_length_optimization_solver_tolerance_1e_05__branch_length_optimization_target_metric_squared_standardized_euclidean__diffusion_method_adaptive_pydiffmap_diffusion__diffusion_time_3__edge_branch_length_variance_policy_normalized_branch_length__epsilon_median__k_neighbors_10__metric_hamming__n_components_30__tree_linkage_method_average,canonical,default_methods,0,"bandwidth_type=-1/(d+2), benchmark_seed=502, branch_length_optimization_apply_nonconverged=False, branch_length_optimization_max_iterations=1000, branch_length_optimization_method=fixed_topology_nnls, branch_length_optimization_pair_sample_size=50000, branch_length_optimization_random_state=0, branch_length_optimization_solver_tolerance=1e-05, branch_length_optimization_target_metric=squared_standardized_euclidean, diffusion_method=adaptive_pydiffmap_diffusion, diffusion_time=3, edge_alpha=0.001, edge_branch_length_variance_policy=normalized_branch_length, epsilon=median, k_neighbors=10, metric=hamming, n_components=30, sibling_alpha=0.01, tree_linkage_method=average",4,4,100,500,0.1,1.0,1.0,1.0,1.0,1.0,1.0,1.0,1.0,1.0,1.0,1.0,0.0,0.0,25.0,0.25,4.0,1.3862943611198906,0.0,0.0,0.38849238622362386,1.0547869806025199,44.16072571648042,,,,,,0.0,0.0,0.0,0.001208040994242765,0.005873916990822181,0.13641208299668506,0.10668416086991783,0.000431584965554066,0.005338949078577571,0.0012175000010756776,0.019750667008338496,0.00858187307312619,0.005818996069137938,0.0017127929750131443,0.09309241600567475,0.06032358299125917,0.0007979169895406812,0.019406416002311744,0.010681249987101182,2.8750000637955964e-05,ok,,,,,,,,,,100
36,binary_perfect_2c,improved_binary_perfect,binary_template,binary,bernoulli_template_latent_class,native_binary_feature_matrix,binary_distributional_recovery,none,bernoulli_template_or_latent_class_binary_model,tbs_diffusion_adaptive_nnls,tbs_diffusion_adaptive_nnls::bandwidth_type__1__d_2___branch_length_optimization_max_iterations_1000__branch_length_optimization_method_fixed_topology_nnls__branch_length_optimization_pair_sample_size_50000__branch_length_optimization_random_state_0__branch_length_optimization_solver_tolerance_1e_05__branch_length_optimization_target_metric_squared_standardized_euclidean__diffusion_method_adaptive_pydiffmap_diffusion__diffusion_time_3__edge_branch_length_variance_policy_normalized_branch_length__epsilon_median__k_neighbors_10__metric_hamming__n_components_30__tree_linkage_method_average,canonical,default_methods,0,"bandwidth_type=-1/(d+2), benchmark_seed=1000, branch_length_optimization_apply_nonconverged=False, branch_length_optimization_max_iterations=1000, branch_length_optimization_method=fixed_topology_nnls, branch_length_optimization_pair_sample_size=50000, branch_length_optimization_random_state=0, branch_length_optimization_solver_tolerance=1e-05, branch_length_optimization_target_metric=squared_standardized_euclidean, diffusion_method=adaptive_pydiffmap_diffusion, diffusion_time=3, edge_alpha=0.001, edge_branch_length_variance_policy=normalized_branch_length, epsilon=median, k_neighbors=10, metric=hamming, n_components=30, sibling_alpha=0.01, tree_linkage_method=average",2,0,40,50,0.0,,,,,,,,,,,,,,,,,,,,,,,,,,,,,,,,,,,,,,,,,,,,,,,,skip,"tbs_diffusion_adaptive_nnls uses pydiffmap variable-bandwidth diffusion, but the largest exact duplicate block has 19 rows. pydiffmap's internal NNKDE query size is 8, which can produce zero local bandwidths and non-finite diffusion weights.",,,,,,,,,0
37,binary_perfect_4c,improved_binary_perfect,binary_template,binary,bernoulli_template_latent_class,native_binary_feature_matrix,binary_distributional_recovery,none,bernoulli_template_or_latent_class_binary_model,tbs_diffusion_adaptive_nnls,tbs_diffusion_adaptive_nnls::bandwidth_type__1__d_2___branch_length_optimization_max_iterations_1000__branch_length_optimization_method_fixed_topology_nnls__branch_length_optimization_pair_sample_size_50000__branch_length_optimization_random_state_0__branch_length_optimization_solver_tolerance_1e_05__branch_length_optimization_target_metric_squared_standardized_euclidean__diffusion_method_adaptive_pydiffmap_diffusion__diffusion_time_3__edge_branch_length_variance_policy_normalized_branch_length__epsilon_median__k_neighbors_10__metric_hamming__n_components_30__tree_linkage_method_average,canonical,default_methods,0,"bandwidth_type=-1/(d+2), benchmark_seed=1001, branch_length_optimization_apply_nonconverged=False, branch_length_optimization_max_iterations=1000, branch_length_optimization_method=fixed_topology_nnls, branch_length_optimization_pair_sample_size=50000, branch_length_optimization_random_state=0, branch_length_optimization_solver_tolerance=1e-05, branch_length_optimization_target_metric=squared_standardized_euclidean, diffusion_method=adaptive_pydiffmap_diffusion, diffusion_time=3, edge_alpha=0.001, edge_branch_length_variance_policy=normalized_branch_length, epsilon=median, k_neighbors=10, metric=hamming, n_components=30, sibling_alpha=0.01, tree_linkage_method=average",4,0,80,100,0.0,,,,,,,,,,,,,,,,,,,,,,,,,,,,,,,,,,,,,,,,,,,,,,,,skip,"tbs_diffusion_adaptive_nnls uses pydiffmap variable-bandwidth diffusion, but the largest exact duplicate block has 20 rows. pydiffmap's internal NNKDE query size is 8, which can produce zero local bandwidths and non-finite diffusion weights.",,,,,,,,,0
38,binary_perfect_8c,improved_binary_perfect,binary_template,binary,bernoulli_template_latent_class,native_binary_feature_matrix,binary_distributional_recovery,none,bernoulli_template_or_latent_class_binary_model,tbs_diffusion_adaptive_nnls,tbs_diffusion_adaptive_nnls::bandwidth_type__1__d_2___branch_length_optimization_max_iterations_1000__branch_length_optimization_method_fixed_topology_nnls__branch_length_optimization_pair_sample_size_50000__branch_length_optimization_random_state_0__branch_length_optimization_solver_tolerance_1e_05__branch_length_optimization_target_metric_squared_standardized_euclidean__diffusion_method_adaptive_pydiffmap_diffusion__diffusion_time_3__edge_branch_length_variance_policy_normalized_branch_length__epsilon_median__k_neighbors_10__metric_hamming__n_components_30__tree_linkage_method_average,canonical,default_methods,0,"bandwidth_type=-1/(d+2), benchmark_seed=1002, branch_length_optimization_apply_nonconverged=False, branch_length_optimization_max_iterations=1000, branch_length_optimization_method=fixed_topology_nnls, branch_length_optimization_pair_sample_size=50000, branch_length_optimization_random_state=0, branch_length_optimization_solver_tolerance=1e-05, branch_length_optimization_target_metric=squared_standardized_euclidean, diffusion_method=adaptive_pydiffmap_diffusion, diffusion_time=3, edge_alpha=0.001, edge_branch_length_variance_policy=normalized_branch_length, epsilon=median, k_neighbors=10, metric=hamming, n_components=30, sibling_alpha=0.01, tree_linkage_method=average",8,0,160,200,0.0,,,,,,,,,,,,,,,,,,,,,,,,,,,,,,,,,,,,,,,,,,,,,,,,skip,"tbs_diffusion_adaptive_nnls uses pydiffmap variable-bandwidth diffusion, but the largest exact duplicate block has 20 rows. pydiffmap's internal NNKDE query size is 8, which can produce zero local bandwidths and non-finite diffusion weights.",,,,,,,,,0
39,binary_low_noise_2c,improved_binary_low_noise,binary_template,binary,bernoulli_template_latent_class,native_binary_feature_matrix,binary_distributional_recovery,none,bernoulli_template_or_latent_class_binary_model,tbs_diffusion_adaptive_nnls,tbs_diffusion_adaptive_nnls::bandwidth_type__1__d_2___branch_length_optimization_max_iterations_1000__branch_length_optimization_method_fixed_topology_nnls__branch_length_optimization_pair_sample_size_50000__branch_length_optimization_random_state_0__branch_length_optimization_solver_tolerance_1e_05__branch_length_optimization_target_metric_squared_standardized_euclidean__diffusion_method_adaptive_pydiffmap_diffusion__diffusion_time_3__edge_branch_length_variance_policy_normalized_branch_length__epsilon_median__k_neighbors_10__metric_hamming__n_components_30__tree_linkage_method_average,canonical,default_methods,0,"bandwidth_type=-1/(d+2), benchmark_seed=2000, branch_length_optimization_apply_nonconverged=False, branch_length_optimization_max_iterations=1000, branch_length_optimization_method=fixed_topology_nnls, branch_length_optimization_pair_sample_size=50000, branch_length_optimization_random_state=0, branch_length_optimization_solver_tolerance=1e-05, branch_length_optimization_target_metric=squared_standardized_euclidean, diffusion_method=adaptive_pydiffmap_diffusion, diffusion_time=3, edge_alpha=0.001, edge_branch_length_variance_policy=normalized_branch_length, epsilon=median, k_neighbors=10, metric=hamming, n_components=30, sibling_alpha=0.01, tree_linkage_method=average",2,5,40,50,0.05,0.5562579013906448,0.6732681960358261,0.6531818395321075,1.0,1.0,0.5074636742890702,0.6732681960358261,0.7416198487095663,1.0,1.0,1.0,1.0,0.025,8.0,0.4,3.9192684667029956,1.3659050207505157,0.37,0.0,0.13109363251760778,2.4706467984214786,44.422238695329874,,,,,,3.0,1.0,0.0,0.0006474580004578456,0.0007946249970700592,0.012892167011159472,0.005715328035876155,0.00010533102613408118,0.0017247480427613482,0.0002745420060819015,0.003192791002220474,0.000521331952768378,0.001393251950503327,0.0003687489952426404,0.012714166994555853,0.005352167005185038,0.0004107080021640286,0.0020133749931119382,0.0032855000026756898,2.7874993975274265e-05,ok,,,,,,,,,,40
40,binary_low_noise_4c,improved_binary_low_noise,binary_template,binary,bernoulli_template_latent_class,native_binary_feature_matrix,binary_distributional_recovery,none,bernoulli_template_or_latent_class_binary_model,tbs_diffusion_adaptive_nnls,tbs_diffusion_adaptive_nnls::bandwidth_type__1__d_2___branch_length_optimization_max_iterations_1000__branch_length_optimization_method_fixed_topology_nnls__branch_length_optimization_pair_sample_size_50000__branch_length_optimization_random_state_0__branch_length_optimization_solver_tolerance_1e_05__branch_length_optimization_target_metric_squared_standardized_euclidean__diffusion_method_adaptive_pydiffmap_diffusion__diffusion_time_3__edge_branch_length_variance_policy_normalized_branch_length__epsilon_median__k_neighbors_10__metric_hamming__n_components_30__tree_linkage_method_average,canonical,default_methods,0,"bandwidth_type=-1/(d+2), benchmark_seed=2001, branch_length_optimization_apply_nonconverged=False, branch_length_optimization_max_iterations=1000, branch_length_optimization_method=fixed_topology_nnls, branch_length_optimization_pair_sample_size=50000, branch_length_optimization_random_state=0, branch_length_optimization_solver_tolerance=1e-05, branch_length_optimization_target_metric=squared_standardized_euclidean, diffusion_method=adaptive_pydiffmap_diffusion, diffusion_time=3, edge_alpha=0.001, edge_branch_length_variance_policy=normalized_branch_length, epsilon=median, k_neighbors=10, metric=hamming, n_components=30, sibling_alpha=0.01, tree_linkage_method=average",4,5,80,100,0.05,0.9429190751445087,0.956827460877069,0.9541775116862425,1.0,1.0,0.9172283826427616,0.9568274608770689,0.9569688990161648,1.0,1.0,1.0,0.0,0.0,20.0,0.25,4.533049840816274,1.5113949670044375,0.18,0.0,0.4452819823545752,1.2864388985356296,67.27527829313544,,,,,,1.0,1.0,0.0,0.0010913750011241063,0.0016078330081654713,0.03378862500539981,0.019367963017430156,0.00024274496536236256,0.003799738988163881,0.0005443749978439882,0.007382625000900589,0.0015853349905228242,0.003152503035380505,0.000880624953424558,0.026565958993160166,0.015610332993674092,0.0008749580010771751,0.004132166999625042,0.00399991701124236,2.97920050797984e-05,ok,,,,,,,,,,80
41,binary_low_noise_8c,improved_binary_low_noise,binary_template,binary,bernoulli_template_latent_class,native_binary_feature_matrix,binary_distributional_recovery,none,bernoulli_template_or_latent_class_binary_model,tbs_diffusion_adaptive_nnls,tbs_diffusion_adaptive_nnls::bandwidth_type__1__d_2___branch_length_optimization_max_iterations_1000__branch_length_optimization_method_fixed_topology_nnls__branch_length_optimization_pair_sample_size_50000__branch_length_optimization_random_state_0__branch_length_optimization_solver_tolerance_1e_05__branch_length_optimization_target_metric_squared_standardized_euclidean__diffusion_method_adaptive_pydiffmap_diffusion__diffusion_time_3__edge_branch_length_variance_policy_normalized_branch_length__epsilon_median__k_neighbors_10__metric_hamming__n_components_30__tree_linkage_method_average,canonical,default_methods,0,"bandwidth_type=-1/(d+2), benchmark_seed=2002, branch_length_optimization_apply_nonconverged=False, branch_length_optimization_max_iterations=1000, branch_length_optimization_method=fixed_topology_nnls, branch_length_optimization_pair_sample_size=50000, branch_length_optimization_random_state=0, branch_length_optimization_solver_tolerance=1e-05, branch_length_optimization_target_metric=squared_standardized_euclidean, diffusion_method=adaptive_pydiffmap_diffusion, diffusion_time=3, edge_alpha=0.001, edge_branch_length_variance_policy=normalized_branch_length, epsilon=median, k_neighbors=10, metric=hamming, n_components=30, sibling_alpha=0.01, tree_linkage_method=average",8,8,160,200,0.1,1.0,1.0,1.0,1.0,1.0,1.0,1.0,1.0,1.0,1.0,1.0,0.0,0.0,20.0,0.125,7.999999999999998,2.0794415416798357,0.0,0.0,0.26923213385711026,1.41655651586865,21.142428312075825,,,,,,0.0,0.0,0.0,0.002130583001417108,0.004358833000878803,0.10456983299809508,0.07027224777266383,0.0005251608381513506,0.007910637941677123,0.0009072079992620274,0.0214210410049418,0.005484628054546192,0.01000542304245755,0.0021061250590719283,0.06458762500551529,0.04586191700946074,0.0016431249969173223,0.008183666999684647,0.006881582987261936,4.162501136306673e-05,ok,,,,,,,,,,160
42,binary_low_noise_12c,improved_binary_low_noise,binary_template,binary,bernoulli_template_latent_class,native_binary_feature_matrix,binary_distributional_recovery,none,bernoulli_template_or_latent_class_binary_model,tbs_diffusion_adaptive_nnls,tbs_diffusion_adaptive_nnls::bandwidth_type__1__d_2___branch_length_optimization_max_iterations_1000__branch_length_optimization_method_fixed_topology_nnls__branch_length_optimization_pair_sample_size_50000__branch_length_optimization_random_state_0__branch_length_optimization_solver_tolerance_1e_05__branch_length_optimization_target_metric_squared_standardized_euclidean__diffusion_method_adaptive_pydiffmap_diffusion__diffusion_time_3__edge_branch_length_variance_policy_normalized_branch_length__epsilon_median__k_neighbors_10__metric_hamming__n_components_30__tree_linkage_method_average,canonical,default_methods,0,"bandwidth_type=-1/(d+2), benchmark_seed=2003, branch_length_optimization_apply_nonconverged=False, branch_length_optimization_max_iterations=1000, branch_length_optimization_method=fixed_topology_nnls, branch_length_optimization_pair_sample_size=50000, branch_length_optimization_random_state=0, branch_length_optimization_solver_tolerance=1e-05, branch_length_optimization_target_metric=squared_standardized_euclidean, diffusion_method=adaptive_pydiffmap_diffusion, diffusion_time=3, edge_alpha=0.001, edge_branch_length_variance_policy=normalized_branch_length, epsilon=median, k_neighbors=10, metric=hamming, n_components=30, sibling_alpha=0.01, tree_linkage_method=average",12,12,240,300,0.1,1.0,1.0,1.0,1.0,1.0,1.0,1.0,1.0,1.0,1.0,1.0,0.0,0.0,20.0,0.08333333333333333,12.000000000000005,2.484906649788001,0.0,0.0,0.24053448426678364,1.5449888766967839,17.964542494154887,,,,,,0.0,0.0,0.0,0.003184417000738904,0.008038332991418429,0.21873004200460855,0.15408292405481916,0.0008954850200098008,0.012190987923531793,0.0022800000006100163,0.04421824999735691,0.012379547028103843,0.02222884494403843,0.0033744920510798693,0.14925537499948405,0.09306933300103992,0.002223750008852221,0.0375238340056967,0.01432274999388028,5.750000127591193e-05,ok,,,,,,,,,,240
43,binary_moderate_4c,improved_binary_moderate,binary_template,binary,bernoulli_template_latent_class,native_binary_feature_matrix,binary_distributional_recovery,none,bernoulli_template_or_latent_class_binary_model,tbs_diffusion_adaptive_nnls,tbs_diffusion_adaptive_nnls::bandwidth_type__1__d_2___branch_length_optimization_max_iterations_1000__branch_length_optimization_method_fixed_topology_nnls__branch_length_optimization_pair_sample_size_50000__branch_length_optimization_random_state_0__branch_length_optimization_solver_tolerance_1e_05__branch_length_optimization_target_metric_squared_standardized_euclidean__diffusion_method_adaptive_pydiffmap_diffusion__diffusion_time_3__edge_branch_length_variance_policy_normalized_branch_length__epsilon_median__k_neighbors_10__metric_hamming__n_components_30__tree_linkage_method_average,canonical,default_methods,0,"bandwidth_type=-1/(d+2), benchmark_seed=3000, branch_length_optimization_apply_nonconverged=False, branch_length_optimization_max_iterations=1000, branch_length_optimization_method=fixed_topology_nnls, branch_length_optimization_pair_sample_size=50000, branch_length_optimization_random_state=0, branch_length_optimization_solver_tolerance=1e-05, branch_length_optimization_target_metric=squared_standardized_euclidean, diffusion_method=adaptive_pydiffmap_diffusion, diffusion_time=3, edge_alpha=0.001, edge_branch_length_variance_policy=normalized_branch_length, epsilon=median, k_neighbors=10, metric=hamming, n_components=30, sibling_alpha=0.01, tree_linkage_method=average",4,4,80,100,0.12,1.0,1.0,1.0,1.0,1.0,1.0,1.0,1.0,1.0,1.0,1.0,0.0,0.0,20.0,0.25,4.0,1.3862943611198906,0.0,0.0,0.34124159718299324,1.168554871564322,29.18814675446848,,,,,,0.0,0.0,0.0,0.001094749997719191,0.001646292002988048,0.03354324999963865,0.01908108290808741,0.00023399997735396028,0.0038044950197217986,0.0005669590027537197,0.007554000010713935,0.0016465031076222658,0.0032171239581657574,0.0009097069851122797,0.029884292001952417,0.015130584011785686,0.0008081669948296621,0.00651470800221432,0.005713999998988584,2.5834000553004444e-05,ok,,,,,,,,,,80
44,binary_moderate_6c,improved_binary_moderate,binary_template,binary,bernoulli_template_latent_class,native_binary_feature_matrix,binary_distributional_recovery,none,bernoulli_template_or_latent_class_binary_model,tbs_diffusion_adaptive_nnls,tbs_diffusion_adaptive_nnls::bandwidth_type__1__d_2___branch_length_optimization_max_iterations_1000__branch_length_optimization_method_fixed_topology_nnls__branch_length_optimization_pair_sample_size_50000__branch_length_optimization_random_state_0__branch_length_optimization_solver_tolerance_1e_05__branch_length_optimization_target_metric_squared_standardized_euclidean__diffusion_method_adaptive_pydiffmap_diffusion__diffusion_time_3__edge_branch_length_variance_policy_normalized_branch_length__epsilon_median__k_neighbors_10__metric_hamming__n_components_30__tree_linkage_method_average,canonical,default_methods,0,"bandwidth_type=-1/(d+2), benchmark_seed=3001, branch_length_optimization_apply_nonconverged=False, branch_length_optimization_max_iterations=1000, branch_length_optimization_method=fixed_topology_nnls, branch_length_optimization_pair_sample_size=50000, branch_length_optimization_random_state=0, branch_length_optimization_solver_tolerance=1e-05, branch_length_optimization_target_metric=squared_standardized_euclidean, diffusion_method=adaptive_pydiffmap_diffusion, diffusion_time=3, edge_alpha=0.001, edge_branch_length_variance_policy=normalized_branch_length, epsilon=median, k_neighbors=10, metric=hamming, n_components=30, sibling_alpha=0.01, tree_linkage_method=average",6,6,120,150,0.15,1.0,1.0,1.0,1.0,1.0,1.0,1.0,1.0,1.0,1.0,1.0,0.0,0.0,20.0,0.16666666666666666,5.999999999999998,1.7917594692280547,0.0,0.0,0.21577119028827504,1.6258251367899073,15.330627750752836,,,,,,0.0,0.0,0.0,0.0015682500088587403,0.0028510420088423416,0.06400383300206158,0.040690159003133886,0.00037785994936712086,0.005859729877556674,0.0006574169965460896,0.013562457999796607,0.003296537950518541,0.006080752980778925,0.0014443760155700147,0.043884415994398296,0.028251125011593103,0.0012499580043368042,0.007255916003487073,0.005335708003258333,3.374999505467713e-05,ok,,,,,,,,,,120
45,binary_moderate_8c,improved_binary_moderate,binary_template,binary,bernoulli_template_latent_class,native_binary_feature_matrix,binary_distributional_recovery,none,bernoulli_template_or_latent_class_binary_model,tbs_diffusion_adaptive_nnls,tbs_diffusion_adaptive_nnls::bandwidth_type__1__d_2___branch_length_optimization_max_iterations_1000__branch_length_optimization_method_fixed_topology_nnls__branch_length_optimization_pair_sample_size_50000__branch_length_optimization_random_state_0__branch_length_optimization_solver_tolerance_1e_05__branch_length_optimization_target_metric_squared_standardized_euclidean__diffusion_method_adaptive_pydiffmap_diffusion__diffusion_time_3__edge_branch_length_variance_policy_normalized_branch_length__epsilon_median__k_neighbors_10__metric_hamming__n_components_30__tree_linkage_method_average,canonical,default_methods,0,"bandwidth_type=-1/(d+2), benchmark_seed=3002, branch_length_optimization_apply_nonconverged=False, branch_length_optimization_max_iterations=1000, branch_length_optimization_method=fixed_topology_nnls, branch_length_optimization_pair_sample_size=50000, branch_length_optimization_random_state=0, branch_length_optimization_solver_tolerance=1e-05, branch_length_optimization_target_metric=squared_standardized_euclidean, diffusion_method=adaptive_pydiffmap_diffusion, diffusion_time=3, edge_alpha=0.001, edge_branch_length_variance_policy=normalized_branch_length, epsilon=median, k_neighbors=10, metric=hamming, n_components=30, sibling_alpha=0.01, tree_linkage_method=average",8,8,200,250,0.12,1.0,1.0,1.0,1.0,1.0,1.0,1.0,1.0,1.0,1.0,1.0,0.0,0.0,25.0,0.125,7.999999999999998,2.0794415416798357,0.0,0.0,0.23997639373825805,1.5341092588980136,21.562269798453226,,,,,,0.0,0.0,0.0,0.002676415999303572,0.0060064999997848645,0.15425891600898467,0.1075204631924862,0.0006590028351638466,0.009763535083038732,0.0013966250116936862,0.030828624992864206,0.008828758000163361,0.014175628981320187,0.0027635439910227433,0.10055849999480415,0.06682187499245629,0.0020366249955259264,0.01963916700333357,0.009959750008420087,4.499999340623617e-05,ok,,,,,,,,,,200
46,binary_hard_4c,improved_binary_hard,binary_template,binary,bernoulli_template_latent_class,native_binary_feature_matrix,binary_distributional_recovery,none,bernoulli_template_or_latent_class_binary_model,tbs_diffusion_adaptive_nnls,tbs_diffusion_adaptive_nnls::bandwidth_type__1__d_2___branch_length_optimization_max_iterations_1000__branch_length_optimization_method_fixed_topology_nnls__branch_length_optimization_pair_sample_size_50000__branch_length_optimization_random_state_0__branch_length_optimization_solver_tolerance_1e_05__branch_length_optimization_target_metric_squared_standardized_euclidean__diffusion_method_adaptive_pydiffmap_diffusion__diffusion_time_3__edge_branch_length_variance_policy_normalized_branch_length__epsilon_median__k_neighbors_10__metric_hamming__n_components_30__tree_linkage_method_average,canonical,default_methods,0,"bandwidth_type=-1/(d+2), benchmark_seed=4000, branch_length_optimization_apply_nonconverged=False, branch_length_optimization_max_iterations=1000, branch_length_optimization_method=fixed_topology_nnls, branch_length_optimization_pair_sample_size=50000, branch_length_optimization_random_state=0, branch_length_optimization_solver_tolerance=1e-05, branch_length_optimization_target_metric=squared_standardized_euclidean, diffusion_method=adaptive_pydiffmap_diffusion, diffusion_time=3, edge_alpha=0.001, edge_branch_length_variance_policy=normalized_branch_length, epsilon=median, k_neighbors=10, metric=hamming, n_components=30, sibling_alpha=0.01, tree_linkage_method=average",4,4,100,200,0.2,1.0,1.0,1.0,1.0,1.0,1.0,1.0,1.0,1.0,1.0,1.0,0.0,0.0,25.0,0.25,4.0,1.3862943611198906,0.0,0.0,0.175632025139428,1.9007626451699688,14.081210797633254,,,,,,0.0,0.0,0.0,0.001304208009969443,0.0029051250021439046,0.06462983399978839,0.04377362903323956,0.00031337596010416746,0.0048359019856434315,0.0009811249910853803,0.012078499989002012,0.0035364169743843377,0.004725502978544682,0.0013270868948893622,0.056655958003830165,0.028303458006121218,0.0008533750078640878,0.01612366599147208,0.009527000001980923,2.8624999686144292e-05,ok,,,,,,,,,,100
47,binary_hard_8c,improved_binary_hard,binary_template,binary,bernoulli_template_latent_class,native_binary_feature_matrix,binary_distributional_recovery,none,bernoulli_template_or_latent_class_binary_model,tbs_diffusion_adaptive_nnls,tbs_diffusion_adaptive_nnls::bandwidth_type__1__d_2___branch_length_optimization_max_iterations_1000__branch_length_optimization_method_fixed_topology_nnls__branch_length_optimization_pair_sample_size_50000__branch_length_optimization_random_state_0__branch_length_optimization_solver_tolerance_1e_05__branch_length_optimization_target_metric_squared_standardized_euclidean__diffusion_method_adaptive_pydiffmap_diffusion__diffusion_time_3__edge_branch_length_variance_policy_normalized_branch_length__epsilon_median__k_neighbors_10__metric_hamming__n_components_30__tree_linkage_method_average,canonical,default_methods,0,"bandwidth_type=-1/(d+2), benchmark_seed=4001, branch_length_optimization_apply_nonconverged=False, branch_length_optimization_max_iterations=1000, branch_length_optimization_method=fixed_topology_nnls, branch_length_optimization_pair_sample_size=50000, branch_length_optimization_random_state=0, branch_length_optimization_solver_tolerance=1e-05, branch_length_optimization_target_metric=squared_standardized_euclidean, diffusion_method=adaptive_pydiffmap_diffusion, diffusion_time=3, edge_alpha=0.001, edge_branch_length_variance_policy=normalized_branch_length, epsilon=median, k_neighbors=10, metric=hamming, n_components=30, sibling_alpha=0.01, tree_linkage_method=average",8,8,280,400,0.15,1.0,1.0,1.0,1.0,1.0,1.0,1.0,1.0,1.0,1.0,1.0,0.0,0.0,35.0,0.125,7.999999999999998,2.0794415416798357,0.0,0.0,0.18129209806987642,1.8753110876765664,20.593239017784732,,,,,,0.0,0.0,0.0,0.003956832995754667,0.012377874998492189,0.31957300000067335,0.23952199914492667,0.0010503610246814787,0.013896380871301517,0.0022067499958211556,0.05745045799994841,0.019420578013523482,0.025479710951913148,0.004592628902173601,0.19380162499146536,0.13732266701117624,0.002753042004769668,0.03781587500998285,0.013589374997536652,4.891600110568106e-05,ok,,,,,,,,,,280
48,binary_unbalanced_low,improved_binary_unbalanced,binary_template,binary,bernoulli_template_latent_class,native_binary_feature_matrix,binary_distributional_recovery,none,bernoulli_template_or_latent_class_binary_model,tbs_diffusion_adaptive_nnls,tbs_diffusion_adaptive_nnls::bandwidth_type__1__d_2___branch_length_optimization_max_iterations_1000__branch_length_optimization_method_fixed_topology_nnls__branch_length_optimization_pair_sample_size_50000__branch_length_optimization_random_state_0__branch_length_optimization_solver_tolerance_1e_05__branch_length_optimization_target_metric_squared_standardized_euclidean__diffusion_method_adaptive_pydiffmap_diffusion__diffusion_time_3__edge_branch_length_variance_policy_normalized_branch_length__epsilon_median__k_neighbors_10__metric_hamming__n_components_30__tree_linkage_method_average,canonical,default_methods,0,"bandwidth_type=-1/(d+2), benchmark_seed=5000, branch_length_optimization_apply_nonconverged=False, branch_length_optimization_max_iterations=1000, branch_length_optimization_method=fixed_topology_nnls, branch_length_optimization_pair_sample_size=50000, branch_length_optimization_random_state=0, branch_length_optimization_solver_tolerance=1e-05, branch_length_optimization_target_metric=squared_standardized_euclidean, diffusion_method=adaptive_pydiffmap_diffusion, diffusion_time=3, edge_alpha=0.001, edge_branch_length_variance_policy=normalized_branch_length, epsilon=median, k_neighbors=10, metric=hamming, n_components=30, sibling_alpha=0.01, tree_linkage_method=average",4,4,100,150,0.1,1.0,1.0,1.0,1.0,1.0,1.0,1.0,1.0,1.0,1.0,1.0,0.0,0.0,24.0,0.3,3.9721829028977145,1.3793157931836013,0.06,0.0,0.3916498101306264,1.0339868309468399,45.60709283255666,,,,,,0.0,0.0,0.0,0.0013103749952279031,0.002380457997787744,0.05355825000151526,0.03408220112032723,0.00031192110327538103,0.0049042439786717296,0.0007186250004451722,0.010766124993097037,0.0027850428741658106,0.004459335104911588,0.0011925429716939107,0.04265616698830854,0.0237665000022389,0.0010045829985756427,0.009276958007831126,0.006861165995360352,2.8416005079634488e-05,ok,,,,,,,,,,100
49,binary_unbalanced_med,improved_binary_unbalanced,binary_template,binary,bernoulli_template_latent_class,native_binary_feature_matrix,binary_distributional_recovery,none,bernoulli_template_or_latent_class_binary_model,tbs_diffusion_adaptive_nnls,tbs_diffusion_adaptive_nnls::bandwidth_type__1__d_2___branch_length_optimization_max_iterations_1000__branch_length_optimization_method_fixed_topology_nnls__branch_length_optimization_pair_sample_size_50000__branch_length_optimization_random_state_0__branch_length_optimization_solver_tolerance_1e_05__branch_length_optimization_target_metric_squared_standardized_euclidean__diffusion_method_adaptive_pydiffmap_diffusion__diffusion_time_3__edge_branch_length_variance_policy_normalized_branch_length__epsilon_median__k_neighbors_10__metric_hamming__n_components_30__tree_linkage_method_average,canonical,default_methods,0,"bandwidth_type=-1/(d+2), benchmark_seed=5001, branch_length_optimization_apply_nonconverged=False, branch_length_optimization_max_iterations=1000, branch_length_optimization_method=fixed_topology_nnls, branch_length_optimization_pair_sample_size=50000, branch_length_optimization_random_state=0, branch_length_optimization_solver_tolerance=1e-05, branch_length_optimization_target_metric=squared_standardized_euclidean, diffusion_method=adaptive_pydiffmap_diffusion, diffusion_time=3, edge_alpha=0.001, edge_branch_length_variance_policy=normalized_branch_length, epsilon=median, k_neighbors=10, metric=hamming, n_components=30, sibling_alpha=0.01, tree_linkage_method=average",6,6,150,200,0.12,1.0,0.9999999999999999,0.9999999999999999,1.0,1.0,0.9999999999999999,0.9999999999999999,1.0,1.0,1.0,1.0,0.0,0.0,24.0,0.20666666666666667,5.956653869143941,1.7845088920639758,0.06222222222222222,0.0,0.28802949219993434,1.357340143743846,27.489428179538255,,,,,,0.0,0.0,0.0,0.0019782079907599837,0.003971666999859735,0.09778087498852983,0.06529278120433446,0.00047381311014760286,0.007225147041026503,0.0015904589963611215,0.019817499996861443,0.0053213690262055025,0.00889395691046957,0.0019313760712975636,0.08714304200839251,0.04266724998888094,0.0012202079960843548,0.027857417007908225,0.013311249989783391,3.6416997318156064e-05,ok,,,,,,,,,,150
50,binary_2clusters,improved_binary_edge_cases,binary_template,binary,bernoulli_template_latent_class,native_binary_feature_matrix,binary_distributional_recovery,none,bernoulli_template_or_latent_class_binary_model,tbs_diffusion_adaptive_nnls,tbs_diffusion_adaptive_nnls::bandwidth_type__1__d_2___branch_length_optimization_max_iterations_1000__branch_length_optimization_method_fixed_topology_nnls__branch_length_optimization_pair_sample_size_50000__branch_length_optimization_random_state_0__branch_length_optimization_solver_tolerance_1e_05__branch_length_optimization_target_metric_squared_standardized_euclidean__diffusion_method_adaptive_pydiffmap_diffusion__diffusion_time_3__edge_branch_length_variance_policy_normalized_branch_length__epsilon_median__k_neighbors_10__metric_hamming__n_components_30__tree_linkage_method_average,canonical,default_methods,0,"bandwidth_type=-1/(d+2), benchmark_seed=7000, branch_length_optimization_apply_nonconverged=False, branch_length_optimization_max_iterations=1000, branch_length_optimization_method=fixed_topology_nnls, branch_length_optimization_pair_sample_size=50000, branch_length_optimization_random_state=0, branch_length_optimization_solver_tolerance=1e-05, branch_length_optimization_target_metric=squared_standardized_euclidean, diffusion_method=adaptive_pydiffmap_diffusion, diffusion_time=3, edge_alpha=0.001, edge_branch_length_variance_policy=normalized_branch_length, epsilon=median, k_neighbors=10, metric=hamming, n_components=30, sibling_alpha=0.01, tree_linkage_method=average",2,2,50,60,0.1,1.0,1.0,1.0,1.0,1.0,1.0,1.0,1.0,1.0,1.0,1.0,0.0,0.0,25.0,0.5,2.0,0.6931471805599453,0.0,0.0,0.5058501844250611,0.7787155476997636,76.95209217707698,,,,,,0.0,0.0,0.0,0.0007373329863185063,0.0009415409876964986,0.01658216600480955,0.007930624022264965,0.00014124595327302814,0.002316162994247861,0.000227833996177651,0.004074333992321044,0.0007103689713403583,0.0016886639496078715,0.0005382939998526126,0.01176324998959899,0.007313541995245032,0.0005718339962186292,0.0006752920016879216,0.0015408749895868823,1.620799594093114e-05,ok,,,,,,,,,,50
51,binary_many_features,improved_binary_edge_cases,binary_template,binary,bernoulli_template_latent_class,native_binary_feature_matrix,binary_distributional_recovery,none,bernoulli_template_or_latent_class_binary_model,tbs_diffusion_adaptive_nnls,tbs_diffusion_adaptive_nnls::bandwidth_type__1__d_2___branch_length_optimization_max_iterations_1000__branch_length_optimization_method_fixed_topology_nnls__branch_length_optimization_pair_sample_size_50000__branch_length_optimization_random_state_0__branch_length_optimization_solver_tolerance_1e_05__branch_length_optimization_target_metric_squared_standardized_euclidean__diffusion_method_adaptive_pydiffmap_diffusion__diffusion_time_3__edge_branch_length_variance_policy_normalized_branch_length__epsilon_median__k_neighbors_10__metric_hamming__n_components_30__tree_linkage_method_average,canonical,default_methods,0,"bandwidth_type=-1/(d+2), benchmark_seed=7002, branch_length_optimization_apply_nonconverged=False, branch_length_optimization_max_iterations=1000, branch_length_optimization_method=fixed_topology_nnls, branch_length_optimization_pair_sample_size=50000, branch_length_optimization_random_state=0, branch_length_optimization_solver_tolerance=1e-05, branch_length_optimization_target_metric=squared_standardized_euclidean, diffusion_method=adaptive_pydiffmap_diffusion, diffusion_time=3, edge_alpha=0.001, edge_branch_length_variance_policy=normalized_branch_length, epsilon=median, k_neighbors=10, metric=hamming, n_components=30, sibling_alpha=0.01, tree_linkage_method=average",4,4,100,2000,0.1,1.0,1.0,1.0,1.0,1.0,1.0,1.0,1.0,1.0,1.0,1.0,0.0,0.0,25.0,0.25,4.0,1.3862943611198906,0.0,0.0,0.39759665007499967,1.0339291996373827,45.79429314992099,,,,,,0.0,0.0,0.0,0.001339791007922031,0.020007500002975576,0.4833221250009956,0.4193833749741316,0.0007581749669043347,0.005517162993783131,0.001192708994494751,0.05347279200213961,0.03235600399784744,0.009892079964629374,0.0031738330580992624,0.2702770839969162,0.23709729200345464,0.0007259590056492016,0.018675415994948708,0.011776375002227724,2.995799877680838e-05,ok,,,,,,,,,,100
52,binary_many_clusters,improved_binary_edge_cases,binary_template,binary,bernoulli_template_latent_class,native_binary_feature_matrix,binary_distributional_recovery,none,bernoulli_template_or_latent_class_binary_model,tbs_diffusion_adaptive_nnls,tbs_diffusion_adaptive_nnls::bandwidth_type__1__d_2___branch_length_optimization_max_iterations_1000__branch_length_optimization_method_fixed_topology_nnls__branch_length_optimization_pair_sample_size_50000__branch_length_optimization_random_state_0__branch_length_optimization_solver_tolerance_1e_05__branch_length_optimization_target_metric_squared_standardized_euclidean__diffusion_method_adaptive_pydiffmap_diffusion__diffusion_time_3__edge_branch_length_variance_policy_normalized_branch_length__epsilon_median__k_neighbors_10__metric_hamming__n_components_30__tree_linkage_method_average,canonical,default_methods,0,"bandwidth_type=-1/(d+2), benchmark_seed=7003, branch_length_optimization_apply_nonconverged=False, branch_length_optimization_max_iterations=1000, branch_length_optimization_method=fixed_topology_nnls, branch_length_optimization_pair_sample_size=50000, branch_length_optimization_random_state=0, branch_length_optimization_solver_tolerance=1e-05, branch_length_optimization_target_metric=squared_standardized_euclidean, diffusion_method=adaptive_pydiffmap_diffusion, diffusion_time=3, edge_alpha=0.001, edge_branch_length_variance_policy=normalized_branch_length, epsilon=median, k_neighbors=10, metric=hamming, n_components=30, sibling_alpha=0.01, tree_linkage_method=average",15,15,300,400,0.1,1.0,1.0,1.0,1.0,1.0,1.0,1.0,1.0,1.0,1.0,1.0,0.0,0.0,20.0,0.06666666666666667,15.0,2.70805020110221,0.0,0.0,0.2104042132339598,1.6747502139870605,15.161074529780297,,,,,,0.0,0.0,0.0,0.004153583999141119,0.012954000005265698,0.3533121670043329,0.257131166261388,0.0011701790208462626,0.015024771142634563,0.0026334160065744072,0.07145124999806285,0.02089255013561342,0.03762021198053844,0.0044988379668211564,0.21698079199995846,0.14674966700840741,0.0028761249996023253,0.04933500000333879,0.015667957995901816,7.016600284259766e-05,ok,,,,,,,,,,300
53,binary_null_small,binary_null,binary_template,binary,bernoulli_template_latent_class,native_binary_feature_matrix,binary_distributional_recovery,none,bernoulli_template_or_latent_class_binary_model,tbs_diffusion_adaptive_nnls,tbs_diffusion_adaptive_nnls::bandwidth_type__1__d_2___branch_length_optimization_max_iterations_1000__branch_length_optimization_method_fixed_topology_nnls__branch_length_optimization_pair_sample_size_50000__branch_length_optimization_random_state_0__branch_length_optimization_solver_tolerance_1e_05__branch_length_optimization_target_metric_squared_standardized_euclidean__diffusion_method_adaptive_pydiffmap_diffusion__diffusion_time_3__edge_branch_length_variance_policy_normalized_branch_length__epsilon_median__k_neighbors_10__metric_hamming__n_components_30__tree_linkage_method_average,canonical,default_methods,0,"bandwidth_type=-1/(d+2), benchmark_seed=10000, branch_length_optimization_apply_nonconverged=False, branch_length_optimization_max_iterations=1000, branch_length_optimization_method=fixed_topology_nnls, branch_length_optimization_pair_sample_size=50000, branch_length_optimization_random_state=0, branch_length_optimization_solver_tolerance=1e-05, branch_length_optimization_target_metric=squared_standardized_euclidean, diffusion_method=adaptive_pydiffmap_diffusion, diffusion_time=3, edge_alpha=0.001, edge_branch_length_variance_policy=normalized_branch_length, epsilon=median, k_neighbors=10, metric=hamming, n_components=30, sibling_alpha=0.01, tree_linkage_method=average",1,0,60,80,0.0,,,,,,,,,,,,,,,,,,,,,,,,,,,,,,,,,,,,,,,,,,,,,,,,skip,"tbs_diffusion_adaptive_nnls uses pydiffmap variable-bandwidth diffusion, but the largest exact duplicate block has 60 rows. pydiffmap's internal NNKDE query size is 8, which can produce zero local bandwidths and non-finite diffusion weights.",,,,,,,,,0
54,binary_null_medium,binary_null,binary_template,binary,bernoulli_template_latent_class,native_binary_feature_matrix,binary_distributional_recovery,none,bernoulli_template_or_latent_class_binary_model,tbs_diffusion_adaptive_nnls,tbs_diffusion_adaptive_nnls::bandwidth_type__1__d_2___branch_length_optimization_max_iterations_1000__branch_length_optimization_method_fixed_topology_nnls__branch_length_optimization_pair_sample_size_50000__branch_length_optimization_random_state_0__branch_length_optimization_solver_tolerance_1e_05__branch_length_optimization_target_metric_squared_standardized_euclidean__diffusion_method_adaptive_pydiffmap_diffusion__diffusion_time_3__edge_branch_length_variance_policy_normalized_branch_length__epsilon_median__k_neighbors_10__metric_hamming__n_components_30__tree_linkage_method_average,canonical,default_methods,0,"bandwidth_type=-1/(d+2), benchmark_seed=10001, branch_length_optimization_apply_nonconverged=False, branch_length_optimization_max_iterations=1000, branch_length_optimization_method=fixed_topology_nnls, branch_length_optimization_pair_sample_size=50000, branch_length_optimization_random_state=0, branch_length_optimization_solver_tolerance=1e-05, branch_length_optimization_target_metric=squared_standardized_euclidean, diffusion_method=adaptive_pydiffmap_diffusion, diffusion_time=3, edge_alpha=0.001, edge_branch_length_variance_policy=normalized_branch_length, epsilon=median, k_neighbors=10, metric=hamming, n_components=30, sibling_alpha=0.01, tree_linkage_method=average",1,0,200,150,0.0,,,,,,,,,,,,,,,,,,,,,,,,,,,,,,,,,,,,,,,,,,,,,,,,skip,"tbs_diffusion_adaptive_nnls uses pydiffmap variable-bandwidth diffusion, but the largest exact duplicate block has 200 rows. pydiffmap's internal NNKDE query size is 8, which can produce zero local bandwidths and non-finite diffusion weights.",,,,,,,,,0
55,binary_multiscale_4c,binary_multiscale,binary_template,binary,bernoulli_template_latent_class,native_binary_feature_matrix,binary_distributional_recovery,none,bernoulli_template_or_latent_class_binary_model,tbs_diffusion_adaptive_nnls,tbs_diffusion_adaptive_nnls::bandwidth_type__1__d_2___branch_length_optimization_max_iterations_1000__branch_length_optimization_method_fixed_topology_nnls__branch_length_optimization_pair_sample_size_50000__branch_length_optimization_random_state_0__branch_length_optimization_solver_tolerance_1e_05__branch_length_optimization_target_metric_squared_standardized_euclidean__diffusion_method_adaptive_pydiffmap_diffusion__diffusion_time_3__edge_branch_length_variance_policy_normalized_branch_length__epsilon_median__k_neighbors_10__metric_hamming__n_components_30__tree_linkage_method_average,canonical,default_methods,0,"bandwidth_type=-1/(d+2), benchmark_seed=11000, branch_length_optimization_apply_nonconverged=False, branch_length_optimization_max_iterations=1000, branch_length_optimization_method=fixed_topology_nnls, branch_length_optimization_pair_sample_size=50000, branch_length_optimization_random_state=0, branch_length_optimization_solver_tolerance=1e-05, branch_length_optimization_target_metric=squared_standardized_euclidean, diffusion_method=adaptive_pydiffmap_diffusion, diffusion_time=3, edge_alpha=0.001, edge_branch_length_variance_policy=normalized_branch_length, epsilon=median, k_neighbors=10, metric=hamming, n_components=30, sibling_alpha=0.01, tree_linkage_method=average",4,4,120,160,0.08,1.0,1.0,1.0,1.0,1.0,1.0,1.0,1.0,1.0,1.0,1.0,0.0,0.0,30.0,0.25,4.0,1.3862943611198906,0.0,0.0,0.44088890923018387,0.925888291987941,69.17502747959493,,,,,,0.0,0.0,0.0,0.0015559169987682253,0.0029887080017942935,0.06711487501161173,0.043094951965031214,0.000385458130040206,0.005903530836803839,0.0008152080117724836,0.01387804199475795,0.003671907150419429,0.005844542974955402,0.001475041950470768,0.04922233399702236,0.029659000007086433,0.0012692919990513474,0.009627583989640698,0.006822750001447275,2.8624999686144292e-05,ok,,,,,,,,,,120
56,binary_multiscale_6c,binary_multiscale,binary_template,binary,bernoulli_template_latent_class,native_binary_feature_matrix,binary_distributional_recovery,none,bernoulli_template_or_latent_class_binary_model,tbs_diffusion_adaptive_nnls,tbs_diffusion_adaptive_nnls::bandwidth_type__1__d_2___branch_length_optimization_max_iterations_1000__branch_length_optimization_method_fixed_topology_nnls__branch_length_optimization_pair_sample_size_50000__branch_length_optimization_random_state_0__branch_length_optimization_solver_tolerance_1e_05__branch_length_optimization_target_metric_squared_standardized_euclidean__diffusion_method_adaptive_pydiffmap_diffusion__diffusion_time_3__edge_branch_length_variance_policy_normalized_branch_length__epsilon_median__k_neighbors_10__metric_hamming__n_components_30__tree_linkage_method_average,canonical,default_methods,0,"bandwidth_type=-1/(d+2), benchmark_seed=11001, branch_length_optimization_apply_nonconverged=False, branch_length_optimization_max_iterations=1000, branch_length_optimization_method=fixed_topology_nnls, branch_length_optimization_pair_sample_size=50000, branch_length_optimization_random_state=0, branch_length_optimization_solver_tolerance=1e-05, branch_length_optimization_target_metric=squared_standardized_euclidean, diffusion_method=adaptive_pydiffmap_diffusion, diffusion_time=3, edge_alpha=0.001, edge_branch_length_variance_policy=normalized_branch_length, epsilon=median, k_neighbors=10, metric=hamming, n_components=30, sibling_alpha=0.01, tree_linkage_method=average",6,6,180,240,0.1,1.0,1.0,1.0,1.0,1.0,1.0,1.0,1.0,1.0,1.0,1.0,0.0,0.0,30.0,0.16666666666666666,5.999999999999998,1.7917594692280547,0.0,0.0,0.3129771646299509,1.277572554402637,37.3920224490338,,,,,,0.0,0.0,0.0,0.0023694169940426946,0.005361457995604724,0.1345577080064686,0.09448678702756297,0.0006063378968974575,0.009012319147586823,0.0008981669961940497,0.025702250000904314,0.007475543927284889,0.011368709048838355,0.002407126026810147,0.07508912499179132,0.058481416999711655,0.001929291000124067,0.007216541998786852,0.005526709006517194,3.716700302902609e-05,ok,,,,,,,,,,180
57,binary_noise_feat_50i_200n,binary_noise_features,binary_template,binary,bernoulli_template_latent_class,native_binary_feature_matrix,binary_distributional_recovery,none,bernoulli_template_or_latent_class_binary_model,tbs_diffusion_adaptive_nnls,tbs_diffusion_adaptive_nnls::bandwidth_type__1__d_2___branch_length_optimization_max_iterations_1000__branch_length_optimization_method_fixed_topology_nnls__branch_length_optimization_pair_sample_size_50000__branch_length_optimization_random_state_0__branch_length_optimization_solver_tolerance_1e_05__branch_length_optimization_target_metric_squared_standardized_euclidean__diffusion_method_adaptive_pydiffmap_diffusion__diffusion_time_3__edge_branch_length_variance_policy_normalized_branch_length__epsilon_median__k_neighbors_10__metric_hamming__n_components_30__tree_linkage_method_average,canonical,default_methods,0,"bandwidth_type=-1/(d+2), benchmark_seed=12000, branch_length_optimization_apply_nonconverged=False, branch_length_optimization_max_iterations=1000, branch_length_optimization_method=fixed_topology_nnls, branch_length_optimization_pair_sample_size=50000, branch_length_optimization_random_state=0, branch_length_optimization_solver_tolerance=1e-05, branch_length_optimization_target_metric=squared_standardized_euclidean, diffusion_method=adaptive_pydiffmap_diffusion, diffusion_time=3, edge_alpha=0.001, edge_branch_length_variance_policy=normalized_branch_length, epsilon=median, k_neighbors=10, metric=hamming, n_components=30, sibling_alpha=0.01, tree_linkage_method=average",4,4,120,450,0.08,1.0,1.0,1.0,1.0,1.0,1.0,1.0,1.0,1.0,1.0,1.0,0.0,0.0,30.0,0.25,4.0,1.3862943611198906,0.0,0.0,0.21370453947086976,1.712710100467453,20.378319748773862,,,,,,0.0,0.0,0.0,0.001589749997947365,0.006132333001005463,0.1461380839900812,0.11378887298633344,0.0004602949629770592,0.00601991692383308,0.0009620829951018095,0.021862040986889042,0.009152452999842353,0.006799746057367884,0.0020985769951948896,0.09216412500245497,0.06537545799801592,0.0011300840124022216,0.015137750000576489,0.008582458001910709,2.9791990527883172e-05,ok,,,,,,,,,,120
58,binary_noise_feat_80i_400n,binary_noise_features,binary_template,binary,bernoulli_template_latent_class,native_binary_feature_matrix,binary_distributional_recovery,none,bernoulli_template_or_latent_class_binary_model,tbs_diffusion_adaptive_nnls,tbs_diffusion_adaptive_nnls::bandwidth_type__1__d_2___branch_length_optimization_max_iterations_1000__branch_length_optimization_method_fixed_topology_nnls__branch_length_optimization_pair_sample_size_50000__branch_length_optimization_random_state_0__branch_length_optimization_solver_tolerance_1e_05__branch_length_optimization_target_metric_squared_standardized_euclidean__diffusion_method_adaptive_pydiffmap_diffusion__diffusion_time_3__edge_branch_length_variance_policy_normalized_branch_length__epsilon_median__k_neighbors_10__metric_hamming__n_components_30__tree_linkage_method_average,canonical,default_methods,0,"bandwidth_type=-1/(d+2), benchmark_seed=12001, branch_length_optimization_apply_nonconverged=False, branch_length_optimization_max_iterations=1000, branch_length_optimization_method=fixed_topology_nnls, branch_length_optimization_pair_sample_size=50000, branch_length_optimization_random_state=0, branch_length_optimization_solver_tolerance=1e-05, branch_length_optimization_target_metric=squared_standardized_euclidean, diffusion_method=adaptive_pydiffmap_diffusion, diffusion_time=3, edge_alpha=0.001, edge_branch_length_variance_policy=normalized_branch_length, epsilon=median, k_neighbors=10, metric=hamming, n_components=30, sibling_alpha=0.01, tree_linkage_method=average",6,6,160,880,0.1,1.0,0.9999999999999999,1.0,1.0,1.0,0.9999999999999999,0.9999999999999999,1.0,1.0,1.0,1.0,0.0,0.0,27.0,0.16875,5.999058593436794,1.791602555823923,0.008333333333333333,0.0,0.14438607090690422,2.155880927992856,11.431658982758405,,,,,,0.0,0.0,0.0,0.00204679201124236,0.015538749998086132,0.3770138749969192,0.3123192429484334,0.0008133329538395628,0.00854085898026824,0.0016764580068411306,0.04975041700527072,0.025024126123753376,0.013407046062638983,0.0037637541099684313,0.2093263340066187,0.16285720800806303,0.001349750004010275,0.02881379099562764,0.014128333001281135,4.0750004700385034e-05,ok,,,,,,,,,,160
59,binary_noise_feat_30i_500n,binary_noise_features,binary_template,binary,bernoulli_template_latent_class,native_binary_feature_matrix,binary_distributional_recovery,none,bernoulli_template_or_latent_class_binary_model,tbs_diffusion_adaptive_nnls,tbs_diffusion_adaptive_nnls::bandwidth_type__1__d_2___branch_length_optimization_max_iterations_1000__branch_length_optimization_method_fixed_topology_nnls__branch_length_optimization_pair_sample_size_50000__branch_length_optimization_random_state_0__branch_length_optimization_solver_tolerance_1e_05__branch_length_optimization_target_metric_squared_standardized_euclidean__diffusion_method_adaptive_pydiffmap_diffusion__diffusion_time_3__edge_branch_length_variance_policy_normalized_branch_length__epsilon_median__k_neighbors_10__metric_hamming__n_components_30__tree_linkage_method_average,canonical,default_methods,0,"bandwidth_type=-1/(d+2), benchmark_seed=12002, branch_length_optimization_apply_nonconverged=False, branch_length_optimization_max_iterations=1000, branch_length_optimization_method=fixed_topology_nnls, branch_length_optimization_pair_sample_size=50000, branch_length_optimization_random_state=0, branch_length_optimization_solver_tolerance=1e-05, branch_length_optimization_target_metric=squared_standardized_euclidean, diffusion_method=adaptive_pydiffmap_diffusion, diffusion_time=3, edge_alpha=0.001, edge_branch_length_variance_policy=normalized_branch_length, epsilon=median, k_neighbors=10, metric=hamming, n_components=30, sibling_alpha=0.01, tree_linkage_method=average",3,3,100,1030,0.05,1.0,1.0,1.0,1.0,1.0,1.0,1.0,1.0,1.0,1.0,1.0,0.0,0.0,33.0,0.34,2.9997010000489817,1.0985126170507196,0.006666666666666667,0.0,0.27282423329479843,1.4483397501842596,31.241605358109208,,,,,,0.0,0.0,0.0,0.0013287080073496327,0.01132379099726677,0.2634773750032764,0.22121963191602845,0.0005456699727801606,0.005554959949222393,0.0009273749892599881,0.032306250010151416,0.01739803901000414,0.0072183690062956885,0.002461535987094976,0.14344083300966304,0.11722637499042321,0.0009082499891519547,0.014584749995265156,0.008745083992835134,2.604200562927872e-05,ok,,,,,,,,,,100
60,sbm_clear_small,sbm_graphs,stochastic_block_model,graph_adjacency,stochastic_block_model_graph,node_by_node_graph_adjacency_matrix,graph_community_detection_stress,Adjacency rows are not independent feature measurements; distributional tests over rows and graph-native topology distances are different methodological contracts.,graph_sbm_or_lfr_with_graph_native_distances,tbs_diffusion_adaptive_nnls,tbs_diffusion_adaptive_nnls::bandwidth_type__1__d_2___branch_length_optimization_max_iterations_1000__branch_length_optimization_method_fixed_topology_nnls__branch_length_optimization_pair_sample_size_50000__branch_length_optimization_random_state_0__branch_length_optimization_solver_tolerance_1e_05__branch_length_optimization_target_metric_squared_standardized_euclidean__diffusion_method_adaptive_pydiffmap_diffusion__diffusion_time_3__edge_branch_length_variance_policy_normalized_branch_length__epsilon_median__k_neighbors_10__metric_hamming__n_components_30__tree_linkage_method_average,canonical,default_methods,0,"bandwidth_type=-1/(d+2), benchmark_seed=123, branch_length_optimization_apply_nonconverged=False, branch_length_optimization_max_iterations=1000, branch_length_optimization_method=fixed_topology_nnls, branch_length_optimization_pair_sample_size=50000, branch_length_optimization_random_state=0, branch_length_optimization_solver_tolerance=1e-05, branch_length_optimization_target_metric=squared_standardized_euclidean, diffusion_method=adaptive_pydiffmap_diffusion, diffusion_time=3, edge_alpha=0.001, edge_branch_length_variance_policy=normalized_branch_length, epsilon=median, k_neighbors=10, metric=hamming, n_components=30, sibling_alpha=0.01, tree_linkage_method=average",2,2,60,60,0.005,0.8688989349475136,0.8214296888424338,0.8191960049454106,0.9666666666666667,0.8201119644709258,0.8227516545664924,0.8214296888424338,0.9334886938439565,0.9666666666666667,0.9666295884315907,0.9333333333333333,0.0,0.0,30.0,0.5333333333333333,1.9955571994469739,0.6909233093138181,0.03333333333333333,0.0,0.05163562947607088,3.450735266289922,4.623489132525486,,,,,,0.0,0.0,0.0,0.0008516250090906397,0.0010883749928325415,0.019588915994972922,0.00936475201160647,0.00017016408673953265,0.0028214940248290077,0.000236917010624893,0.004975500007276423,0.0008447940199403092,0.002200966060627252,0.00061803798598703,0.012767791995429434,0.008895292005036026,0.0007046660030027851,0.0003555420116754249,0.0011445830023149028,1.4874996850267053e-05,ok,,,,,,,,,,60
61,sbm_moderate,sbm_graphs,stochastic_block_model,graph_adjacency,stochastic_block_model_graph,node_by_node_graph_adjacency_matrix,graph_community_detection_stress,Adjacency rows are not independent feature measurements; distributional tests over rows and graph-native topology distances are different methodological contracts.,graph_sbm_or_lfr_with_graph_native_distances,tbs_diffusion_adaptive_nnls,tbs_diffusion_adaptive_nnls::bandwidth_type__1__d_2___branch_length_optimization_max_iterations_1000__branch_length_optimization_method_fixed_topology_nnls__branch_length_optimization_pair_sample_size_50000__branch_length_optimization_random_state_0__branch_length_optimization_solver_tolerance_1e_05__branch_length_optimization_target_metric_squared_standardized_euclidean__diffusion_method_adaptive_pydiffmap_diffusion__diffusion_time_3__edge_branch_length_variance_policy_normalized_branch_length__epsilon_median__k_neighbors_10__metric_hamming__n_components_30__tree_linkage_method_average,canonical,default_methods,0,"bandwidth_type=-1/(d+2), benchmark_seed=124, branch_length_optimization_apply_nonconverged=False, branch_length_optimization_max_iterations=1000, branch_length_optimization_method=fixed_topology_nnls, branch_length_optimization_pair_sample_size=50000, branch_length_optimization_random_state=0, branch_length_optimization_solver_tolerance=1e-05, branch_length_optimization_target_metric=squared_standardized_euclidean, diffusion_method=adaptive_pydiffmap_diffusion, diffusion_time=3, edge_alpha=0.001, edge_branch_length_variance_policy=normalized_branch_length, epsilon=median, k_neighbors=10, metric=hamming, n_components=30, sibling_alpha=0.01, tree_linkage_method=average",3,1,120,120,0.02,0.0,0.0,0.0,0.4166666666666667,0.0,1.0,0.0,0.5845824960412954,0.3333333333333333,0.19607843137254902,0.0,0.0,0.0,120.0,1.0,1.0,-0.0,0.0,0.0,,,,,,,,,2.0,0.0,1.0,0.0015145830111578107,0.0024687499972060323,0.0578039170068223,0.033375288170645945,0.0003649880236480385,0.005793396951048635,0.0005318329931469634,0.014910750003764406,0.00277437710610684,0.008193035988369957,0.0013212119811214507,0.026712999999290332,0.02486708298965823,0.0,0.0,0.00010262499563395977,2.5709014153108e-05,ok,,,,,,,,,,120
62,sbm_hard,sbm_graphs,stochastic_block_model,graph_adjacency,stochastic_block_model_graph,node_by_node_graph_adjacency_matrix,graph_community_detection_stress,Adjacency rows are not independent feature measurements; distributional tests over rows and graph-native topology distances are different methodological contracts.,graph_sbm_or_lfr_with_graph_native_distances,tbs_diffusion_adaptive_nnls,tbs_diffusion_adaptive_nnls::bandwidth_type__1__d_2___branch_length_optimization_max_iterations_1000__branch_length_optimization_method_fixed_topology_nnls__branch_length_optimization_pair_sample_size_50000__branch_length_optimization_random_state_0__branch_length_optimization_solver_tolerance_1e_05__branch_length_optimization_target_metric_squared_standardized_euclidean__diffusion_method_adaptive_pydiffmap_diffusion__diffusion_time_3__edge_branch_length_variance_policy_normalized_branch_length__epsilon_median__k_neighbors_10__metric_hamming__n_components_30__tree_linkage_method_average,canonical,default_methods,0,"bandwidth_type=-1/(d+2), benchmark_seed=125, branch_length_optimization_apply_nonconverged=False, branch_length_optimization_max_iterations=1000, branch_length_optimization_method=fixed_topology_nnls, branch_length_optimization_pair_sample_size=50000, branch_length_optimization_random_state=0, branch_length_optimization_solver_tolerance=1e-05, branch_length_optimization_target_metric=squared_standardized_euclidean, diffusion_method=adaptive_pydiffmap_diffusion, diffusion_time=3, edge_alpha=0.001, edge_branch_length_variance_policy=normalized_branch_length, epsilon=median, k_neighbors=10, metric=hamming, n_components=30, sibling_alpha=0.01, tree_linkage_method=average",3,1,120,120,0.04,0.0,0.0,0.0,0.3333333333333333,0.0,1.0,0.0,0.5724780279075999,0.3333333333333333,0.16666666666666666,0.0,0.0,0.0,120.0,1.0,1.0,-0.0,0.0,0.0,,,,,,,,,2.0,0.0,1.0,0.0015308339934563264,0.0024559580051572993,0.060404582996852696,0.03371824596251827,0.00036242807982489467,0.005759441075497307,0.0006559160101460293,0.01701308399788104,0.002914203956606798,0.01008304393326398,0.0013552510499721393,0.027185208004084416,0.025234000000637025,0.0,0.0,0.00010291700891684741,2.0832987502217293e-05,ok,,,,,,,,,,120
63,cat_clear_3cat_4c,categorical_clear,categorical_multinomial,categorical_one_hot,categorical_multinomial_latent_class,one_hot_encoded_categorical_feature_blocks,categorical_distributional_recovery,none,categorical_or_dirichlet_multinomial_blocks,tbs_diffusion_adaptive_nnls,tbs_diffusion_adaptive_nnls::bandwidth_type__1__d_2___branch_length_optimization_max_iterations_1000__branch_length_optimization_method_fixed_topology_nnls__branch_length_optimization_pair_sample_size_50000__branch_length_optimization_random_state_0__branch_length_optimization_solver_tolerance_1e_05__branch_length_optimization_target_metric_squared_standardized_euclidean__diffusion_method_adaptive_pydiffmap_diffusion__diffusion_time_3__edge_branch_length_variance_policy_normalized_branch_length__epsilon_median__k_neighbors_10__metric_hamming__n_components_30__tree_linkage_method_average,canonical,default_methods,0,"bandwidth_type=-1/(d+2), benchmark_seed=10000, branch_length_optimization_apply_nonconverged=False, branch_length_optimization_max_iterations=1000, branch_length_optimization_method=fixed_topology_nnls, branch_length_optimization_pair_sample_size=50000, branch_length_optimization_random_state=0, branch_length_optimization_solver_tolerance=1e-05, branch_length_optimization_target_metric=squared_standardized_euclidean, diffusion_method=adaptive_pydiffmap_diffusion, diffusion_time=3, edge_alpha=0.001, edge_branch_length_variance_policy=normalized_branch_length, epsilon=median, k_neighbors=10, metric=hamming, n_components=30, sibling_alpha=0.01, tree_linkage_method=average",4,4,100,150,0.05,1.0,1.0,1.0,1.0,1.0,1.0,1.0,1.0,1.0,1.0,1.0,0.0,0.0,25.0,0.25,4.0,1.3862943611198906,0.0,0.0,0.11972905861934119,2.634590701404756,13.25564416090732,,,,,,0.0,0.0,0.0,0.0013155000051483512,0.0016044590011006221,0.04697324999142438,0.022442495945142582,0.00033437694946769625,0.00518849202489946,0.00065441700280644,0.01522704200760927,0.007288534150575288,0.004561377107165754,0.0012052169477101415,0.03530741701251827,0.01856404099089559,0.0010157090000575408,0.00792912500037346,0.006048832990927622,2.5792003725655377e-05,ok,,,,,,,,,,100
64,cat_clear_4cat_4c,categorical_clear,categorical_multinomial,categorical_one_hot,categorical_multinomial_latent_class,one_hot_encoded_categorical_feature_blocks,categorical_distributional_recovery,none,categorical_or_dirichlet_multinomial_blocks,tbs_diffusion_adaptive_nnls,tbs_diffusion_adaptive_nnls::bandwidth_type__1__d_2___branch_length_optimization_max_iterations_1000__branch_length_optimization_method_fixed_topology_nnls__branch_length_optimization_pair_sample_size_50000__branch_length_optimization_random_state_0__branch_length_optimization_solver_tolerance_1e_05__branch_length_optimization_target_metric_squared_standardized_euclidean__diffusion_method_adaptive_pydiffmap_diffusion__diffusion_time_3__edge_branch_length_variance_policy_normalized_branch_length__epsilon_median__k_neighbors_10__metric_hamming__n_components_30__tree_linkage_method_average,canonical,default_methods,0,"bandwidth_type=-1/(d+2), benchmark_seed=10001, branch_length_optimization_apply_nonconverged=False, branch_length_optimization_max_iterations=1000, branch_length_optimization_method=fixed_topology_nnls, branch_length_optimization_pair_sample_size=50000, branch_length_optimization_random_state=0, branch_length_optimization_solver_tolerance=1e-05, branch_length_optimization_target_metric=squared_standardized_euclidean, diffusion_method=adaptive_pydiffmap_diffusion, diffusion_time=3, edge_alpha=0.001, edge_branch_length_variance_policy=normalized_branch_length, epsilon=median, k_neighbors=10, metric=hamming, n_components=30, sibling_alpha=0.01, tree_linkage_method=average",4,4,100,200,0.05,1.0,1.0,1.0,1.0,1.0,1.0,1.0,1.0,1.0,1.0,1.0,0.0,0.0,25.0,0.25,4.0,1.3862943611198906,0.0,0.0,0.1214359185620497,2.3877353435897413,9.408206357358901,,,,,,0.0,0.0,0.0,0.001152249998995103,0.0015225000097416341,0.04977304200292565,0.024461254055495374,0.0003404991584829986,0.005337500057066791,0.0005620409938273951,0.015899541991529986,0.0077550779533339664,0.0046569561382057145,0.0012953410478075966,0.032763541996246204,0.019932333001634106,0.0010685000015655532,0.005718249987694435,0.004265541996574029,2.69579904852435e-05,ok,,,,,,,,,,100
65,cat_clear_5cat_6c,categorical_clear,categorical_multinomial,categorical_one_hot,categorical_multinomial_latent_class,one_hot_encoded_categorical_feature_blocks,categorical_distributional_recovery,none,categorical_or_dirichlet_multinomial_blocks,tbs_diffusion_adaptive_nnls,tbs_diffusion_adaptive_nnls::bandwidth_type__1__d_2___branch_length_optimization_max_iterations_1000__branch_length_optimization_method_fixed_topology_nnls__branch_length_optimization_pair_sample_size_50000__branch_length_optimization_random_state_0__branch_length_optimization_solver_tolerance_1e_05__branch_length_optimization_target_metric_squared_standardized_euclidean__diffusion_method_adaptive_pydiffmap_diffusion__diffusion_time_3__edge_branch_length_variance_policy_normalized_branch_length__epsilon_median__k_neighbors_10__metric_hamming__n_components_30__tree_linkage_method_average,canonical,default_methods,0,"bandwidth_type=-1/(d+2), benchmark_seed=10002, branch_length_optimization_apply_nonconverged=False, branch_length_optimization_max_iterations=1000, branch_length_optimization_method=fixed_topology_nnls, branch_length_optimization_pair_sample_size=50000, branch_length_optimization_random_state=0, branch_length_optimization_solver_tolerance=1e-05, branch_length_optimization_target_metric=squared_standardized_euclidean, diffusion_method=adaptive_pydiffmap_diffusion, diffusion_time=3, edge_alpha=0.001, edge_branch_length_variance_policy=normalized_branch_length, epsilon=median, k_neighbors=10, metric=hamming, n_components=30, sibling_alpha=0.01, tree_linkage_method=average",6,5,150,400,0.08,0.8185140073081608,0.9310809437291901,0.9280268290366546,0.8333333333333334,0.8710490642551528,1.0,0.93108094372919,0.8615497903412858,0.8333333333333334,0.7777777777777777,0.0,0.0,0.0,25.0,0.3333333333333333,4.762203155904597,1.5607104090414063,0.13333333333333333,0.0,0.07811430217366487,2.9415238965774964,6.973887159084355,,,,,,1.0,0.0,1.0,0.0018829160107998177,0.0026883749960688874,0.09879979200195521,0.05054700301843695,0.0005740338383475319,0.008005109033547342,0.0014268340019043535,0.0336808749998454,0.018115208935341798,0.0096434100123588,0.002397665026364848,0.07480195800599176,0.03713104099733755,0.0013747920020250604,0.023670875001698732,0.010658625003998168,3.283399564679712e-05,ok,,,,,,,,,,150
66,cat_mod_3cat_4c,categorical_moderate,categorical_multinomial,categorical_one_hot,categorical_multinomial_latent_class,one_hot_encoded_categorical_feature_blocks,categorical_distributional_recovery,none,categorical_or_dirichlet_multinomial_blocks,tbs_diffusion_adaptive_nnls,tbs_diffusion_adaptive_nnls::bandwidth_type__1__d_2___branch_length_optimization_max_iterations_1000__branch_length_optimization_method_fixed_topology_nnls__branch_length_optimization_pair_sample_size_50000__branch_length_optimization_random_state_0__branch_length_optimization_solver_tolerance_1e_05__branch_length_optimization_target_metric_squared_standardized_euclidean__diffusion_method_adaptive_pydiffmap_diffusion__diffusion_time_3__edge_branch_length_variance_policy_normalized_branch_length__epsilon_median__k_neighbors_10__metric_hamming__n_components_30__tree_linkage_method_average,canonical,default_methods,0,"bandwidth_type=-1/(d+2), benchmark_seed=10100, branch_length_optimization_apply_nonconverged=False, branch_length_optimization_max_iterations=1000, branch_length_optimization_method=fixed_topology_nnls, branch_length_optimization_pair_sample_size=50000, branch_length_optimization_random_state=0, branch_length_optimization_solver_tolerance=1e-05, branch_length_optimization_target_metric=squared_standardized_euclidean, diffusion_method=adaptive_pydiffmap_diffusion, diffusion_time=3, edge_alpha=0.001, edge_branch_length_variance_policy=normalized_branch_length, epsilon=median, k_neighbors=10, metric=hamming, n_components=30, sibling_alpha=0.01, tree_linkage_method=average",4,4,120,180,0.15,0.9351424227646941,0.9404185439808235,0.9386943212390546,0.975,0.939569164298292,0.9412694607479183,0.9404185439808235,0.9509919859697034,0.975,0.9749373433583959,0.9,0.0,0.0,30.0,0.275,3.9899957977140246,1.3837901776967123,0.0375,0.0,0.08955052421966832,2.880601164675148,10.926379457090599,,,,,,0.0,0.0,0.0,0.0015710830048192292,0.0019444160134298727,0.06094995800231118,0.02932400000281632,0.00041096011409536004,0.006448732936405577,0.0008802499942248687,0.02020937499764841,0.009875042975181714,0.006086040099035017,0.0015740880626253784,0.046372749988222495,0.023589541000546888,0.0012454999960027635,0.012067000003298745,0.007586708990857005,2.7874993975274265e-05,ok,,,,,,,,,,120
67,cat_mod_4cat_6c,categorical_moderate,categorical_multinomial,categorical_one_hot,categorical_multinomial_latent_class,one_hot_encoded_categorical_feature_blocks,categorical_distributional_recovery,none,categorical_or_dirichlet_multinomial_blocks,tbs_diffusion_adaptive_nnls,tbs_diffusion_adaptive_nnls::bandwidth_type__1__d_2___branch_length_optimization_max_iterations_1000__branch_length_optimization_method_fixed_topology_nnls__branch_length_optimization_pair_sample_size_50000__branch_length_optimization_random_state_0__branch_length_optimization_solver_tolerance_1e_05__branch_length_optimization_target_metric_squared_standardized_euclidean__diffusion_method_adaptive_pydiffmap_diffusion__diffusion_time_3__edge_branch_length_variance_policy_normalized_branch_length__epsilon_median__k_neighbors_10__metric_hamming__n_components_30__tree_linkage_method_average,canonical,default_methods,0,"bandwidth_type=-1/(d+2), benchmark_seed=10101, branch_length_optimization_apply_nonconverged=False, branch_length_optimization_max_iterations=1000, branch_length_optimization_method=fixed_topology_nnls, branch_length_optimization_pair_sample_size=50000, branch_length_optimization_random_state=0, branch_length_optimization_solver_tolerance=1e-05, branch_length_optimization_target_metric=squared_standardized_euclidean, diffusion_method=adaptive_pydiffmap_diffusion, diffusion_time=3, edge_alpha=0.001, edge_branch_length_variance_policy=normalized_branch_length, epsilon=median, k_neighbors=10, metric=hamming, n_components=30, sibling_alpha=0.01, tree_linkage_method=average",6,6,180,400,0.18,0.9865142168323925,0.9863534522136721,0.9857704379850742,0.9944444444444445,0.986302471071825,0.9864044386261359,0.986353452213672,0.9886995009930818,0.9944444444444445,0.9944429008057795,0.9666666666666667,0.0,0.0,30.0,0.17222222222222222,5.998888785948496,1.791574249734066,0.009259259259259259,0.0,0.06112959767301011,3.461151074988391,7.147949159026134,,,,,,0.0,0.0,0.0,0.0022754160017939284,0.0033841669937828556,0.1249276249873219,0.06489141096244566,0.0006702940299874172,0.009702747949631885,0.0017329590045846999,0.04256391600938514,0.023355378973064944,0.012035874984576367,0.00285904502379708,0.09281450000707991,0.04803120899305213,0.001636041997699067,0.027844374999403954,0.013111207998008467,3.7707999581471086e-05,ok,,,,,,,,,,180
68,cat_highcard_10cat_4c,categorical_high_cardinality,categorical_multinomial,categorical_one_hot,categorical_multinomial_latent_class,one_hot_encoded_categorical_feature_blocks,categorical_distributional_recovery,none,categorical_or_dirichlet_multinomial_blocks,tbs_diffusion_adaptive_nnls,tbs_diffusion_adaptive_nnls::bandwidth_type__1__d_2___branch_length_optimization_max_iterations_1000__branch_length_optimization_method_fixed_topology_nnls__branch_length_optimization_pair_sample_size_50000__branch_length_optimization_random_state_0__branch_length_optimization_solver_tolerance_1e_05__branch_length_optimization_target_metric_squared_standardized_euclidean__diffusion_method_adaptive_pydiffmap_diffusion__diffusion_time_3__edge_branch_length_variance_policy_normalized_branch_length__epsilon_median__k_neighbors_10__metric_hamming__n_components_30__tree_linkage_method_average,canonical,default_methods,0,"bandwidth_type=-1/(d+2), benchmark_seed=10200, branch_length_optimization_apply_nonconverged=False, branch_length_optimization_max_iterations=1000, branch_length_optimization_method=fixed_topology_nnls, branch_length_optimization_pair_sample_size=50000, branch_length_optimization_random_state=0, branch_length_optimization_solver_tolerance=1e-05, branch_length_optimization_target_metric=squared_standardized_euclidean, diffusion_method=adaptive_pydiffmap_diffusion, diffusion_time=3, edge_alpha=0.001, edge_branch_length_variance_policy=normalized_branch_length, epsilon=median, k_neighbors=10, metric=hamming, n_components=30, sibling_alpha=0.01, tree_linkage_method=average",4,4,200,500,0.1,0.986598879940902,0.9822832233611218,0.9819843677769389,0.995,0.9822477926204748,0.9823186566579114,0.9822832233611218,0.9898989950515149,0.995,0.994999499949995,0.98,0.0,0.0,50.0,0.255,3.999599993331066,1.386194354452157,0.0075,0.0,0.03525380178287571,4.34737380810542,5.404952737682928,,,,,,0.0,0.0,0.0,0.0023968339955899864,0.0029521250107791275,0.13343937500030734,0.06797658113646321,0.0007860750192776322,0.010676353005692363,0.0013167919969419017,0.04737358399142977,0.026262411061907187,0.013145623102900572,0.003162747059832327,0.08250725000107195,0.05000004199973773,0.002049832997727208,0.01873070800502319,0.009504208006546833,3.425001341383904e-05,ok,,,,,,,,,,200
69,cat_highcard_20cat_4c,categorical_high_cardinality,categorical_multinomial,categorical_one_hot,categorical_multinomial_latent_class,one_hot_encoded_categorical_feature_blocks,categorical_distributional_recovery,none,categorical_or_dirichlet_multinomial_blocks,tbs_diffusion_adaptive_nnls,tbs_diffusion_adaptive_nnls::bandwidth_type__1__d_2___branch_length_optimization_max_iterations_1000__branch_length_optimization_method_fixed_topology_nnls__branch_length_optimization_pair_sample_size_50000__branch_length_optimization_random_state_0__branch_length_optimization_solver_tolerance_1e_05__branch_length_optimization_target_metric_squared_standardized_euclidean__diffusion_method_adaptive_pydiffmap_diffusion__diffusion_time_3__edge_branch_length_variance_policy_normalized_branch_length__epsilon_median__k_neighbors_10__metric_hamming__n_components_30__tree_linkage_method_average,canonical,default_methods,0,"bandwidth_type=-1/(d+2), benchmark_seed=10201, branch_length_optimization_apply_nonconverged=False, branch_length_optimization_max_iterations=1000, branch_length_optimization_method=fixed_topology_nnls, branch_length_optimization_pair_sample_size=50000, branch_length_optimization_random_state=0, branch_length_optimization_solver_tolerance=1e-05, branch_length_optimization_target_metric=squared_standardized_euclidean, diffusion_method=adaptive_pydiffmap_diffusion, diffusion_time=3, edge_alpha=0.001, edge_branch_length_variance_policy=normalized_branch_length, epsilon=median, k_neighbors=10, metric=hamming, n_components=30, sibling_alpha=0.01, tree_linkage_method=average",4,0,200,800,0.12,,,,,,,,,,,,,,,,,,,,,,,,,,,,,,,0.002607791990158148,0.003282083009253256,0.19502291599928867,0.10203030411503278,0.0010005799704231322,0.012103830013074912,0.002754166998784058,0.07114383300358895,0.04491742100799456,0.016129163035657257,0.004105953892576508,0.07047325000166893,0.0670033750066068,0.0,0.0,0.0,,unsupported,,empirical_null_no_internal_support,sibling_calibration,The selected hierarchy contains focal sibling tests but no admissible internal empirical-null calibration support.,199.0,0.0,199.0,398.0,395.0,0
70,cat_unbal_3cat_4c,categorical_unbalanced,categorical_multinomial,categorical_one_hot,categorical_multinomial_latent_class,one_hot_encoded_categorical_feature_blocks,categorical_distributional_recovery,none,categorical_or_dirichlet_multinomial_blocks,tbs_diffusion_adaptive_nnls,tbs_diffusion_adaptive_nnls::bandwidth_type__1__d_2___branch_length_optimization_max_iterations_1000__branch_length_optimization_method_fixed_topology_nnls__branch_length_optimization_pair_sample_size_50000__branch_length_optimization_random_state_0__branch_length_optimization_solver_tolerance_1e_05__branch_length_optimization_target_metric_squared_standardized_euclidean__diffusion_method_adaptive_pydiffmap_diffusion__diffusion_time_3__edge_branch_length_variance_policy_normalized_branch_length__epsilon_median__k_neighbors_10__metric_hamming__n_components_30__tree_linkage_method_average,canonical,default_methods,0,"bandwidth_type=-1/(d+2), benchmark_seed=10300, branch_length_optimization_apply_nonconverged=False, branch_length_optimization_max_iterations=1000, branch_length_optimization_method=fixed_topology_nnls, branch_length_optimization_pair_sample_size=50000, branch_length_optimization_random_state=0, branch_length_optimization_solver_tolerance=1e-05, branch_length_optimization_target_metric=squared_standardized_euclidean, diffusion_method=adaptive_pydiffmap_diffusion, diffusion_time=3, edge_alpha=0.001, edge_branch_length_variance_policy=normalized_branch_length, epsilon=median, k_neighbors=10, metric=hamming, n_components=30, sibling_alpha=0.01, tree_linkage_method=average",4,4,150,180,0.12,0.9809920929302729,0.977386122341276,0.9768686544332206,0.9933333333333333,0.9774450559772154,0.9773271958115445,0.9773861223412759,0.985685828827562,0.9939024390243902,0.9937490232848882,0.975609756097561,0.0,0.0,39.0,0.26666666666666666,3.984269961474223,1.3823540988408636,0.043333333333333335,0.0,0.09671159023908213,2.831117468185136,13.585869573711175,,,,,,0.0,0.0,0.0,0.0021105409978190437,0.0024314159963978454,0.07598670899460558,0.03699454905290622,0.0005129078781465068,0.007878688076743856,0.0009127920056926087,0.025402708997717127,0.012231411034008488,0.007879661119659431,0.0019105349638266489,0.05068374999973457,0.029730750000453554,0.0015686249971622601,0.010856833992875181,0.006644207998760976,3.05419962387532e-05,ok,,,,,,,,,,150
71,cat_overlap_3cat_4c,categorical_overlapping,categorical_multinomial,categorical_one_hot,categorical_multinomial_latent_class,one_hot_encoded_categorical_feature_blocks,categorical_distributional_recovery,none,categorical_or_dirichlet_multinomial_blocks,tbs_diffusion_adaptive_nnls,tbs_diffusion_adaptive_nnls::bandwidth_type__1__d_2___branch_length_optimization_max_iterations_1000__branch_length_optimization_method_fixed_topology_nnls__branch_length_optimization_pair_sample_size_50000__branch_length_optimization_random_state_0__branch_length_optimization_solver_tolerance_1e_05__branch_length_optimization_target_metric_squared_standardized_euclidean__diffusion_method_adaptive_pydiffmap_diffusion__diffusion_time_3__edge_branch_length_variance_policy_normalized_branch_length__epsilon_median__k_neighbors_10__metric_hamming__n_components_30__tree_linkage_method_average,canonical,default_methods,0,"bandwidth_type=-1/(d+2), benchmark_seed=10400, branch_length_optimization_apply_nonconverged=False, branch_length_optimization_max_iterations=1000, branch_length_optimization_method=fixed_topology_nnls, branch_length_optimization_pair_sample_size=50000, branch_length_optimization_random_state=0, branch_length_optimization_solver_tolerance=1e-05, branch_length_optimization_target_metric=squared_standardized_euclidean, diffusion_method=adaptive_pydiffmap_diffusion, diffusion_time=3, edge_alpha=0.001, edge_branch_length_variance_policy=normalized_branch_length, epsilon=median, k_neighbors=10, metric=hamming, n_components=30, sibling_alpha=0.01, tree_linkage_method=average",4,4,400,300,0.35,0.8644848643817469,0.897442106959732,0.896589545429271,0.9425,0.8931228247625719,0.9018033696347038,0.897442106959732,0.8986302537082116,0.9425,0.9417293709305565,0.77,0.0,0.0,100.0,0.3075,3.9469779933630282,1.372950221130084,0.08625,0.0,0.04581991586262797,4.432011225281688,15.578573479552288,,,,,,0.0,0.0,0.0,0.006130916997790337,0.0070244160015136,0.2633732499962207,0.13484211813192815,0.0014692977565573528,0.02141633587598335,0.002262541005620733,0.0926621250109747,0.0485175419744337,0.029214907073765062,0.005729636803152971,0.14157750000595115,0.09864683300838806,0.0043261249957140535,0.02632091699342709,0.00973774999147281,4.774999979417771e-05,ok,,,,,,,,,,400
72,cat_highd_3cat_500feat,categorical_high_dimensional,categorical_multinomial,categorical_one_hot,categorical_multinomial_latent_class,one_hot_encoded_categorical_feature_blocks,categorical_distributional_recovery,none,categorical_or_dirichlet_multinomial_blocks,tbs_diffusion_adaptive_nnls,tbs_diffusion_adaptive_nnls::bandwidth_type__1__d_2___branch_length_optimization_max_iterations_1000__branch_length_optimization_method_fixed_topology_nnls__branch_length_optimization_pair_sample_size_50000__branch_length_optimization_random_state_0__branch_length_optimization_solver_tolerance_1e_05__branch_length_optimization_target_metric_squared_standardized_euclidean__diffusion_method_adaptive_pydiffmap_diffusion__diffusion_time_3__edge_branch_length_variance_policy_normalized_branch_length__epsilon_median__k_neighbors_10__metric_hamming__n_components_30__tree_linkage_method_average,canonical,default_methods,0,"bandwidth_type=-1/(d+2), benchmark_seed=10600, branch_length_optimization_apply_nonconverged=False, branch_length_optimization_max_iterations=1000, branch_length_optimization_method=fixed_topology_nnls, branch_length_optimization_pair_sample_size=50000, branch_length_optimization_random_state=0, branch_length_optimization_solver_tolerance=1e-05, branch_length_optimization_target_metric=squared_standardized_euclidean, diffusion_method=adaptive_pydiffmap_diffusion, diffusion_time=3, edge_alpha=0.001, edge_branch_length_variance_policy=normalized_branch_length, epsilon=median, k_neighbors=10, metric=hamming, n_components=30, sibling_alpha=0.01, tree_linkage_method=average",4,68,200,1500,0.12,0.09846003742076347,0.5128082479920396,0.3818997231842027,1.0,1.0,0.3448164954516872,0.5128082479920396,0.2599057914094322,1.0,1.0,1.0,20.0,0.1,3.0,0.06,55.722440961528555,4.020382955588987,0.3347058823529412,0.0,-0.012302569588891515,2.0093029941553104,1.8697976656540316,,,,,,64.0,1.0,0.0,0.0025343749875901267,0.011791875003837049,0.3851397919934243,0.2361479869869072,0.0010250890190945938,0.01114288302778732,0.0026744999922811985,0.12408012499508914,0.09547153401945252,0.016329089106875472,0.00502583607158158,0.20440520800184458,0.13702216700767167,0.0012840410054195672,0.03967670899874065,0.024271249989396892,0.00020420800137799233,ok,,,,,,,,,,200
73,cat_highd_4cat_1000feat,categorical_high_dimensional,categorical_multinomial,categorical_one_hot,categorical_multinomial_latent_class,one_hot_encoded_categorical_feature_blocks,categorical_distributional_recovery,none,categorical_or_dirichlet_multinomial_blocks,tbs_diffusion_adaptive_nnls,tbs_diffusion_adaptive_nnls::bandwidth_type__1__d_2___branch_length_optimization_max_iterations_1000__branch_length_optimization_method_fixed_topology_nnls__branch_length_optimization_pair_sample_size_50000__branch_length_optimization_random_state_0__branch_length_optimization_solver_tolerance_1e_05__branch_length_optimization_target_metric_squared_standardized_euclidean__diffusion_method_adaptive_pydiffmap_diffusion__diffusion_time_3__edge_branch_length_variance_policy_normalized_branch_length__epsilon_median__k_neighbors_10__metric_hamming__n_components_30__tree_linkage_method_average,canonical,default_methods,0,"bandwidth_type=-1/(d+2), benchmark_seed=10601, branch_length_optimization_apply_nonconverged=False, branch_length_optimization_max_iterations=1000, branch_length_optimization_method=fixed_topology_nnls, branch_length_optimization_pair_sample_size=50000, branch_length_optimization_random_state=0, branch_length_optimization_solver_tolerance=1e-05, branch_length_optimization_target_metric=squared_standardized_euclidean, diffusion_method=adaptive_pydiffmap_diffusion, diffusion_time=3, edge_alpha=0.001, edge_branch_length_variance_policy=normalized_branch_length, epsilon=median, k_neighbors=10, metric=hamming, n_components=30, sibling_alpha=0.01, tree_linkage_method=average",6,6,300,4000,0.15,1.0,1.0,1.0,1.0,1.0,1.0,1.0,1.0,1.0,1.0,1.0,0.0,0.0,50.0,0.16666666666666666,5.999999999999998,1.7917594692280547,0.0,0.0,0.06622195000708603,3.5033907117351113,12.068535611961481,,,,,,0.0,0.0,0.0,0.004022207998787053,0.03424829200957902,1.2215516669966746,0.7679936239728704,0.0025442450278205797,0.01755453713121824,0.0029997920064488426,0.4092740420019254,0.32748836910468526,0.048435633958433755,0.015391111795906909,0.5064768340089358,0.4207330420031212,0.0025131250004051253,0.05954379199829418,0.0211043330054963,4.587500006891787e-05,ok,,,,,,,,,,300
74,phylo_dna_4taxa_low_mut,phylogenetic_dna,phylogenetic_sequence,categorical_one_hot,branchwise_jukes_cantor_like_categorical_model,one_hot_encoded_categorical_feature_blocks,phylogenetic_sequence_or_trait_diagnostic,none,phylogenetic_substitution_indel_sequence_simulator,tbs_diffusion_adaptive_nnls,tbs_diffusion_adaptive_nnls::bandwidth_type__1__d_2___branch_length_optimization_max_iterations_1000__branch_length_optimization_method_fixed_topology_nnls__branch_length_optimization_pair_sample_size_50000__branch_length_optimization_random_state_0__branch_length_optimization_solver_tolerance_1e_05__branch_length_optimization_target_metric_squared_standardized_euclidean__diffusion_method_adaptive_pydiffmap_diffusion__diffusion_time_3__edge_branch_length_variance_policy_normalized_branch_length__epsilon_median__k_neighbors_10__metric_hamming__n_components_30__tree_linkage_method_average,canonical,default_methods,0,"bandwidth_type=-1/(d+2), benchmark_seed=11000, branch_length_optimization_apply_nonconverged=False, branch_length_optimization_max_iterations=1000, branch_length_optimization_method=fixed_topology_nnls, branch_length_optimization_pair_sample_size=50000, branch_length_optimization_random_state=0, branch_length_optimization_solver_tolerance=1e-05, branch_length_optimization_target_metric=squared_standardized_euclidean, diffusion_method=adaptive_pydiffmap_diffusion, diffusion_time=3, edge_alpha=0.001, edge_branch_length_variance_policy=normalized_branch_length, epsilon=median, k_neighbors=10, metric=hamming, n_components=30, sibling_alpha=0.01, tree_linkage_method=average",4,4,100,400,0.2,1.0,1.0,1.0,1.0,1.0,1.0,1.0,1.0,1.0,1.0,1.0,0.0,0.0,25.0,0.25,4.0,1.3862943611198906,0.0,0.0,0.5889155351196959,0.6251215083638537,160.3303363303363,,,,,,0.0,0.0,0.0,0.0013079999916953966,0.0020090000034542754,0.06605466599285137,0.035292464948724955,0.0003650799044407904,0.005230117021710612,0.0004418330063344911,0.021210499995504506,0.01264725293731317,0.0048721330385887995,0.0012957089493284002,0.03178799999295734,0.02613345799909439,0.001009999992675148,0.0010045829985756427,0.0018662910006241873,2.779100032057613e-05,ok,,,,,,,,,,100
75,phylo_dna_8taxa_low_mut,phylogenetic_dna,phylogenetic_sequence,categorical_one_hot,branchwise_jukes_cantor_like_categorical_model,one_hot_encoded_categorical_feature_blocks,phylogenetic_sequence_or_trait_diagnostic,none,phylogenetic_substitution_indel_sequence_simulator,tbs_diffusion_adaptive_nnls,tbs_diffusion_adaptive_nnls::bandwidth_type__1__d_2___branch_length_optimization_max_iterations_1000__branch_length_optimization_method_fixed_topology_nnls__branch_length_optimization_pair_sample_size_50000__branch_length_optimization_random_state_0__branch_length_optimization_solver_tolerance_1e_05__branch_length_optimization_target_metric_squared_standardized_euclidean__diffusion_method_adaptive_pydiffmap_diffusion__diffusion_time_3__edge_branch_length_variance_policy_normalized_branch_length__epsilon_median__k_neighbors_10__metric_hamming__n_components_30__tree_linkage_method_average,canonical,default_methods,0,"bandwidth_type=-1/(d+2), benchmark_seed=11001, branch_length_optimization_apply_nonconverged=False, branch_length_optimization_max_iterations=1000, branch_length_optimization_method=fixed_topology_nnls, branch_length_optimization_pair_sample_size=50000, branch_length_optimization_random_state=0, branch_length_optimization_solver_tolerance=1e-05, branch_length_optimization_target_metric=squared_standardized_euclidean, diffusion_method=adaptive_pydiffmap_diffusion, diffusion_time=3, edge_alpha=0.001, edge_branch_length_variance_policy=normalized_branch_length, epsilon=median, k_neighbors=10, metric=hamming, n_components=30, sibling_alpha=0.01, tree_linkage_method=average",8,8,160,800,0.2,1.0,1.0,1.0,1.0,1.0,1.0,1.0,1.0,1.0,1.0,1.0,0.0,0.0,20.0,0.125,7.999999999999998,2.0794415416798357,0.0,0.0,0.49603133473264,0.810660832745628,126.31731231258631,,,,,,0.0,0.0,0.0,0.0021282919915392995,0.004497207992244512,0.16616095800418407,0.09458342072321102,0.0006995839939918369,0.008658366044983268,0.0008157499978551641,0.05547283300256822,0.03700534300878644,0.011559635007870384,0.0025732179929036647,0.0732099580054637,0.06295620898890775,0.0017916670039994642,0.002983124999445863,0.0035623750009108335,4.124999395571649e-05,ok,,,,,,,,,,160
76,phylo_dna_8taxa_med_mut,phylogenetic_dna,phylogenetic_sequence,categorical_one_hot,branchwise_jukes_cantor_like_categorical_model,one_hot_encoded_categorical_feature_blocks,phylogenetic_sequence_or_trait_diagnostic,none,phylogenetic_substitution_indel_sequence_simulator,tbs_diffusion_adaptive_nnls,tbs_diffusion_adaptive_nnls::bandwidth_type__1__d_2___branch_length_optimization_max_iterations_1000__branch_length_optimization_method_fixed_topology_nnls__branch_length_optimization_pair_sample_size_50000__branch_length_optimization_random_state_0__branch_length_optimization_solver_tolerance_1e_05__branch_length_optimization_target_metric_squared_standardized_euclidean__diffusion_method_adaptive_pydiffmap_diffusion__diffusion_time_3__edge_branch_length_variance_policy_normalized_branch_length__epsilon_median__k_neighbors_10__metric_hamming__n_components_30__tree_linkage_method_average,canonical,default_methods,0,"bandwidth_type=-1/(d+2), benchmark_seed=11002, branch_length_optimization_apply_nonconverged=False, branch_length_optimization_max_iterations=1000, branch_length_optimization_method=fixed_topology_nnls, branch_length_optimization_pair_sample_size=50000, branch_length_optimization_random_state=0, branch_length_optimization_solver_tolerance=1e-05, branch_length_optimization_target_metric=squared_standardized_euclidean, diffusion_method=adaptive_pydiffmap_diffusion, diffusion_time=3, edge_alpha=0.001, edge_branch_length_variance_policy=normalized_branch_length, epsilon=median, k_neighbors=10, metric=hamming, n_components=30, sibling_alpha=0.01, tree_linkage_method=average",8,8,160,800,0.4,1.0,1.0,1.0,1.0,1.0,1.0,1.0,1.0,1.0,1.0,1.0,0.0,0.0,20.0,0.125,7.999999999999998,2.0794415416798357,0.0,0.0,0.4444995673390152,0.9500482382310067,78.178378182799,,,,,,0.0,0.0,0.0,0.0021099580044392496,0.004551500009256415,0.16735733300447464,0.09522025012120139,0.0007110850128810853,0.00876533385599032,0.001205000007757917,0.05548783400445245,0.0369967599544907,0.011575300013646483,0.0025509628758300096,0.09055249999801163,0.062375374996918254,0.001600249990588054,0.014920541012543254,0.009694749998743646,4.208300379104912e-05,ok,,,,,,,,,,160
77,phylo_dna_16taxa_low_mut,phylogenetic_dna,phylogenetic_sequence,categorical_one_hot,branchwise_jukes_cantor_like_categorical_model,one_hot_encoded_categorical_feature_blocks,phylogenetic_sequence_or_trait_diagnostic,none,phylogenetic_substitution_indel_sequence_simulator,tbs_diffusion_adaptive_nnls,tbs_diffusion_adaptive_nnls::bandwidth_type__1__d_2___branch_length_optimization_max_iterations_1000__branch_length_optimization_method_fixed_topology_nnls__branch_length_optimization_pair_sample_size_50000__branch_length_optimization_random_state_0__branch_length_optimization_solver_tolerance_1e_05__branch_length_optimization_target_metric_squared_standardized_euclidean__diffusion_method_adaptive_pydiffmap_diffusion__diffusion_time_3__edge_branch_length_variance_policy_normalized_branch_length__epsilon_median__k_neighbors_10__metric_hamming__n_components_30__tree_linkage_method_average,canonical,default_methods,0,"bandwidth_type=-1/(d+2), benchmark_seed=11003, branch_length_optimization_apply_nonconverged=False, branch_length_optimization_max_iterations=1000, branch_length_optimization_method=fixed_topology_nnls, branch_length_optimization_pair_sample_size=50000, branch_length_optimization_random_state=0, branch_length_optimization_solver_tolerance=1e-05, branch_length_optimization_target_metric=squared_standardized_euclidean, diffusion_method=adaptive_pydiffmap_diffusion, diffusion_time=3, edge_alpha=0.001, edge_branch_length_variance_policy=normalized_branch_length, epsilon=median, k_neighbors=10, metric=hamming, n_components=30, sibling_alpha=0.01, tree_linkage_method=average",16,16,240,2000,0.25,1.0,1.0,1.0,1.0,1.0,1.0,1.0,1.0,1.0,1.0,1.0,0.0,0.0,15.0,0.0625,15.999999999999998,2.772588722239781,0.0,0.0,0.45585705156615414,0.943543142312667,88.51267588658894,,,,,,0.0,0.0,0.0,0.0030877499957568944,0.014573500011465512,0.5346627499966417,0.3152816347865155,0.0014789271372137591,0.013753977953456342,0.0028308329929132015,0.1889429580041906,0.1397034509718651,0.033891506973304786,0.005650876046274789,0.2616703750099987,0.1885637080122251,0.0021295830083545297,0.05187704200216103,0.016783457991550677,6.61249941913411e-05,ok,,,,,,,,,,240
78,phylo_protein_4taxa,phylogenetic_protein,phylogenetic_sequence,categorical_one_hot,branchwise_jukes_cantor_like_categorical_model,one_hot_encoded_categorical_feature_blocks,phylogenetic_sequence_or_trait_diagnostic,none,phylogenetic_substitution_indel_sequence_simulator,tbs_diffusion_adaptive_nnls,tbs_diffusion_adaptive_nnls::bandwidth_type__1__d_2___branch_length_optimization_max_iterations_1000__branch_length_optimization_method_fixed_topology_nnls__branch_length_optimization_pair_sample_size_50000__branch_length_optimization_random_state_0__branch_length_optimization_solver_tolerance_1e_05__branch_length_optimization_target_metric_squared_standardized_euclidean__diffusion_method_adaptive_pydiffmap_diffusion__diffusion_time_3__edge_branch_length_variance_policy_normalized_branch_length__epsilon_median__k_neighbors_10__metric_hamming__n_components_30__tree_linkage_method_average,canonical,default_methods,0,"bandwidth_type=-1/(d+2), benchmark_seed=11100, branch_length_optimization_apply_nonconverged=False, branch_length_optimization_max_iterations=1000, branch_length_optimization_method=fixed_topology_nnls, branch_length_optimization_pair_sample_size=50000, branch_length_optimization_random_state=0, branch_length_optimization_solver_tolerance=1e-05, branch_length_optimization_target_metric=squared_standardized_euclidean, diffusion_method=adaptive_pydiffmap_diffusion, diffusion_time=3, edge_alpha=0.001, edge_branch_length_variance_policy=normalized_branch_length, epsilon=median, k_neighbors=10, metric=hamming, n_components=30, sibling_alpha=0.01, tree_linkage_method=average",4,4,120,1000,0.3,1.0,1.0,1.0,1.0,1.0,1.0,1.0,1.0,1.0,1.0,1.0,0.0,0.0,30.0,0.25,4.0,1.3862943611198906,0.0,0.0,0.5143340412304404,0.7500617784555135,128.46890522551166,,,,,,0.0,0.0,0.0,0.0015513749967794865,0.0026782919885590672,0.1221711249963846,0.06632190804521088,0.0006334598292596638,0.006835427004261874,0.0005432500038295984,0.04399691699654795,0.0306385839212453,0.007762667039060034,0.0020918771479045972,0.049793084006523713,0.043384709002566524,0.001361750008072704,0.0011439170048106462,0.002037500002188608,2.850001328624785e-05,ok,,,,,,,,,,120
79,phylo_protein_8taxa,phylogenetic_protein,phylogenetic_sequence,categorical_one_hot,branchwise_jukes_cantor_like_categorical_model,one_hot_encoded_categorical_feature_blocks,phylogenetic_sequence_or_trait_diagnostic,none,phylogenetic_substitution_indel_sequence_simulator,tbs_diffusion_adaptive_nnls,tbs_diffusion_adaptive_nnls::bandwidth_type__1__d_2___branch_length_optimization_max_iterations_1000__branch_length_optimization_method_fixed_topology_nnls__branch_length_optimization_pair_sample_size_50000__branch_length_optimization_random_state_0__branch_length_optimization_solver_tolerance_1e_05__branch_length_optimization_target_metric_squared_standardized_euclidean__diffusion_method_adaptive_pydiffmap_diffusion__diffusion_time_3__edge_branch_length_variance_policy_normalized_branch_length__epsilon_median__k_neighbors_10__metric_hamming__n_components_30__tree_linkage_method_average,canonical,default_methods,0,"bandwidth_type=-1/(d+2), benchmark_seed=11101, branch_length_optimization_apply_nonconverged=False, branch_length_optimization_max_iterations=1000, branch_length_optimization_method=fixed_topology_nnls, branch_length_optimization_pair_sample_size=50000, branch_length_optimization_random_state=0, branch_length_optimization_solver_tolerance=1e-05, branch_length_optimization_target_metric=squared_standardized_euclidean, diffusion_method=adaptive_pydiffmap_diffusion, diffusion_time=3, edge_alpha=0.001, edge_branch_length_variance_policy=normalized_branch_length, epsilon=median, k_neighbors=10, metric=hamming, n_components=30, sibling_alpha=0.01, tree_linkage_method=average",8,8,160,2000,0.35,1.0,1.0,1.0,1.0,1.0,1.0,1.0,1.0,1.0,1.0,1.0,0.0,0.0,20.0,0.125,7.999999999999998,2.0794415416798357,0.0,0.0,0.5030821574246849,0.7849051504278286,102.69668233128918,,,,,,0.0,0.0,0.0,0.00207462499383837,0.003960582995205186,0.2660747089976212,0.1546069101023022,0.001070577884092927,0.009318215059465729,0.000854750003782101,0.09491937501297798,0.07173771102679893,0.013780835040961392,0.004480961011722684,0.10175966600945685,0.09147254200070165,0.0017553330108057708,0.0029709579976042733,0.003536207994329743,4.008300311397761e-05,ok,,,,,,,,,,160
80,phylo_protein_12taxa,phylogenetic_protein,phylogenetic_sequence,categorical_one_hot,branchwise_jukes_cantor_like_categorical_model,one_hot_encoded_categorical_feature_blocks,phylogenetic_sequence_or_trait_diagnostic,none,phylogenetic_substitution_indel_sequence_simulator,tbs_diffusion_adaptive_nnls,tbs_diffusion_adaptive_nnls::bandwidth_type__1__d_2___branch_length_optimization_max_iterations_1000__branch_length_optimization_method_fixed_topology_nnls__branch_length_optimization_pair_sample_size_50000__branch_length_optimization_random_state_0__branch_length_optimization_solver_tolerance_1e_05__branch_length_optimization_target_metric_squared_standardized_euclidean__diffusion_method_adaptive_pydiffmap_diffusion__diffusion_time_3__edge_branch_length_variance_policy_normalized_branch_length__epsilon_median__k_neighbors_10__metric_hamming__n_components_30__tree_linkage_method_average,canonical,default_methods,0,"bandwidth_type=-1/(d+2), benchmark_seed=11102, branch_length_optimization_apply_nonconverged=False, branch_length_optimization_max_iterations=1000, branch_length_optimization_method=fixed_topology_nnls, branch_length_optimization_pair_sample_size=50000, branch_length_optimization_random_state=0, branch_length_optimization_solver_tolerance=1e-05, branch_length_optimization_target_metric=squared_standardized_euclidean, diffusion_method=adaptive_pydiffmap_diffusion, diffusion_time=3, edge_alpha=0.001, edge_branch_length_variance_policy=normalized_branch_length, epsilon=median, k_neighbors=10, metric=hamming, n_components=30, sibling_alpha=0.01, tree_linkage_method=average",12,16,180,3000,0.4,0.9631584037374742,0.976259624456301,0.970619082367201,1.0,0.9999999999999998,0.953620319934943,0.9762596244563008,0.9665024491055282,1.0,1.0,1.0,1.0,0.005555555555555556,15.0,0.08333333333333333,13.541526644681731,2.6057610118432915,0.23680555555555555,0.0,0.45863820691944773,1.194091793559281,56.32763505382439,,,,,,4.0,1.0,0.0,0.0022821659949840978,0.005878083000425249,0.4257742500049062,0.24898071523057297,0.0014692558033857495,0.01024476309248712,0.0015465829928871244,0.15727429099206347,0.12493667290254962,0.021837392007000744,0.004488038990530185,0.1802957920008339,0.14057733399386052,0.001653917002840899,0.02518562499608379,0.010797625000122935,6.370899791363627e-05,ok,,,,,,,,,,180
81,phylo_divergent_4taxa,phylogenetic_divergent,phylogenetic_sequence,categorical_one_hot,branchwise_jukes_cantor_like_categorical_model,one_hot_encoded_categorical_feature_blocks,phylogenetic_sequence_or_trait_diagnostic,none,phylogenetic_substitution_indel_sequence_simulator,tbs_diffusion_adaptive_nnls,tbs_diffusion_adaptive_nnls::bandwidth_type__1__d_2___branch_length_optimization_max_iterations_1000__branch_length_optimization_method_fixed_topology_nnls__branch_length_optimization_pair_sample_size_50000__branch_length_optimization_random_state_0__branch_length_optimization_solver_tolerance_1e_05__branch_length_optimization_target_metric_squared_standardized_euclidean__diffusion_method_adaptive_pydiffmap_diffusion__diffusion_time_3__edge_branch_length_variance_policy_normalized_branch_length__epsilon_median__k_neighbors_10__metric_hamming__n_components_30__tree_linkage_method_average,canonical,default_methods,0,"bandwidth_type=-1/(d+2), benchmark_seed=11200, branch_length_optimization_apply_nonconverged=False, branch_length_optimization_max_iterations=1000, branch_length_optimization_method=fixed_topology_nnls, branch_length_optimization_pair_sample_size=50000, branch_length_optimization_random_state=0, branch_length_optimization_solver_tolerance=1e-05, branch_length_optimization_target_metric=squared_standardized_euclidean, diffusion_method=adaptive_pydiffmap_diffusion, diffusion_time=3, edge_alpha=0.001, edge_branch_length_variance_policy=normalized_branch_length, epsilon=median, k_neighbors=10, metric=hamming, n_components=30, sibling_alpha=0.01, tree_linkage_method=average",4,4,100,400,0.7,1.0,1.0,1.0,1.0,1.0,1.0,1.0,1.0,1.0,1.0,1.0,0.0,0.0,25.0,0.25,4.0,1.3862943611198906,0.0,0.0,0.3099503066165307,1.3102505809693834,41.63704808580155,,,,,,0.0,0.0,0.0,0.0013118750066496432,0.0020472500036703423,0.06687770801363513,0.035794539013295434,0.00036424692370928824,0.0052778500685235485,0.0006942920008441433,0.02124437500606291,0.012540583004010841,0.004886085007456131,0.001413417950971052,0.044266499986406416,0.026234791992465034,0.0009908749925671145,0.008489375002682209,0.006723583006532863,2.6541994884610176e-05,ok,,,,,,,,,,100
82,phylo_divergent_8taxa,phylogenetic_divergent,phylogenetic_sequence,categorical_one_hot,branchwise_jukes_cantor_like_categorical_model,one_hot_encoded_categorical_feature_blocks,phylogenetic_sequence_or_trait_diagnostic,none,phylogenetic_substitution_indel_sequence_simulator,tbs_diffusion_adaptive_nnls,tbs_diffusion_adaptive_nnls::bandwidth_type__1__d_2___branch_length_optimization_max_iterations_1000__branch_length_optimization_method_fixed_topology_nnls__branch_length_optimization_pair_sample_size_50000__branch_length_optimization_random_state_0__branch_length_optimization_solver_tolerance_1e_05__branch_length_optimization_target_metric_squared_standardized_euclidean__diffusion_method_adaptive_pydiffmap_diffusion__diffusion_time_3__edge_branch_length_variance_policy_normalized_branch_length__epsilon_median__k_neighbors_10__metric_hamming__n_components_30__tree_linkage_method_average,canonical,default_methods,0,"bandwidth_type=-1/(d+2), benchmark_seed=11201, branch_length_optimization_apply_nonconverged=False, branch_length_optimization_max_iterations=1000, branch_length_optimization_method=fixed_topology_nnls, branch_length_optimization_pair_sample_size=50000, branch_length_optimization_random_state=0, branch_length_optimization_solver_tolerance=1e-05, branch_length_optimization_target_metric=squared_standardized_euclidean, diffusion_method=adaptive_pydiffmap_diffusion, diffusion_time=3, edge_alpha=0.001, edge_branch_length_variance_policy=normalized_branch_length, epsilon=median, k_neighbors=10, metric=hamming, n_components=30, sibling_alpha=0.01, tree_linkage_method=average",8,8,160,800,0.8,1.0,1.0,1.0,1.0,1.0,1.0,1.0,1.0,1.0,1.0,1.0,0.0,0.0,20.0,0.125,7.999999999999998,2.0794415416798357,0.0,0.0,0.3757330804010909,1.088033275492952,37.01655326805066,,,,,,0.0,0.0,0.0,0.002096333002555184,0.004523166993749328,0.16530070899170823,0.09370558611408342,0.0007167061121435836,0.008628860960016027,0.0010996670025633648,0.055237958003999665,0.03653733494866174,0.011689333026879467,0.0026847939880099148,0.08647924999240786,0.06139462500868831,0.0016138339997269213,0.013581916995462961,0.007948167010908946,4.108400025870651e-05,ok,,,,,,,,,,160
83,phylo_conserved_4taxa,phylogenetic_conserved,phylogenetic_sequence,categorical_one_hot,branchwise_jukes_cantor_like_categorical_model,one_hot_encoded_categorical_feature_blocks,phylogenetic_sequence_or_trait_diagnostic,none,phylogenetic_substitution_indel_sequence_simulator,tbs_diffusion_adaptive_nnls,tbs_diffusion_adaptive_nnls::bandwidth_type__1__d_2___branch_length_optimization_max_iterations_1000__branch_length_optimization_method_fixed_topology_nnls__branch_length_optimization_pair_sample_size_50000__branch_length_optimization_random_state_0__branch_length_optimization_solver_tolerance_1e_05__branch_length_optimization_target_metric_squared_standardized_euclidean__diffusion_method_adaptive_pydiffmap_diffusion__diffusion_time_3__edge_branch_length_variance_policy_normalized_branch_length__epsilon_median__k_neighbors_10__metric_hamming__n_components_30__tree_linkage_method_average,canonical,default_methods,0,"bandwidth_type=-1/(d+2), benchmark_seed=11300, branch_length_optimization_apply_nonconverged=False, branch_length_optimization_max_iterations=1000, branch_length_optimization_method=fixed_topology_nnls, branch_length_optimization_pair_sample_size=50000, branch_length_optimization_random_state=0, branch_length_optimization_solver_tolerance=1e-05, branch_length_optimization_target_metric=squared_standardized_euclidean, diffusion_method=adaptive_pydiffmap_diffusion, diffusion_time=3, edge_alpha=0.001, edge_branch_length_variance_policy=normalized_branch_length, epsilon=median, k_neighbors=10, metric=hamming, n_components=30, sibling_alpha=0.01, tree_linkage_method=average",4,0,100,400,0.05,,,,,,,,,,,,,,,,,,,,,,,,,,,,,,,,,,,,,,,,,,,,,,,,skip,"tbs_diffusion_adaptive_nnls uses pydiffmap variable-bandwidth diffusion, but the largest exact duplicate block has 11 rows. pydiffmap's internal NNKDE query size is 8, which can produce zero local bandwidths and non-finite diffusion weights.",,,,,,,,,0
84,phylo_conserved_8taxa,phylogenetic_conserved,phylogenetic_sequence,categorical_one_hot,branchwise_jukes_cantor_like_categorical_model,one_hot_encoded_categorical_feature_blocks,phylogenetic_sequence_or_trait_diagnostic,none,phylogenetic_substitution_indel_sequence_simulator,tbs_diffusion_adaptive_nnls,tbs_diffusion_adaptive_nnls::bandwidth_type__1__d_2___branch_length_optimization_max_iterations_1000__branch_length_optimization_method_fixed_topology_nnls__branch_length_optimization_pair_sample_size_50000__branch_length_optimization_random_state_0__branch_length_optimization_solver_tolerance_1e_05__branch_length_optimization_target_metric_squared_standardized_euclidean__diffusion_method_adaptive_pydiffmap_diffusion__diffusion_time_3__edge_branch_length_variance_policy_normalized_branch_length__epsilon_median__k_neighbors_10__metric_hamming__n_components_30__tree_linkage_method_average,canonical,default_methods,0,"bandwidth_type=-1/(d+2), benchmark_seed=11301, branch_length_optimization_apply_nonconverged=False, branch_length_optimization_max_iterations=1000, branch_length_optimization_method=fixed_topology_nnls, branch_length_optimization_pair_sample_size=50000, branch_length_optimization_random_state=0, branch_length_optimization_solver_tolerance=1e-05, branch_length_optimization_target_metric=squared_standardized_euclidean, diffusion_method=adaptive_pydiffmap_diffusion, diffusion_time=3, edge_alpha=0.001, edge_branch_length_variance_policy=normalized_branch_length, epsilon=median, k_neighbors=10, metric=hamming, n_components=30, sibling_alpha=0.01, tree_linkage_method=average",8,8,160,800,0.08,1.0,1.0,1.0,1.0,1.0,1.0,1.0,1.0,1.0,1.0,1.0,0.0,0.0,20.0,0.125,7.999999999999998,2.0794415416798357,0.0,0.0,0.5099734090973691,0.8302438375028496,151.54233054991346,,,,,,0.0,0.0,0.0,0.002122082994901575,0.004541834001429379,0.16700595899601467,0.0953148470580345,0.0007153811602620408,0.008714774012332782,0.000854915997479111,0.05541245899803471,0.03705029404954985,0.011809721065219492,0.002234626022982411,0.0723809170012828,0.062172208999982104,0.0017846249975264072,0.0030740829970454797,0.003348541009472683,3.758400271181017e-05,ok,,,,,,,,,,160
85,phylo_large_32taxa,phylogenetic_large,phylogenetic_sequence,categorical_one_hot,branchwise_jukes_cantor_like_categorical_model,one_hot_encoded_categorical_feature_blocks,phylogenetic_sequence_or_trait_diagnostic,none,phylogenetic_substitution_indel_sequence_simulator,tbs_diffusion_adaptive_nnls,tbs_diffusion_adaptive_nnls::bandwidth_type__1__d_2___branch_length_optimization_max_iterations_1000__branch_length_optimization_method_fixed_topology_nnls__branch_length_optimization_pair_sample_size_50000__branch_length_optimization_random_state_0__branch_length_optimization_solver_tolerance_1e_05__branch_length_optimization_target_metric_squared_standardized_euclidean__diffusion_method_adaptive_pydiffmap_diffusion__diffusion_time_3__edge_branch_length_variance_policy_normalized_branch_length__epsilon_median__k_neighbors_10__metric_hamming__n_components_30__tree_linkage_method_average,canonical,default_methods,0,"bandwidth_type=-1/(d+2), benchmark_seed=11400, branch_length_optimization_apply_nonconverged=False, branch_length_optimization_max_iterations=1000, branch_length_optimization_method=fixed_topology_nnls, branch_length_optimization_pair_sample_size=50000, branch_length_optimization_random_state=0, branch_length_optimization_solver_tolerance=1e-05, branch_length_optimization_target_metric=squared_standardized_euclidean, diffusion_method=adaptive_pydiffmap_diffusion, diffusion_time=3, edge_alpha=0.001, edge_branch_length_variance_policy=normalized_branch_length, epsilon=median, k_neighbors=10, metric=hamming, n_components=30, sibling_alpha=0.01, tree_linkage_method=average",32,45,320,2000,0.3,0.9702459296721974,0.9840161627676384,0.9730234073898063,1.0,0.9999999999999999,0.9685352529309855,0.9840161627676385,0.9714679613862723,1.0,1.0,1.0,14.0,0.04375,10.0,0.03125,35.81357668872724,3.5783270586297213,0.2748611111111111,0.0,0.4320817108085603,0.6739802294541816,38.616124456104956,,,,,,13.0,1.0,0.0,0.004408540989970788,0.018725708010606468,0.7903187920019263,0.4222478639421752,0.0020112490165047348,0.018521152960602194,0.004658332996768877,0.32676387499668635,0.2147239600744797,0.08914400529465638,0.008991167793283239,0.3508312920021126,0.24852725000528153,0.0030034169903956354,0.07410645800700877,0.022627124999416992,0.00016500000492669642,ok,,,,,,,,,,320
86,phylo_large_64taxa,phylogenetic_large,phylogenetic_sequence,categorical_one_hot,branchwise_jukes_cantor_like_categorical_model,one_hot_encoded_categorical_feature_blocks,phylogenetic_sequence_or_trait_diagnostic,none,phylogenetic_substitution_indel_sequence_simulator,tbs_diffusion_adaptive_nnls,tbs_diffusion_adaptive_nnls::bandwidth_type__1__d_2___branch_length_optimization_max_iterations_1000__branch_length_optimization_method_fixed_topology_nnls__branch_length_optimization_pair_sample_size_50000__branch_length_optimization_random_state_0__branch_length_optimization_solver_tolerance_1e_05__branch_length_optimization_target_metric_squared_standardized_euclidean__diffusion_method_adaptive_pydiffmap_diffusion__diffusion_time_3__edge_branch_length_variance_policy_normalized_branch_length__epsilon_median__k_neighbors_10__metric_hamming__n_components_30__tree_linkage_method_average,canonical,default_methods,0,"bandwidth_type=-1/(d+2), benchmark_seed=11401, branch_length_optimization_apply_nonconverged=False, branch_length_optimization_max_iterations=1000, branch_length_optimization_method=fixed_topology_nnls, branch_length_optimization_pair_sample_size=50000, branch_length_optimization_random_state=0, branch_length_optimization_solver_tolerance=1e-05, branch_length_optimization_target_metric=squared_standardized_euclidean, diffusion_method=adaptive_pydiffmap_diffusion, diffusion_time=3, edge_alpha=0.001, edge_branch_length_variance_policy=normalized_branch_length, epsilon=median, k_neighbors=10, metric=hamming, n_components=30, sibling_alpha=0.01, tree_linkage_method=average",64,54,512,4000,0.35,0.6879298333911303,0.9215252911441942,0.851708089017201,0.70703125,0.8895910578818881,0.9558376206911158,0.9215252911441942,0.7089741330983585,0.6953125,0.6291543754009261,0.0,1.0,0.001953125,8.0,0.046875,47.973173062931224,3.870641960145864,0.25462962962962965,0.0,0.3116312333023155,1.692198160329393,19.068008522712724,,,,,,10.0,0.0,1.0,0.008395624987315387,0.06205762500758283,2.6194175409909803,1.3528827508853283,0.004761674004839733,0.03265188378281891,0.010309791992767714,1.1796482500067214,0.7559756237606052,0.35363187188340817,0.03248403800535016,1.0152851669990923,0.7498086249979679,0.0036463330034166574,0.20895133299927693,0.04967979100183584,0.0001684580056462437,ok,,,,,,,,,,512
87,overlap_heavy_4c_small_feat,overlapping_binary_heavy,binary_template,binary,bernoulli_template_latent_class,native_binary_feature_matrix,binary_distributional_recovery,none,bernoulli_template_or_latent_class_binary_model,tbs_diffusion_adaptive_nnls,tbs_diffusion_adaptive_nnls::bandwidth_type__1__d_2___branch_length_optimization_max_iterations_1000__branch_length_optimization_method_fixed_topology_nnls__branch_length_optimization_pair_sample_size_50000__branch_length_optimization_random_state_0__branch_length_optimization_solver_tolerance_1e_05__branch_length_optimization_target_metric_squared_standardized_euclidean__diffusion_method_adaptive_pydiffmap_diffusion__diffusion_time_3__edge_branch_length_variance_policy_normalized_branch_length__epsilon_median__k_neighbors_10__metric_hamming__n_components_30__tree_linkage_method_average,canonical,default_methods,0,"bandwidth_type=-1/(d+2), benchmark_seed=8000, branch_length_optimization_apply_nonconverged=False, branch_length_optimization_max_iterations=1000, branch_length_optimization_method=fixed_topology_nnls, branch_length_optimization_pair_sample_size=50000, branch_length_optimization_random_state=0, branch_length_optimization_solver_tolerance=1e-05, branch_length_optimization_target_metric=squared_standardized_euclidean, diffusion_method=adaptive_pydiffmap_diffusion, diffusion_time=3, edge_alpha=0.001, edge_branch_length_variance_policy=normalized_branch_length, epsilon=median, k_neighbors=10, metric=hamming, n_components=30, sibling_alpha=0.01, tree_linkage_method=average",4,1,500,50,0.4,0.0,0.0,0.0,0.25,0.0,1.0,0.0,0.4984947281446173,0.25,0.1,0.0,0.0,0.0,500.0,1.0,1.0,-0.0,0.0,0.0,,,,,,,,,3.0,0.0,1.0,0.008007750002434477,0.0059909589908784255,0.14356733299791813,0.06963144296605606,0.0013893861905671656,0.022862000099848956,0.003054458007682115,0.0387581249960931,0.006206760852364823,0.017815770843299106,0.005102310926304199,0.10646037499827798,0.06773420800163876,0.005382667004596442,0.023220583010697737,0.007473874997231178,5.516699457075447e-05,ok,,,,,,,,,,500
88,overlap_heavy_4c_med_feat,overlapping_binary_heavy,binary_template,binary,bernoulli_template_latent_class,native_binary_feature_matrix,binary_distributional_recovery,none,bernoulli_template_or_latent_class_binary_model,tbs_diffusion_adaptive_nnls,tbs_diffusion_adaptive_nnls::bandwidth_type__1__d_2___branch_length_optimization_max_iterations_1000__branch_length_optimization_method_fixed_topology_nnls__branch_length_optimization_pair_sample_size_50000__branch_length_optimization_random_state_0__branch_length_optimization_solver_tolerance_1e_05__branch_length_optimization_target_metric_squared_standardized_euclidean__diffusion_method_adaptive_pydiffmap_diffusion__diffusion_time_3__edge_branch_length_variance_policy_normalized_branch_length__epsilon_median__k_neighbors_10__metric_hamming__n_components_30__tree_linkage_method_average,canonical,default_methods,0,"bandwidth_type=-1/(d+2), benchmark_seed=8001, branch_length_optimization_apply_nonconverged=False, branch_length_optimization_max_iterations=1000, branch_length_optimization_method=fixed_topology_nnls, branch_length_optimization_pair_sample_size=50000, branch_length_optimization_random_state=0, branch_length_optimization_solver_tolerance=1e-05, branch_length_optimization_target_metric=squared_standardized_euclidean, diffusion_method=adaptive_pydiffmap_diffusion, diffusion_time=3, edge_alpha=0.001, edge_branch_length_variance_policy=normalized_branch_length, epsilon=median, k_neighbors=10, metric=hamming, n_components=30, sibling_alpha=0.01, tree_linkage_method=average",4,1,500,200,0.4,0.0,0.0,0.0,0.25,0.0,1.0,0.0,0.4984947281446173,0.25,0.1,0.0,0.0,0.0,500.0,1.0,1.0,-0.0,0.0,0.0,,,,,,,,,3.0,0.0,1.0,0.008033541991608217,0.012212457993882708,0.3447923749918118,0.22115878494514618,0.0016610538004897535,0.024636771107907407,0.005300999997416511,0.08336020899878349,0.01820654797484167,0.0467972659971565,0.006724765145918354,0.2734817500022473,0.14346804199158214,0.004518458008533344,0.09397345800243784,0.02859441700275056,5.474999488797039e-05,ok,,,,,,,,,,500
89,overlap_heavy_8c_large_feat,overlapping_binary_heavy,binary_template,binary,bernoulli_template_latent_class,native_binary_feature_matrix,binary_distributional_recovery,none,bernoulli_template_or_latent_class_binary_model,tbs_diffusion_adaptive_nnls,tbs_diffusion_adaptive_nnls::bandwidth_type__1__d_2___branch_length_optimization_max_iterations_1000__branch_length_optimization_method_fixed_topology_nnls__branch_length_optimization_pair_sample_size_50000__branch_length_optimization_random_state_0__branch_length_optimization_solver_tolerance_1e_05__branch_length_optimization_target_metric_squared_standardized_euclidean__diffusion_method_adaptive_pydiffmap_diffusion__diffusion_time_3__edge_branch_length_variance_policy_normalized_branch_length__epsilon_median__k_neighbors_10__metric_hamming__n_components_30__tree_linkage_method_average,canonical,default_methods,0,"bandwidth_type=-1/(d+2), benchmark_seed=8002, branch_length_optimization_apply_nonconverged=False, branch_length_optimization_max_iterations=1000, branch_length_optimization_method=fixed_topology_nnls, branch_length_optimization_pair_sample_size=50000, branch_length_optimization_random_state=0, branch_length_optimization_solver_tolerance=1e-05, branch_length_optimization_target_metric=squared_standardized_euclidean, diffusion_method=adaptive_pydiffmap_diffusion, diffusion_time=3, edge_alpha=0.001, edge_branch_length_variance_policy=normalized_branch_length, epsilon=median, k_neighbors=10, metric=hamming, n_components=30, sibling_alpha=0.01, tree_linkage_method=average",8,1,800,500,0.4,0.0,0.0,0.0,0.125,0.0,1.0,0.0,0.35200125156223055,0.125,0.027777777777777776,0.0,0.0,0.0,800.0,1.0,1.0,-0.0,0.0,0.0,,,,,,,,,7.0,0.0,1.0,0.017759209003997967,0.0394752080028411,1.365003708997392,0.8455518263363047,0.0032557030353927985,0.040097692093695514,0.00558516698947642,0.45692166600201745,0.07643967914918903,0.3377948080742499,0.014603463860112242,0.4993463749997318,0.48448245800682344,0.009018999990075827,0.0008029580058064312,0.0015062500024214387,8.424998668488115e-05,ok,,,,,,,,,,800
90,overlap_extreme_4c,overlapping_binary_heavy,binary_template,binary,bernoulli_template_latent_class,native_binary_feature_matrix,binary_distributional_recovery,none,bernoulli_template_or_latent_class_binary_model,tbs_diffusion_adaptive_nnls,tbs_diffusion_adaptive_nnls::bandwidth_type__1__d_2___branch_length_optimization_max_iterations_1000__branch_length_optimization_method_fixed_topology_nnls__branch_length_optimization_pair_sample_size_50000__branch_length_optimization_random_state_0__branch_length_optimization_solver_tolerance_1e_05__branch_length_optimization_target_metric_squared_standardized_euclidean__diffusion_method_adaptive_pydiffmap_diffusion__diffusion_time_3__edge_branch_length_variance_policy_normalized_branch_length__epsilon_median__k_neighbors_10__metric_hamming__n_components_30__tree_linkage_method_average,canonical,default_methods,0,"bandwidth_type=-1/(d+2), benchmark_seed=8003, branch_length_optimization_apply_nonconverged=False, branch_length_optimization_max_iterations=1000, branch_length_optimization_method=fixed_topology_nnls, branch_length_optimization_pair_sample_size=50000, branch_length_optimization_random_state=0, branch_length_optimization_solver_tolerance=1e-05, branch_length_optimization_target_metric=squared_standardized_euclidean, diffusion_method=adaptive_pydiffmap_diffusion, diffusion_time=3, edge_alpha=0.001, edge_branch_length_variance_policy=normalized_branch_length, epsilon=median, k_neighbors=10, metric=hamming, n_components=30, sibling_alpha=0.01, tree_linkage_method=average",4,1,600,150,0.48,0.0,0.0,0.0,0.25,0.0,1.0,0.0,0.49874634152908603,0.25,0.1,0.0,0.0,0.0,600.0,1.0,1.0,-0.0,0.0,0.0,,,,,,,,,3.0,0.0,1.0,0.010380375009845011,0.012628583004698157,0.335513665995677,0.20451046511880122,0.0018790612230077386,0.028572986906510778,0.0035924160038121045,0.08724479199736379,0.01714420411735773,0.049595859891269356,0.007222409753012471,0.14769783300289419,0.14473674999317154,0.0,0.0,0.00015795898798387498,6.458300049416721e-05,ok,,,,,,,,,,600
91,overlap_mod_4c_small,overlapping_binary_moderate,binary_template,binary,bernoulli_template_latent_class,native_binary_feature_matrix,binary_distributional_recovery,none,bernoulli_template_or_latent_class_binary_model,tbs_diffusion_adaptive_nnls,tbs_diffusion_adaptive_nnls::bandwidth_type__1__d_2___branch_length_optimization_max_iterations_1000__branch_length_optimization_method_fixed_topology_nnls__branch_length_optimization_pair_sample_size_50000__branch_length_optimization_random_state_0__branch_length_optimization_solver_tolerance_1e_05__branch_length_optimization_target_metric_squared_standardized_euclidean__diffusion_method_adaptive_pydiffmap_diffusion__diffusion_time_3__edge_branch_length_variance_policy_normalized_branch_length__epsilon_median__k_neighbors_10__metric_hamming__n_components_30__tree_linkage_method_average,canonical,default_methods,0,"bandwidth_type=-1/(d+2), benchmark_seed=8100, branch_length_optimization_apply_nonconverged=False, branch_length_optimization_max_iterations=1000, branch_length_optimization_method=fixed_topology_nnls, branch_length_optimization_pair_sample_size=50000, branch_length_optimization_random_state=0, branch_length_optimization_solver_tolerance=1e-05, branch_length_optimization_target_metric=squared_standardized_euclidean, diffusion_method=adaptive_pydiffmap_diffusion, diffusion_time=3, edge_alpha=0.001, edge_branch_length_variance_policy=normalized_branch_length, epsilon=median, k_neighbors=10, metric=hamming, n_components=30, sibling_alpha=0.01, tree_linkage_method=average",4,4,400,80,0.3,0.8520629763241513,0.8456496923506176,0.84437022910651,0.9425,0.8437961847846219,0.8475113607816938,0.8456496923506174,0.8890116611297049,0.9425,0.9430518740180429,0.87,0.0,0.0,98.5,0.29,3.9757657057979903,1.3802173599448755,0.06125,0.0,0.060327432064114436,3.5199532826735336,18.6352275275851,,,,,,0.0,0.0,0.0,0.006011417004629038,0.005955584012554027,0.1488116669934243,0.08113158409832977,0.0012129162350902334,0.018871043852414005,0.0018449999915901572,0.0389999579929281,0.006902420936967246,0.01978451616014354,0.004334489145549014,0.09002483400399797,0.06610295800783206,0.004438083007698879,0.010692708005080931,0.006348583003273234,4.829200042877346e-05,ok,,,,,,,,,,400
92,overlap_mod_6c_med,overlapping_binary_moderate,binary_template,binary,bernoulli_template_latent_class,native_binary_feature_matrix,binary_distributional_recovery,none,bernoulli_template_or_latent_class_binary_model,tbs_diffusion_adaptive_nnls,tbs_diffusion_adaptive_nnls::bandwidth_type__1__d_2___branch_length_optimization_max_iterations_1000__branch_length_optimization_method_fixed_topology_nnls__branch_length_optimization_pair_sample_size_50000__branch_length_optimization_random_state_0__branch_length_optimization_solver_tolerance_1e_05__branch_length_optimization_target_metric_squared_standardized_euclidean__diffusion_method_adaptive_pydiffmap_diffusion__diffusion_time_3__edge_branch_length_variance_policy_normalized_branch_length__epsilon_median__k_neighbors_10__metric_hamming__n_components_30__tree_linkage_method_average,canonical,default_methods,0,"bandwidth_type=-1/(d+2), benchmark_seed=8101, branch_length_optimization_apply_nonconverged=False, branch_length_optimization_max_iterations=1000, branch_length_optimization_method=fixed_topology_nnls, branch_length_optimization_pair_sample_size=50000, branch_length_optimization_random_state=0, branch_length_optimization_solver_tolerance=1e-05, branch_length_optimization_target_metric=squared_standardized_euclidean, diffusion_method=adaptive_pydiffmap_diffusion, diffusion_time=3, edge_alpha=0.001, edge_branch_length_variance_policy=normalized_branch_length, epsilon=median, k_neighbors=10, metric=hamming, n_components=30, sibling_alpha=0.01, tree_linkage_method=average",6,6,600,250,0.3,0.9959865525047962,0.994786149513209,0.9947239269280153,0.9983333333333333,0.9947815227634181,0.9947907763060382,0.994786149513209,0.9966498881902521,0.9983333333333334,0.998333291665625,0.99,0.0,0.0,100.0,0.16833333333333333,5.999899999166622,1.7917428022835993,0.002777777777777778,0.0,0.04977816948704383,3.7666237458470313,14.655244507639214,,,,,,0.0,0.0,0.0,0.010713583003962412,0.017125541999121197,0.47125058301026,0.3250970062945271,0.0020780808990821242,0.02975877173594199,0.003342541996971704,0.10058399999979883,0.026345543054048903,0.050772356960806064,0.00858509489626158,0.24107483400439378,0.20303745799174067,0.0066730410035233945,0.020942041010130197,0.007378750000498258,6.645800021942705e-05,ok,,,,,,,,,,600
93,overlap_mod_8c_large,overlapping_binary_moderate,binary_template,binary,bernoulli_template_latent_class,native_binary_feature_matrix,binary_distributional_recovery,none,bernoulli_template_or_latent_class_binary_model,tbs_diffusion_adaptive_nnls,tbs_diffusion_adaptive_nnls::bandwidth_type__1__d_2___branch_length_optimization_max_iterations_1000__branch_length_optimization_method_fixed_topology_nnls__branch_length_optimization_pair_sample_size_50000__branch_length_optimization_random_state_0__branch_length_optimization_solver_tolerance_1e_05__branch_length_optimization_target_metric_squared_standardized_euclidean__diffusion_method_adaptive_pydiffmap_diffusion__diffusion_time_3__edge_branch_length_variance_policy_normalized_branch_length__epsilon_median__k_neighbors_10__metric_hamming__n_components_30__tree_linkage_method_average,canonical,default_methods,0,"bandwidth_type=-1/(d+2), benchmark_seed=8102, branch_length_optimization_apply_nonconverged=False, branch_length_optimization_max_iterations=1000, branch_length_optimization_method=fixed_topology_nnls, branch_length_optimization_pair_sample_size=50000, branch_length_optimization_random_state=0, branch_length_optimization_solver_tolerance=1e-05, branch_length_optimization_target_metric=squared_standardized_euclidean, diffusion_method=adaptive_pydiffmap_diffusion, diffusion_time=3, edge_alpha=0.001, edge_branch_length_variance_policy=normalized_branch_length, epsilon=median, k_neighbors=10, metric=hamming, n_components=30, sibling_alpha=0.01, tree_linkage_method=average",8,8,800,400,0.28,1.0,1.0,1.0,1.0,1.0,1.0,1.0,1.0,1.0,1.0,1.0,0.0,0.0,100.0,0.125,7.999999999999998,2.0794415416798357,0.0,0.0,0.05515219457667588,3.665695542513494,15.871559260917024,,,,,,0.0,0.0,0.0,0.016980916989268735,0.032378957999753766,0.9453437920019496,0.6802816405397607,0.0034746952005662024,0.03984091505117249,0.010564915995928459,0.19757375000335742,0.055954762268811464,0.10465075996762607,0.01381776291236747,0.5287289999978384,0.3968252499907976,0.008504541998263448,0.10357141599524766,0.016206042011617683,8.98750004125759e-05,ok,,,,,,,,,,800
94,overlap_part_4c_small,overlapping_binary_partial,binary_template,binary,bernoulli_template_latent_class,native_binary_feature_matrix,binary_distributional_recovery,none,bernoulli_template_or_latent_class_binary_model,tbs_diffusion_adaptive_nnls,tbs_diffusion_adaptive_nnls::bandwidth_type__1__d_2___branch_length_optimization_max_iterations_1000__branch_length_optimization_method_fixed_topology_nnls__branch_length_optimization_pair_sample_size_50000__branch_length_optimization_random_state_0__branch_length_optimization_solver_tolerance_1e_05__branch_length_optimization_target_metric_squared_standardized_euclidean__diffusion_method_adaptive_pydiffmap_diffusion__diffusion_time_3__edge_branch_length_variance_policy_normalized_branch_length__epsilon_median__k_neighbors_10__metric_hamming__n_components_30__tree_linkage_method_average,canonical,default_methods,0,"bandwidth_type=-1/(d+2), benchmark_seed=8200, branch_length_optimization_apply_nonconverged=False, branch_length_optimization_max_iterations=1000, branch_length_optimization_method=fixed_topology_nnls, branch_length_optimization_pair_sample_size=50000, branch_length_optimization_random_state=0, branch_length_optimization_solver_tolerance=1e-05, branch_length_optimization_target_metric=squared_standardized_euclidean, diffusion_method=adaptive_pydiffmap_diffusion, diffusion_time=3, edge_alpha=0.001, edge_branch_length_variance_policy=normalized_branch_length, epsilon=median, k_neighbors=10, metric=hamming, n_components=30, sibling_alpha=0.01, tree_linkage_method=average",4,4,400,60,0.24,0.9866666397310955,0.9797925168209694,0.979625403141636,0.995,0.9797836820374377,0.9798013517638303,0.9797925168209694,0.9899750009469298,0.995,0.9949999374984375,0.99,0.0,0.0,100.0,0.2525,3.999899999583298,1.3862693607032073,0.00375,0.0,0.11472096976583498,2.4153485306861127,34.89081225557581,,,,,,0.0,0.0,0.0,0.00559041700034868,0.005325874997652136,0.12571770799695514,0.06429112984915264,0.0011643449106486514,0.018587549013318494,0.002146042010281235,0.03285941599460784,0.005608632956864312,0.015513338992604986,0.004085201828274876,0.10534904200176243,0.05859474999306258,0.004286791998310946,0.03124237500014715,0.008689416994457133,4.937499761581421e-05,ok,,,,,,,,,,400
95,overlap_part_6c_med,overlapping_binary_partial,binary_template,binary,bernoulli_template_latent_class,native_binary_feature_matrix,binary_distributional_recovery,none,bernoulli_template_or_latent_class_binary_model,tbs_diffusion_adaptive_nnls,tbs_diffusion_adaptive_nnls::bandwidth_type__1__d_2___branch_length_optimization_max_iterations_1000__branch_length_optimization_method_fixed_topology_nnls__branch_length_optimization_pair_sample_size_50000__branch_length_optimization_random_state_0__branch_length_optimization_solver_tolerance_1e_05__branch_length_optimization_target_metric_squared_standardized_euclidean__diffusion_method_adaptive_pydiffmap_diffusion__diffusion_time_3__edge_branch_length_variance_policy_normalized_branch_length__epsilon_median__k_neighbors_10__metric_hamming__n_components_30__tree_linkage_method_average,canonical,default_methods,0,"bandwidth_type=-1/(d+2), benchmark_seed=8201, branch_length_optimization_apply_nonconverged=False, branch_length_optimization_max_iterations=1000, branch_length_optimization_method=fixed_topology_nnls, branch_length_optimization_pair_sample_size=50000, branch_length_optimization_random_state=0, branch_length_optimization_solver_tolerance=1e-05, branch_length_optimization_target_metric=squared_standardized_euclidean, diffusion_method=adaptive_pydiffmap_diffusion, diffusion_time=3, edge_alpha=0.001, edge_branch_length_variance_policy=normalized_branch_length, epsilon=median, k_neighbors=10, metric=hamming, n_components=30, sibling_alpha=0.01, tree_linkage_method=average",6,6,600,200,0.25,1.0,1.0,1.0,1.0,1.0,1.0,1.0,1.0,1.0,1.0,1.0,0.0,0.0,100.0,0.16666666666666666,5.999999999999998,1.7917594692280547,0.0,0.0,0.08615130041410185,2.893285147917964,25.312473701226033,,,,,,0.0,0.0,0.0,0.010593500002869405,0.014830917003564537,0.40048579199356027,0.26289671017730143,0.0020674722036346793,0.030317918412038125,0.0039625000063097104,0.09060816699638963,0.021742830824223347,0.045797707862220705,0.008363387911231257,0.2531552080035908,0.1725231669988716,0.006401666003512219,0.05796104199544061,0.013068749991361983,6.691701128147542e-05,ok,,,,,,,,,,600
96,overlap_part_8c_large,overlapping_binary_partial,binary_template,binary,bernoulli_template_latent_class,native_binary_feature_matrix,binary_distributional_recovery,none,bernoulli_template_or_latent_class_binary_model,tbs_diffusion_adaptive_nnls,tbs_diffusion_adaptive_nnls::bandwidth_type__1__d_2___branch_length_optimization_max_iterations_1000__branch_length_optimization_method_fixed_topology_nnls__branch_length_optimization_pair_sample_size_50000__branch_length_optimization_random_state_0__branch_length_optimization_solver_tolerance_1e_05__branch_length_optimization_target_metric_squared_standardized_euclidean__diffusion_method_adaptive_pydiffmap_diffusion__diffusion_time_3__edge_branch_length_variance_policy_normalized_branch_length__epsilon_median__k_neighbors_10__metric_hamming__n_components_30__tree_linkage_method_average,canonical,default_methods,0,"bandwidth_type=-1/(d+2), benchmark_seed=8202, branch_length_optimization_apply_nonconverged=False, branch_length_optimization_max_iterations=1000, branch_length_optimization_method=fixed_topology_nnls, branch_length_optimization_pair_sample_size=50000, branch_length_optimization_random_state=0, branch_length_optimization_solver_tolerance=1e-05, branch_length_optimization_target_metric=squared_standardized_euclidean, diffusion_method=adaptive_pydiffmap_diffusion, diffusion_time=3, edge_alpha=0.001, edge_branch_length_variance_policy=normalized_branch_length, epsilon=median, k_neighbors=10, metric=hamming, n_components=30, sibling_alpha=0.01, tree_linkage_method=average",8,8,800,350,0.22,1.0,1.0,1.0,1.0,1.0,1.0,1.0,1.0,1.0,1.0,1.0,0.0,0.0,100.0,0.125,7.999999999999998,2.0794415416798357,0.0,0.0,0.09968072268680217,2.7090862368077464,28.59160558515638,,,,,,0.0,0.0,0.0,0.018026833000476472,0.028821540996432304,0.8361534159921575,0.6003403606300708,0.003408915930776857,0.04017647738510277,0.006121500002336688,0.17249729100149125,0.04783266088634264,0.09019179720780812,0.012548124883323908,0.5656669580057496,0.3545750420016702,0.007985499993083067,0.17591583399917,0.023535374988568947,8.262500341515988e-05,ok,,,,,,,,,,800
97,overlap_hd_4c_1k,overlapping_binary_highd,binary_template,binary,bernoulli_template_latent_class,native_binary_feature_matrix,binary_distributional_recovery,none,bernoulli_template_or_latent_class_binary_model,tbs_diffusion_adaptive_nnls,tbs_diffusion_adaptive_nnls::bandwidth_type__1__d_2___branch_length_optimization_max_iterations_1000__branch_length_optimization_method_fixed_topology_nnls__branch_length_optimization_pair_sample_size_50000__branch_length_optimization_random_state_0__branch_length_optimization_solver_tolerance_1e_05__branch_length_optimization_target_metric_squared_standardized_euclidean__diffusion_method_adaptive_pydiffmap_diffusion__diffusion_time_3__edge_branch_length_variance_policy_normalized_branch_length__epsilon_median__k_neighbors_10__metric_hamming__n_components_30__tree_linkage_method_average,canonical,default_methods,0,"bandwidth_type=-1/(d+2), benchmark_seed=8300, branch_length_optimization_apply_nonconverged=False, branch_length_optimization_max_iterations=1000, branch_length_optimization_method=fixed_topology_nnls, branch_length_optimization_pair_sample_size=50000, branch_length_optimization_random_state=0, branch_length_optimization_solver_tolerance=1e-05, branch_length_optimization_target_metric=squared_standardized_euclidean, diffusion_method=adaptive_pydiffmap_diffusion, diffusion_time=3, edge_alpha=0.001, edge_branch_length_variance_policy=normalized_branch_length, epsilon=median, k_neighbors=10, metric=hamming, n_components=30, sibling_alpha=0.01, tree_linkage_method=average",4,4,500,1000,0.35,1.0,1.0,1.0,1.0,1.0,1.0,1.0,1.0,1.0,1.0,1.0,0.0,0.0,125.0,0.25,4.0,1.3862943611198906,0.0,0.0,0.041458957288699326,4.383964806569461,13.134914525793528,,,,,,0.0,0.0,0.0,0.00794520799536258,0.05069295800058171,1.4030879999918398,1.12462516897358,0.00328445115883369,0.02950989616510924,0.004970666006556712,0.22992024999985006,0.10407029806810897,0.08417675711098127,0.015842203894862905,0.7483380830090027,0.6039959170011571,0.005006082996260375,0.10792729099921416,0.027863291004905477,5.7999990531243384e-05,ok,,,,,,,,,,500
98,overlap_unbal_4c_small,overlapping_binary_unbalanced,binary_template,binary,bernoulli_template_latent_class,native_binary_feature_matrix,binary_distributional_recovery,none,bernoulli_template_or_latent_class_binary_model,tbs_diffusion_adaptive_nnls,tbs_diffusion_adaptive_nnls::bandwidth_type__1__d_2___branch_length_optimization_max_iterations_1000__branch_length_optimization_method_fixed_topology_nnls__branch_length_optimization_pair_sample_size_50000__branch_length_optimization_random_state_0__branch_length_optimization_solver_tolerance_1e_05__branch_length_optimization_target_metric_squared_standardized_euclidean__diffusion_method_adaptive_pydiffmap_diffusion__diffusion_time_3__edge_branch_length_variance_policy_normalized_branch_length__epsilon_median__k_neighbors_10__metric_hamming__n_components_30__tree_linkage_method_average,canonical,default_methods,0,"bandwidth_type=-1/(d+2), benchmark_seed=8400, branch_length_optimization_apply_nonconverged=False, branch_length_optimization_max_iterations=1000, branch_length_optimization_method=fixed_topology_nnls, branch_length_optimization_pair_sample_size=50000, branch_length_optimization_random_state=0, branch_length_optimization_solver_tolerance=1e-05, branch_length_optimization_target_metric=squared_standardized_euclidean, diffusion_method=adaptive_pydiffmap_diffusion, diffusion_time=3, edge_alpha=0.001, edge_branch_length_variance_policy=normalized_branch_length, epsilon=median, k_neighbors=10, metric=hamming, n_components=30, sibling_alpha=0.01, tree_linkage_method=average",4,4,400,100,0.35,0.6024203432333544,0.5873263604020399,0.5838285448761904,0.8325,0.5775658726939491,0.5974224106913211,0.5873263604020399,0.707497097493207,0.821566910355667,0.8292559307673687,0.6395348837209303,0.0,0.0,102.5,0.3425,3.7899524530296294,1.332353473640873,0.17625,0.0,0.025513794365641787,4.865472680924568,9.332740198734768,,,,,,0.0,0.0,0.0,0.005993833008687943,0.006507167010568082,0.16932029199961107,0.09643961524125189,0.0012224202509969473,0.018853744913940318,0.0037959170003887266,0.042157874995609745,0.008197378032491542,0.020976756015443243,0.004634332886780612,0.18746749999991152,0.07599266601027921,0.003601290998631157,0.0800364580063615,0.025028625008417293,5.662500916514546e-05,ok,,,,,,,,,,400
99,overlap_unbal_6c_med,overlapping_binary_unbalanced,binary_template,binary,bernoulli_template_latent_class,native_binary_feature_matrix,binary_distributional_recovery,none,bernoulli_template_or_latent_class_binary_model,tbs_diffusion_adaptive_nnls,tbs_diffusion_adaptive_nnls::bandwidth_type__1__d_2___branch_length_optimization_max_iterations_1000__branch_length_optimization_method_fixed_topology_nnls__branch_length_optimization_pair_sample_size_50000__branch_length_optimization_random_state_0__branch_length_optimization_solver_tolerance_1e_05__branch_length_optimization_target_metric_squared_standardized_euclidean__diffusion_method_adaptive_pydiffmap_diffusion__diffusion_time_3__edge_branch_length_variance_policy_normalized_branch_length__epsilon_median__k_neighbors_10__metric_hamming__n_components_30__tree_linkage_method_average,canonical,default_methods,0,"bandwidth_type=-1/(d+2), benchmark_seed=8401, branch_length_optimization_apply_nonconverged=False, branch_length_optimization_max_iterations=1000, branch_length_optimization_method=fixed_topology_nnls, branch_length_optimization_pair_sample_size=50000, branch_length_optimization_random_state=0, branch_length_optimization_solver_tolerance=1e-05, branch_length_optimization_target_metric=squared_standardized_euclidean, diffusion_method=adaptive_pydiffmap_diffusion, diffusion_time=3, edge_alpha=0.001, edge_branch_length_variance_policy=normalized_branch_length, epsilon=median, k_neighbors=10, metric=hamming, n_components=30, sibling_alpha=0.01, tree_linkage_method=average",6,6,600,300,0.3,1.0,1.0,1.0,1.0,1.0,1.0,1.0,1.0,1.0,1.0,1.0,0.0,0.0,101.5,0.18833333333333332,5.961349214649565,1.785296833754465,0.06222222222222222,0.0,0.052539577014225,3.7037994521382522,15.10627395236483,,,,,,0.0,0.0,0.0,0.010693375006667338,0.02018991699151229,0.5737377920013387,0.39677094110811595,0.002641631872393191,0.034237829080666415,0.0034031250106636435,0.12445087500964291,0.031426819987245835,0.06634351304091979,0.009663243967224844,0.2582047089963453,0.2371354170027189,0.006825791992014274,0.0071783750026952475,0.0038692499947501346,7.325000478886068e-05,ok,,,,,,,,,,600
100,overlap_unbal_8c_large,overlapping_binary_unbalanced,binary_template,binary,bernoulli_template_latent_class,native_binary_feature_matrix,binary_distributional_recovery,none,bernoulli_template_or_latent_class_binary_model,tbs_diffusion_adaptive_nnls,tbs_diffusion_adaptive_nnls::bandwidth_type__1__d_2___branch_length_optimization_max_iterations_1000__branch_length_optimization_method_fixed_topology_nnls__branch_length_optimization_pair_sample_size_50000__branch_length_optimization_random_state_0__branch_length_optimization_solver_tolerance_1e_05__branch_length_optimization_target_metric_squared_standardized_euclidean__diffusion_method_adaptive_pydiffmap_diffusion__diffusion_time_3__edge_branch_length_variance_policy_normalized_branch_length__epsilon_median__k_neighbors_10__metric_hamming__n_components_30__tree_linkage_method_average,canonical,default_methods,0,"bandwidth_type=-1/(d+2), benchmark_seed=8402, branch_length_optimization_apply_nonconverged=False, branch_length_optimization_max_iterations=1000, branch_length_optimization_method=fixed_topology_nnls, branch_length_optimization_pair_sample_size=50000, branch_length_optimization_random_state=0, branch_length_optimization_solver_tolerance=1e-05, branch_length_optimization_target_metric=squared_standardized_euclidean, diffusion_method=adaptive_pydiffmap_diffusion, diffusion_time=3, edge_alpha=0.001, edge_branch_length_variance_policy=normalized_branch_length, epsilon=median, k_neighbors=10, metric=hamming, n_components=30, sibling_alpha=0.01, tree_linkage_method=average",8,8,800,500,0.32,0.9947784716132547,0.9941927939886435,0.9941042482928767,0.9975,0.9940753422922937,0.994310273442509,0.9941927939886432,0.9954290749979532,0.9970238095238095,0.9972563521412382,0.9761904761904762,0.0,0.0,101.5,0.13625,7.975739479148337,2.0764043690303415,0.038125,0.0,0.03265718604329927,4.6180582194397735,9.829938300054627,,,,,,0.0,0.0,0.0,0.017450957995606586,0.041864209008053876,1.232035499997437,0.8783476530661574,0.0040318131796084344,0.04714710185362492,0.008094333999906667,0.27789158299856354,0.07479542071814649,0.14968142815632746,0.02344819992140401,0.8370707499998389,0.4893944579962408,0.0074246250005671754,0.2973887500120327,0.039016916998662055,8.333400182891637e-05,ok,,,,,,,,,,800
101,gauss_overlap_3c_small,overlapping_gaussian,gaussian_blobs,median_binary,isotropic_gaussian_mixture,per_feature_median_thresholded_continuous_matrix,discretized_continuous_stress,"The simulated source is continuous but the observed benchmark matrix is median-thresholded binary; interpret it as a discretized stress case, not as raw Gaussian clustering.",explicit_bernoulli_threshold_model_or_continuous_gaussian_variant,tbs_diffusion_adaptive_nnls,tbs_diffusion_adaptive_nnls::bandwidth_type__1__d_2___branch_length_optimization_max_iterations_1000__branch_length_optimization_method_fixed_topology_nnls__branch_length_optimization_pair_sample_size_50000__branch_length_optimization_random_state_0__branch_length_optimization_solver_tolerance_1e_05__branch_length_optimization_target_metric_squared_standardized_euclidean__diffusion_method_adaptive_pydiffmap_diffusion__diffusion_time_3__edge_branch_length_variance_policy_normalized_branch_length__epsilon_median__k_neighbors_10__metric_hamming__n_components_30__tree_linkage_method_average,canonical,default_methods,0,"bandwidth_type=-1/(d+2), benchmark_seed=9000, branch_length_optimization_apply_nonconverged=False, branch_length_optimization_max_iterations=1000, branch_length_optimization_method=fixed_topology_nnls, branch_length_optimization_pair_sample_size=50000, branch_length_optimization_random_state=0, branch_length_optimization_solver_tolerance=1e-05, branch_length_optimization_target_metric=squared_standardized_euclidean, diffusion_method=adaptive_pydiffmap_diffusion, diffusion_time=3, edge_alpha=0.001, edge_branch_length_variance_policy=normalized_branch_length, epsilon=median, k_neighbors=10, metric=hamming, n_components=30, sibling_alpha=0.01, tree_linkage_method=average",3,6,300,30,3.5,0.6743691150605863,0.78641566840447,0.7837862565786866,1.0,1.0,0.6480107298110459,0.78641566840447,0.7794498621092235,1.0,1.0,1.0,0.0,0.0,42.0,0.3333333333333333,5.4486139867750465,1.6953612619785714,0.22777777777777777,0.0,0.17375433045729333,3.1233266450625528,48.809239764089064,,,,,,3.0,1.0,0.0,0.0036473340005613863,0.0036161249881843105,0.07419837500492577,0.031153508956776932,0.0008818780770525336,0.013861236948287115,0.00196433300152421,0.020796333003090695,0.00298053803271614,0.008946599788032472,0.002791045029880479,0.0878519160032738,0.03488612500950694,0.0030677920003654435,0.039898750008433126,0.007739125008811243,4.916699253953993e-05,ok,,,,,,,,,,300
102,gauss_overlap_4c_med,overlapping_gaussian,gaussian_blobs,median_binary,isotropic_gaussian_mixture,per_feature_median_thresholded_continuous_matrix,discretized_continuous_stress,"The simulated source is continuous but the observed benchmark matrix is median-thresholded binary; interpret it as a discretized stress case, not as raw Gaussian clustering.",explicit_bernoulli_threshold_model_or_continuous_gaussian_variant,tbs_diffusion_adaptive_nnls,tbs_diffusion_adaptive_nnls::bandwidth_type__1__d_2___branch_length_optimization_max_iterations_1000__branch_length_optimization_method_fixed_topology_nnls__branch_length_optimization_pair_sample_size_50000__branch_length_optimization_random_state_0__branch_length_optimization_solver_tolerance_1e_05__branch_length_optimization_target_metric_squared_standardized_euclidean__diffusion_method_adaptive_pydiffmap_diffusion__diffusion_time_3__edge_branch_length_variance_policy_normalized_branch_length__epsilon_median__k_neighbors_10__metric_hamming__n_components_30__tree_linkage_method_average,canonical,default_methods,0,"bandwidth_type=-1/(d+2), benchmark_seed=9001, branch_length_optimization_apply_nonconverged=False, branch_length_optimization_max_iterations=1000, branch_length_optimization_method=fixed_topology_nnls, branch_length_optimization_pair_sample_size=50000, branch_length_optimization_random_state=0, branch_length_optimization_solver_tolerance=1e-05, branch_length_optimization_target_metric=squared_standardized_euclidean, diffusion_method=adaptive_pydiffmap_diffusion, diffusion_time=3, edge_alpha=0.001, edge_branch_length_variance_policy=normalized_branch_length, epsilon=median, k_neighbors=10, metric=hamming, n_components=30, sibling_alpha=0.01, tree_linkage_method=average",4,4,400,80,4.0,1.0,1.0,1.0,1.0,1.0,1.0,1.0,1.0,1.0,1.0,1.0,0.0,0.0,100.0,0.25,4.0,1.3862943611198906,0.0,0.0,0.2776703632964096,1.4138208009203341,101.79590680044986,,,,,,0.0,0.0,0.0,0.005938291986240074,0.006020874992827885,0.1500762079958804,0.0810914624016732,0.0013235900405561551,0.018909616017481312,0.001817166994442232,0.03961945799528621,0.00720346970774699,0.019477933063171804,0.004413367991219275,0.08026729099219665,0.06829383299918845,0.004439416996319778,0.0022425000061048195,0.002567749994341284,5.3041992941871285e-05,ok,,,,,,,,,,400
103,gauss_overlap_6c_large,overlapping_gaussian,gaussian_blobs,median_binary,isotropic_gaussian_mixture,per_feature_median_thresholded_continuous_matrix,discretized_continuous_stress,"The simulated source is continuous but the observed benchmark matrix is median-thresholded binary; interpret it as a discretized stress case, not as raw Gaussian clustering.",explicit_bernoulli_threshold_model_or_continuous_gaussian_variant,tbs_diffusion_adaptive_nnls,tbs_diffusion_adaptive_nnls::bandwidth_type__1__d_2___branch_length_optimization_max_iterations_1000__branch_length_optimization_method_fixed_topology_nnls__branch_length_optimization_pair_sample_size_50000__branch_length_optimization_random_state_0__branch_length_optimization_solver_tolerance_1e_05__branch_length_optimization_target_metric_squared_standardized_euclidean__diffusion_method_adaptive_pydiffmap_diffusion__diffusion_time_3__edge_branch_length_variance_policy_normalized_branch_length__epsilon_median__k_neighbors_10__metric_hamming__n_components_30__tree_linkage_method_average,canonical,default_methods,0,"bandwidth_type=-1/(d+2), benchmark_seed=9002, branch_length_optimization_apply_nonconverged=False, branch_length_optimization_max_iterations=1000, branch_length_optimization_method=fixed_topology_nnls, branch_length_optimization_pair_sample_size=50000, branch_length_optimization_random_state=0, branch_length_optimization_solver_tolerance=1e-05, branch_length_optimization_target_metric=squared_standardized_euclidean, diffusion_method=adaptive_pydiffmap_diffusion, diffusion_time=3, edge_alpha=0.001, edge_branch_length_variance_policy=normalized_branch_length, epsilon=median, k_neighbors=10, metric=hamming, n_components=30, sibling_alpha=0.01, tree_linkage_method=average",6,6,600,150,3.5,1.0,1.0,1.0,1.0,1.0,1.0,1.0,1.0,1.0,1.0,1.0,0.0,0.0,100.0,0.16666666666666666,5.999999999999998,1.7917594692280547,0.0,0.0,0.30887477847040495,1.3429006126332415,124.3622555414249,,,,,,0.0,0.0,0.0,0.010858082998311147,0.012950791002367623,0.3244703340023989,0.2057050981093198,0.001934703264851123,0.029479022035957314,0.003028207996976562,0.07422179200511891,0.016724087385227904,0.03739246710028965,0.006911583230248652,0.1720162080018781,0.14309595800295938,0.006507333993795328,0.01371595800446812,0.005804833010188304,7.312500383704901e-05,ok,,,,,,,,,,600
104,gauss_overlap_8c_highd,overlapping_gaussian,gaussian_blobs,median_binary,isotropic_gaussian_mixture,per_feature_median_thresholded_continuous_matrix,discretized_continuous_stress,"The simulated source is continuous but the observed benchmark matrix is median-thresholded binary; interpret it as a discretized stress case, not as raw Gaussian clustering.",explicit_bernoulli_threshold_model_or_continuous_gaussian_variant,tbs_diffusion_adaptive_nnls,tbs_diffusion_adaptive_nnls::bandwidth_type__1__d_2___branch_length_optimization_max_iterations_1000__branch_length_optimization_method_fixed_topology_nnls__branch_length_optimization_pair_sample_size_50000__branch_length_optimization_random_state_0__branch_length_optimization_solver_tolerance_1e_05__branch_length_optimization_target_metric_squared_standardized_euclidean__diffusion_method_adaptive_pydiffmap_diffusion__diffusion_time_3__edge_branch_length_variance_policy_normalized_branch_length__epsilon_median__k_neighbors_10__metric_hamming__n_components_30__tree_linkage_method_average,canonical,default_methods,0,"bandwidth_type=-1/(d+2), benchmark_seed=9003, branch_length_optimization_apply_nonconverged=False, branch_length_optimization_max_iterations=1000, branch_length_optimization_method=fixed_topology_nnls, branch_length_optimization_pair_sample_size=50000, branch_length_optimization_random_state=0, branch_length_optimization_solver_tolerance=1e-05, branch_length_optimization_target_metric=squared_standardized_euclidean, diffusion_method=adaptive_pydiffmap_diffusion, diffusion_time=3, edge_alpha=0.001, edge_branch_length_variance_policy=normalized_branch_length, epsilon=median, k_neighbors=10, metric=hamming, n_components=30, sibling_alpha=0.01, tree_linkage_method=average",8,14,800,300,3.5,0.9343004944078713,0.9522472089968301,0.9509096648394765,1.0,1.0,0.9088472177536286,0.9522472089968301,0.9435587052764816,1.0,1.0,1.0,1.0,0.00125,72.5,0.125,9.855197864147854,2.287999017942235,0.39982142857142855,0.0,0.227689002321679,3.310873667573599,72.02982206035522,,,,,,6.0,1.0,0.0,0.01753008300147485,0.02570945800107438,0.7269135419919621,0.5092201070510782,0.002921736260759644,0.04007485597685445,0.005291791996569373,0.1557214579952415,0.04084499010059517,0.08288793682004325,0.010890961057157256,0.422655707996455,0.3146484999888344,0.008754875001613982,0.08162687499134336,0.013763041992206126,0.00010395799472462386,ok,,,,,,,,,,800
105,gauss_overlap_extreme_4c,overlapping_gaussian,gaussian_blobs,median_binary,isotropic_gaussian_mixture,per_feature_median_thresholded_continuous_matrix,discretized_continuous_stress,"The simulated source is continuous but the observed benchmark matrix is median-thresholded binary; interpret it as a discretized stress case, not as raw Gaussian clustering.",explicit_bernoulli_threshold_model_or_continuous_gaussian_variant,tbs_diffusion_adaptive_nnls,tbs_diffusion_adaptive_nnls::bandwidth_type__1__d_2___branch_length_optimization_max_iterations_1000__branch_length_optimization_method_fixed_topology_nnls__branch_length_optimization_pair_sample_size_50000__branch_length_optimization_random_state_0__branch_length_optimization_solver_tolerance_1e_05__branch_length_optimization_target_metric_squared_standardized_euclidean__diffusion_method_adaptive_pydiffmap_diffusion__diffusion_time_3__edge_branch_length_variance_policy_normalized_branch_length__epsilon_median__k_neighbors_10__metric_hamming__n_components_30__tree_linkage_method_average,canonical,default_methods,0,"bandwidth_type=-1/(d+2), benchmark_seed=9100, branch_length_optimization_apply_nonconverged=False, branch_length_optimization_max_iterations=1000, branch_length_optimization_method=fixed_topology_nnls, branch_length_optimization_pair_sample_size=50000, branch_length_optimization_random_state=0, branch_length_optimization_solver_tolerance=1e-05, branch_length_optimization_target_metric=squared_standardized_euclidean, diffusion_method=adaptive_pydiffmap_diffusion, diffusion_time=3, edge_alpha=0.001, edge_branch_length_variance_policy=normalized_branch_length, epsilon=median, k_neighbors=10, metric=hamming, n_components=30, sibling_alpha=0.01, tree_linkage_method=average",4,4,500,100,6.0,1.0,1.0,1.0,1.0,1.0,1.0,1.0,1.0,1.0,1.0,1.0,0.0,0.0,125.0,0.25,4.0,1.3862943611198906,0.0,0.0,0.169875131385997,2.0212781863263074,65.41578848017015,,,,,,0.0,0.0,0.0,0.00797266598965507,0.008316291990922764,0.21519800000532996,0.12162560297292657,0.001610078994417563,0.023864978982601315,0.00386308399902191,0.055738000010023825,0.010112050047609955,0.029590219113742933,0.005581939913099632,0.17974458300159313,0.09357708299648948,0.005095082990010269,0.06221558401011862,0.01599450000503566,5.7666999055072665e-05,ok,,,,,,,,,,500
106,gauss_overlap_extreme_6c,overlapping_gaussian,gaussian_blobs,median_binary,isotropic_gaussian_mixture,per_feature_median_thresholded_continuous_matrix,discretized_continuous_stress,"The simulated source is continuous but the observed benchmark matrix is median-thresholded binary; interpret it as a discretized stress case, not as raw Gaussian clustering.",explicit_bernoulli_threshold_model_or_continuous_gaussian_variant,tbs_diffusion_adaptive_nnls,tbs_diffusion_adaptive_nnls::bandwidth_type__1__d_2___branch_length_optimization_max_iterations_1000__branch_length_optimization_method_fixed_topology_nnls__branch_length_optimization_pair_sample_size_50000__branch_length_optimization_random_state_0__branch_length_optimization_solver_tolerance_1e_05__branch_length_optimization_target_metric_squared_standardized_euclidean__diffusion_method_adaptive_pydiffmap_diffusion__diffusion_time_3__edge_branch_length_variance_policy_normalized_branch_length__epsilon_median__k_neighbors_10__metric_hamming__n_components_30__tree_linkage_method_average,canonical,default_methods,0,"bandwidth_type=-1/(d+2), benchmark_seed=9101, branch_length_optimization_apply_nonconverged=False, branch_length_optimization_max_iterations=1000, branch_length_optimization_method=fixed_topology_nnls, branch_length_optimization_pair_sample_size=50000, branch_length_optimization_random_state=0, branch_length_optimization_solver_tolerance=1e-05, branch_length_optimization_target_metric=squared_standardized_euclidean, diffusion_method=adaptive_pydiffmap_diffusion, diffusion_time=3, edge_alpha=0.001, edge_branch_length_variance_policy=normalized_branch_length, epsilon=median, k_neighbors=10, metric=hamming, n_components=30, sibling_alpha=0.01, tree_linkage_method=average",6,6,600,200,5.5,1.0,1.0,1.0,1.0,1.0,1.0,1.0,1.0,1.0,1.0,1.0,0.0,0.0,100.0,0.16666666666666666,5.999999999999998,1.7917594692280547,0.0,0.0,0.20058532336725787,1.8227151123972707,66.30112525280015,,,,,,0.0,0.0,0.0,0.010491832988918759,0.014800375007325783,0.3985921249986859,0.26663300847576465,0.0020875071204500273,0.030067545143538155,0.00308341599884443,0.08590129199728835,0.021367634064517915,0.042675393022364005,0.007766495080431923,0.20145304199832026,0.17487087500921916,0.006784750003134832,0.011287291010376066,0.005354082997655496,7.133299368433654e-05,ok,,,,,,,,,,600
107,gauss_overlap_many_10c,overlapping_gaussian,gaussian_blobs,median_binary,isotropic_gaussian_mixture,per_feature_median_thresholded_continuous_matrix,discretized_continuous_stress,"The simulated source is continuous but the observed benchmark matrix is median-thresholded binary; interpret it as a discretized stress case, not as raw Gaussian clustering.",explicit_bernoulli_threshold_model_or_continuous_gaussian_variant,tbs_diffusion_adaptive_nnls,tbs_diffusion_adaptive_nnls::bandwidth_type__1__d_2___branch_length_optimization_max_iterations_1000__branch_length_optimization_method_fixed_topology_nnls__branch_length_optimization_pair_sample_size_50000__branch_length_optimization_random_state_0__branch_length_optimization_solver_tolerance_1e_05__branch_length_optimization_target_metric_squared_standardized_euclidean__diffusion_method_adaptive_pydiffmap_diffusion__diffusion_time_3__edge_branch_length_variance_policy_normalized_branch_length__epsilon_median__k_neighbors_10__metric_hamming__n_components_30__tree_linkage_method_average,canonical,default_methods,0,"bandwidth_type=-1/(d+2), benchmark_seed=9102, branch_length_optimization_apply_nonconverged=False, branch_length_optimization_max_iterations=1000, branch_length_optimization_method=fixed_topology_nnls, branch_length_optimization_pair_sample_size=50000, branch_length_optimization_random_state=0, branch_length_optimization_solver_tolerance=1e-05, branch_length_optimization_target_metric=squared_standardized_euclidean, diffusion_method=adaptive_pydiffmap_diffusion, diffusion_time=3, edge_alpha=0.001, edge_branch_length_variance_policy=normalized_branch_length, epsilon=median, k_neighbors=10, metric=hamming, n_components=30, sibling_alpha=0.01, tree_linkage_method=average",10,11,1000,150,4.0,0.9977985452346538,0.9978756302589705,0.997833599498516,1.0,1.0,0.995760267277846,0.9978756302589705,0.9980182383305448,1.0,1.0,1.0,0.0,0.0,100.0,0.1,10.098521271055567,2.3123890043220188,0.09054545454545454,0.0,0.23799038263956684,1.6074626365636837,100.933264038705,,,,,,1.0,1.0,0.0,0.02480075000494253,0.019950791000155732,0.5420835420081858,0.33974159677745774,0.0032935934141278267,0.049816143029602244,0.0054103750007925555,0.1274816670047585,0.02858417904644739,0.06513673608424142,0.01185521409206558,0.2770735420053825,0.2367227500071749,0.011069375002989545,0.019275457991170697,0.005889792009838857,0.00012854200031142682,ok,,,,,,,,,,1000
108,gauss_overlap_dense_8c,overlapping_gaussian,gaussian_blobs,median_binary,isotropic_gaussian_mixture,per_feature_median_thresholded_continuous_matrix,discretized_continuous_stress,"The simulated source is continuous but the observed benchmark matrix is median-thresholded binary; interpret it as a discretized stress case, not as raw Gaussian clustering.",explicit_bernoulli_threshold_model_or_continuous_gaussian_variant,tbs_diffusion_adaptive_nnls,tbs_diffusion_adaptive_nnls::bandwidth_type__1__d_2___branch_length_optimization_max_iterations_1000__branch_length_optimization_method_fixed_topology_nnls__branch_length_optimization_pair_sample_size_50000__branch_length_optimization_random_state_0__branch_length_optimization_solver_tolerance_1e_05__branch_length_optimization_target_metric_squared_standardized_euclidean__diffusion_method_adaptive_pydiffmap_diffusion__diffusion_time_3__edge_branch_length_variance_policy_normalized_branch_length__epsilon_median__k_neighbors_10__metric_hamming__n_components_30__tree_linkage_method_average,canonical,default_methods,0,"bandwidth_type=-1/(d+2), benchmark_seed=9103, branch_length_optimization_apply_nonconverged=False, branch_length_optimization_max_iterations=1000, branch_length_optimization_method=fixed_topology_nnls, branch_length_optimization_pair_sample_size=50000, branch_length_optimization_random_state=0, branch_length_optimization_solver_tolerance=1e-05, branch_length_optimization_target_metric=squared_standardized_euclidean, diffusion_method=adaptive_pydiffmap_diffusion, diffusion_time=3, edge_alpha=0.001, edge_branch_length_variance_policy=normalized_branch_length, epsilon=median, k_neighbors=10, metric=hamming, n_components=30, sibling_alpha=0.01, tree_linkage_method=average",8,8,800,50,3.0,1.0,1.0,1.0,1.0,1.0,1.0,1.0,1.0,1.0,1.0,1.0,0.0,0.0,100.0,0.125,7.999999999999998,2.0794415416798357,0.0,0.0,0.35427605712757326,1.174495862980493,176.06381827304176,,,,,,0.0,0.0,0.0,0.017472916006227024,0.010330875011277385,0.23733312499825843,0.11605757726647425,0.002440253592794761,0.03815791307715699,0.0043565410014707595,0.06308616598835215,0.010351638018619269,0.028779075873899274,0.007897898030932993,0.14194566699734423,0.11337708399514668,0.00911141699180007,0.010336583000025712,0.00528833300631959,9.4832998001948e-05,ok,,,,,,,,,,800
109,gauss_overlap_3c_small_q3,overlapping_gaussian_quantile,gaussian_blobs,quantile_one_hot,isotropic_gaussian_mixture,quantile_discretized_continuous_one_hot_blocks,discretized_continuous_categorical_stress,The simulated source is continuous but the observed benchmark matrix is quantile-discretized and one-hot encoded.,ordinal_or_categorical_discretization_model,tbs_diffusion_adaptive_nnls,tbs_diffusion_adaptive_nnls::bandwidth_type__1__d_2___branch_length_optimization_max_iterations_1000__branch_length_optimization_method_fixed_topology_nnls__branch_length_optimization_pair_sample_size_50000__branch_length_optimization_random_state_0__branch_length_optimization_solver_tolerance_1e_05__branch_length_optimization_target_metric_squared_standardized_euclidean__diffusion_method_adaptive_pydiffmap_diffusion__diffusion_time_3__edge_branch_length_variance_policy_normalized_branch_length__epsilon_median__k_neighbors_10__metric_hamming__n_components_30__tree_linkage_method_average,canonical,default_methods,0,"bandwidth_type=-1/(d+2), benchmark_seed=9000, branch_length_optimization_apply_nonconverged=False, branch_length_optimization_max_iterations=1000, branch_length_optimization_method=fixed_topology_nnls, branch_length_optimization_pair_sample_size=50000, branch_length_optimization_random_state=0, branch_length_optimization_solver_tolerance=1e-05, branch_length_optimization_target_metric=squared_standardized_euclidean, diffusion_method=adaptive_pydiffmap_diffusion, diffusion_time=3, edge_alpha=0.001, edge_branch_length_variance_policy=normalized_branch_length, epsilon=median, k_neighbors=10, metric=hamming, n_components=30, sibling_alpha=0.01, tree_linkage_method=average",3,3,300,90,3.5,1.0,1.0,1.0,1.0,1.0,1.0,1.0,1.0,1.0,1.0,1.0,0.0,0.0,100.0,0.3333333333333333,2.9999999999999996,1.0986122886681096,0.0,0.0,0.21420726929212777,1.9042255965333432,71.06412455273976,,,,,,0.0,0.0,0.0,0.0039272920112125576,0.003503250001813285,0.12456195800041314,0.05731578671839088,0.001049910788424313,0.016095351049443707,0.00209070899290964,0.04101691699179355,0.01757378321781289,0.013504199989256449,0.0034698412200668827,0.0972417500015581,0.052374915991094895,0.0031277500092983246,0.03128137499152217,0.007803458996932022,4.137499490752816e-05,ok,,,,,,,,,,300
110,gauss_overlap_3c_small_q4,overlapping_gaussian_quantile,gaussian_blobs,quantile_one_hot,isotropic_gaussian_mixture,quantile_discretized_continuous_one_hot_blocks,discretized_continuous_categorical_stress,The simulated source is continuous but the observed benchmark matrix is quantile-discretized and one-hot encoded.,ordinal_or_categorical_discretization_model,tbs_diffusion_adaptive_nnls,tbs_diffusion_adaptive_nnls::bandwidth_type__1__d_2___branch_length_optimization_max_iterations_1000__branch_length_optimization_method_fixed_topology_nnls__branch_length_optimization_pair_sample_size_50000__branch_length_optimization_random_state_0__branch_length_optimization_solver_tolerance_1e_05__branch_length_optimization_target_metric_squared_standardized_euclidean__diffusion_method_adaptive_pydiffmap_diffusion__diffusion_time_3__edge_branch_length_variance_policy_normalized_branch_length__epsilon_median__k_neighbors_10__metric_hamming__n_components_30__tree_linkage_method_average,canonical,default_methods,0,"bandwidth_type=-1/(d+2), benchmark_seed=9000, branch_length_optimization_apply_nonconverged=False, branch_length_optimization_max_iterations=1000, branch_length_optimization_method=fixed_topology_nnls, branch_length_optimization_pair_sample_size=50000, branch_length_optimization_random_state=0, branch_length_optimization_solver_tolerance=1e-05, branch_length_optimization_target_metric=squared_standardized_euclidean, diffusion_method=adaptive_pydiffmap_diffusion, diffusion_time=3, edge_alpha=0.001, edge_branch_length_variance_policy=normalized_branch_length, epsilon=median, k_neighbors=10, metric=hamming, n_components=30, sibling_alpha=0.01, tree_linkage_method=average",3,3,300,120,3.5,1.0,1.0,1.0,1.0,1.0,1.0,1.0,1.0,1.0,1.0,1.0,0.0,0.0,100.0,0.3333333333333333,2.9999999999999996,1.0986122886681096,0.0,0.0,0.13656710792072707,2.527323392984501,39.73943661971831,,,,,,0.0,0.0,0.0,0.0038266659976216033,0.0035987500014016405,0.13029054099752102,0.05927172010706272,0.0010347367933718488,0.015952623129123822,0.00197633400966879,0.04510254200431518,0.018781122082145885,0.015885237880866043,0.00379129197972361,0.09793324999918696,0.053143165991059504,0.003165750007610768,0.030702000003657304,0.008399790996918455,4.083399835508317e-05,ok,,,,,,,,,,300
111,gauss_overlap_3c_small_q5,overlapping_gaussian_quantile,gaussian_blobs,quantile_one_hot,isotropic_gaussian_mixture,quantile_discretized_continuous_one_hot_blocks,discretized_continuous_categorical_stress,The simulated source is continuous but the observed benchmark matrix is quantile-discretized and one-hot encoded.,ordinal_or_categorical_discretization_model,tbs_diffusion_adaptive_nnls,tbs_diffusion_adaptive_nnls::bandwidth_type__1__d_2___branch_length_optimization_max_iterations_1000__branch_length_optimization_method_fixed_topology_nnls__branch_length_optimization_pair_sample_size_50000__branch_length_optimization_random_state_0__branch_length_optimization_solver_tolerance_1e_05__branch_length_optimization_target_metric_squared_standardized_euclidean__diffusion_method_adaptive_pydiffmap_diffusion__diffusion_time_3__edge_branch_length_variance_policy_normalized_branch_length__epsilon_median__k_neighbors_10__metric_hamming__n_components_30__tree_linkage_method_average,canonical,default_methods,0,"bandwidth_type=-1/(d+2), benchmark_seed=9000, branch_length_optimization_apply_nonconverged=False, branch_length_optimization_max_iterations=1000, branch_length_optimization_method=fixed_topology_nnls, branch_length_optimization_pair_sample_size=50000, branch_length_optimization_random_state=0, branch_length_optimization_solver_tolerance=1e-05, branch_length_optimization_target_metric=squared_standardized_euclidean, diffusion_method=adaptive_pydiffmap_diffusion, diffusion_time=3, edge_alpha=0.001, edge_branch_length_variance_policy=normalized_branch_length, epsilon=median, k_neighbors=10, metric=hamming, n_components=30, sibling_alpha=0.01, tree_linkage_method=average",3,3,300,150,3.5,1.0,1.0,1.0,1.0,1.0,1.0,1.0,1.0,1.0,1.0,1.0,0.0,0.0,100.0,0.3333333333333333,2.9999999999999996,1.0986122886681096,0.0,0.0,0.10538714924247135,2.923659081972573,29.23610875614646,,,,,,0.0,0.0,0.0,0.00399354100227356,0.003574665999622084,0.13996258299448527,0.06331833389413077,0.00109817560587544,0.01646864801296033,0.002649208006914705,0.04915341699961573,0.020014249021187425,0.018556408118456602,0.0038895449397386983,0.13988270799745806,0.05470416600292083,0.002870915996027179,0.0644472909916658,0.015333667004597373,4.083299427293241e-05,ok,,,,,,,,,,300
112,bar_binary_balanced_4c,method_proof,binary_template,binary,bernoulli_template_latent_class,native_binary_feature_matrix,binary_distributional_recovery,none,bernoulli_template_or_latent_class_binary_model,tbs_diffusion_adaptive_nnls,tbs_diffusion_adaptive_nnls::bandwidth_type__1__d_2___branch_length_optimization_max_iterations_1000__branch_length_optimization_method_fixed_topology_nnls__branch_length_optimization_pair_sample_size_50000__branch_length_optimization_random_state_0__branch_length_optimization_solver_tolerance_1e_05__branch_length_optimization_target_metric_squared_standardized_euclidean__diffusion_method_adaptive_pydiffmap_diffusion__diffusion_time_3__edge_branch_length_variance_policy_normalized_branch_length__epsilon_median__k_neighbors_10__metric_hamming__n_components_30__tree_linkage_method_average,canonical,default_methods,0,"bandwidth_type=-1/(d+2), benchmark_seed=21000, branch_length_optimization_apply_nonconverged=False, branch_length_optimization_max_iterations=1000, branch_length_optimization_method=fixed_topology_nnls, branch_length_optimization_pair_sample_size=50000, branch_length_optimization_random_state=0, branch_length_optimization_solver_tolerance=1e-05, branch_length_optimization_target_metric=squared_standardized_euclidean, diffusion_method=adaptive_pydiffmap_diffusion, diffusion_time=3, edge_alpha=0.001, edge_branch_length_variance_policy=normalized_branch_length, epsilon=median, k_neighbors=10, metric=hamming, n_components=30, sibling_alpha=0.01, tree_linkage_method=average",4,1,160,200,0.75,0.0,0.0,0.0,0.25,0.0,1.0,0.0,0.4952605565436486,0.25,0.1,0.0,0.0,0.0,160.0,1.0,1.0,-0.0,0.0,0.0,,,,,,,,,3.0,0.0,1.0,0.0019564999965950847,0.004304707996197976,0.10829529201146215,0.07244829297997057,0.0005490450566867366,0.008140098943840712,0.0022632500040344894,0.021128583000972867,0.005709921970264986,0.009303500031819567,0.0022256271331571043,0.1060353750071954,0.04640591698989738,0.0010810410021804273,0.03656554099870846,0.01995087499381043,2.4666995159350336e-05,ok,,,,,,,,,,160
113,bar_binary_unbalanced_95_5,method_proof,binary_template,binary,bernoulli_template_latent_class,native_binary_feature_matrix,binary_distributional_recovery,none,bernoulli_template_or_latent_class_binary_model,tbs_diffusion_adaptive_nnls,tbs_diffusion_adaptive_nnls::bandwidth_type__1__d_2___branch_length_optimization_max_iterations_1000__branch_length_optimization_method_fixed_topology_nnls__branch_length_optimization_pair_sample_size_50000__branch_length_optimization_random_state_0__branch_length_optimization_solver_tolerance_1e_05__branch_length_optimization_target_metric_squared_standardized_euclidean__diffusion_method_adaptive_pydiffmap_diffusion__diffusion_time_3__edge_branch_length_variance_policy_normalized_branch_length__epsilon_median__k_neighbors_10__metric_hamming__n_components_30__tree_linkage_method_average,canonical,default_methods,0,"bandwidth_type=-1/(d+2), benchmark_seed=21001, branch_length_optimization_apply_nonconverged=False, branch_length_optimization_max_iterations=1000, branch_length_optimization_method=fixed_topology_nnls, branch_length_optimization_pair_sample_size=50000, branch_length_optimization_random_state=0, branch_length_optimization_solver_tolerance=1e-05, branch_length_optimization_target_metric=squared_standardized_euclidean, diffusion_method=adaptive_pydiffmap_diffusion, diffusion_time=3, edge_alpha=0.001, edge_branch_length_variance_policy=normalized_branch_length, epsilon=median, k_neighbors=10, metric=hamming, n_components=30, sibling_alpha=0.01, tree_linkage_method=average",4,0,200,200,0.75,,,,,,,,,,,,,,,,,,,,,,,,,,,,,,,0.0023747499944875017,0.005347167010768317,0.1375629999965895,0.09052348890691064,0.0007190897449618205,0.010521520976908505,0.003146707997075282,0.028065541991963983,0.0073388750170124695,0.01302462509192992,0.002765575161902234,0.062439208006253466,0.058697625005152076,0.0,0.0,0.0,,unsupported,,empirical_null_no_internal_support,sibling_calibration,The selected hierarchy contains focal sibling tests but no admissible internal empirical-null calibration support.,199.0,0.0,199.0,398.0,397.0,0
114,mp_spike_below_bbp_continuous,method_proof,continuous_spiked_covariance,continuous,spiked_covariance_gaussian_model,continuous_feature_matrix,continuous_reference_or_diagnostic,none,gaussian_mixture_or_sparse_subspace_gaussian,tbs_diffusion_adaptive_nnls,tbs_diffusion_adaptive_nnls::bandwidth_type__1__d_2___branch_length_optimization_max_iterations_1000__branch_length_optimization_method_fixed_topology_nnls__branch_length_optimization_pair_sample_size_50000__branch_length_optimization_random_state_0__branch_length_optimization_solver_tolerance_1e_05__branch_length_optimization_target_metric_squared_standardized_euclidean__diffusion_method_adaptive_pydiffmap_diffusion__diffusion_time_3__edge_branch_length_variance_policy_normalized_branch_length__epsilon_median__k_neighbors_10__metric_hamming__n_components_30__tree_linkage_method_average,canonical,default_methods,0,"bandwidth_type=-1/(d+2), benchmark_seed=21100, branch_length_optimization_apply_nonconverged=False, branch_length_optimization_max_iterations=1000, branch_length_optimization_method=fixed_topology_nnls, branch_length_optimization_pair_sample_size=50000, branch_length_optimization_random_state=0, branch_length_optimization_solver_tolerance=1e-05, branch_length_optimization_target_metric=squared_standardized_euclidean, diffusion_method=adaptive_pydiffmap_diffusion, diffusion_time=3, edge_alpha=0.001, edge_branch_length_variance_policy=normalized_branch_length, epsilon=median, k_neighbors=10, metric=hamming, n_components=30, sibling_alpha=0.01, tree_linkage_method=average",1,0,120,300,1.0,,,,,,,,,,,,,,,,,,,,,,,,,,,,,,,,,,,,,,,,,,,,,,,,skip,tbs_diffusion_adaptive_nnls uses Hamming diffusion and requires binary or one-hot feature matrices; continuous FeatureSpace inputs are unsupported.,,,,,,,,,0
115,mp_spike_above_bbp_continuous,method_proof,continuous_spiked_covariance,continuous,spiked_covariance_gaussian_model,continuous_feature_matrix,continuous_reference_or_diagnostic,none,gaussian_mixture_or_sparse_subspace_gaussian,tbs_diffusion_adaptive_nnls,tbs_diffusion_adaptive_nnls::bandwidth_type__1__d_2___branch_length_optimization_max_iterations_1000__branch_length_optimization_method_fixed_topology_nnls__branch_length_optimization_pair_sample_size_50000__branch_length_optimization_random_state_0__branch_length_optimization_solver_tolerance_1e_05__branch_length_optimization_target_metric_squared_standardized_euclidean__diffusion_method_adaptive_pydiffmap_diffusion__diffusion_time_3__edge_branch_length_variance_policy_normalized_branch_length__epsilon_median__k_neighbors_10__metric_hamming__n_components_30__tree_linkage_method_average,canonical,default_methods,0,"bandwidth_type=-1/(d+2), benchmark_seed=21101, branch_length_optimization_apply_nonconverged=False, branch_length_optimization_max_iterations=1000, branch_length_optimization_method=fixed_topology_nnls, branch_length_optimization_pair_sample_size=50000, branch_length_optimization_random_state=0, branch_length_optimization_solver_tolerance=1e-05, branch_length_optimization_target_metric=squared_standardized_euclidean, diffusion_method=adaptive_pydiffmap_diffusion, diffusion_time=3, edge_alpha=0.001, edge_branch_length_variance_policy=normalized_branch_length, epsilon=median, k_neighbors=10, metric=hamming, n_components=30, sibling_alpha=0.01, tree_linkage_method=average",2,0,120,300,1.0,,,,,,,,,,,,,,,,,,,,,,,,,,,,,,,,,,,,,,,,,,,,,,,,skip,tbs_diffusion_adaptive_nnls uses Hamming diffusion and requires binary or one-hot feature matrices; continuous FeatureSpace inputs are unsupported.,,,,,,,,,0
116,cat_simplex_face_rare_20cat,method_proof,categorical_dirichlet_multinomial,categorical_one_hot,dirichlet_multinomial_latent_class,one_hot_encoded_categorical_feature_blocks,categorical_distributional_recovery,none,categorical_or_dirichlet_multinomial_blocks,tbs_diffusion_adaptive_nnls,tbs_diffusion_adaptive_nnls::bandwidth_type__1__d_2___branch_length_optimization_max_iterations_1000__branch_length_optimization_method_fixed_topology_nnls__branch_length_optimization_pair_sample_size_50000__branch_length_optimization_random_state_0__branch_length_optimization_solver_tolerance_1e_05__branch_length_optimization_target_metric_squared_standardized_euclidean__diffusion_method_adaptive_pydiffmap_diffusion__diffusion_time_3__edge_branch_length_variance_policy_normalized_branch_length__epsilon_median__k_neighbors_10__metric_hamming__n_components_30__tree_linkage_method_average,canonical,default_methods,0,"bandwidth_type=-1/(d+2), benchmark_seed=21200, branch_length_optimization_apply_nonconverged=False, branch_length_optimization_max_iterations=1000, branch_length_optimization_method=fixed_topology_nnls, branch_length_optimization_pair_sample_size=50000, branch_length_optimization_random_state=0, branch_length_optimization_solver_tolerance=1e-05, branch_length_optimization_target_metric=squared_standardized_euclidean, diffusion_method=adaptive_pydiffmap_diffusion, diffusion_time=3, edge_alpha=0.001, edge_branch_length_variance_policy=normalized_branch_length, epsilon=median, k_neighbors=10, metric=hamming, n_components=30, sibling_alpha=0.01, tree_linkage_method=average",4,1,240,1200,0.0,0.0,0.0,0.0,0.25,0.0,1.0,0.0,0.4968520148758506,0.25,0.1,0.0,0.0,0.0,240.0,1.0,1.0,-0.0,0.0,0.0,,,,,,,,,3.0,0.0,1.0,0.0031074169964995235,0.004447291998076253,0.2882244999927934,0.154158915989683,0.0014078780950512737,0.013530109004932456,0.0026561670092632994,0.1098387909878511,0.07295833621174097,0.025279377005062997,0.004998827062081546,0.17092674999730662,0.09630291699431837,0.002037666999967769,0.05035062499518972,0.019811083999229595,3.0208000680431724e-05,ok,,,,,,,,,,240
117,cat_dirichlet_overdispersed_20cat,method_proof,categorical_dirichlet_multinomial,categorical_one_hot,dirichlet_multinomial_latent_class,one_hot_encoded_categorical_feature_blocks,categorical_distributional_recovery,none,categorical_or_dirichlet_multinomial_blocks,tbs_diffusion_adaptive_nnls,tbs_diffusion_adaptive_nnls::bandwidth_type__1__d_2___branch_length_optimization_max_iterations_1000__branch_length_optimization_method_fixed_topology_nnls__branch_length_optimization_pair_sample_size_50000__branch_length_optimization_random_state_0__branch_length_optimization_solver_tolerance_1e_05__branch_length_optimization_target_metric_squared_standardized_euclidean__diffusion_method_adaptive_pydiffmap_diffusion__diffusion_time_3__edge_branch_length_variance_policy_normalized_branch_length__epsilon_median__k_neighbors_10__metric_hamming__n_components_30__tree_linkage_method_average,canonical,default_methods,0,"bandwidth_type=-1/(d+2), benchmark_seed=21201, branch_length_optimization_apply_nonconverged=False, branch_length_optimization_max_iterations=1000, branch_length_optimization_method=fixed_topology_nnls, branch_length_optimization_pair_sample_size=50000, branch_length_optimization_random_state=0, branch_length_optimization_solver_tolerance=1e-05, branch_length_optimization_target_metric=squared_standardized_euclidean, diffusion_method=adaptive_pydiffmap_diffusion, diffusion_time=3, edge_alpha=0.001, edge_branch_length_variance_policy=normalized_branch_length, epsilon=median, k_neighbors=10, metric=hamming, n_components=30, sibling_alpha=0.01, tree_linkage_method=average",4,4,240,1200,0.25,0.2142388457105737,0.26557580866328895,0.2539581902073143,0.5833333333333334,0.2440503241662464,0.2912657404509909,0.26557580866328895,0.4474213460483814,0.5833333333333334,0.5516325934579439,0.15,0.0,0.0,57.5,0.4791666666666667,3.1949458664944395,1.161570144491732,0.35,0.0,0.0032069009352673787,7.680314501832003,1.9678129257834562,,,,,,0.0,0.0,0.0,0.0030807079892838374,0.004194542008917779,0.28215012500004377,0.15357504102576058,0.0012584920768858865,0.013271103176521137,0.0033034170046448708,0.10420354201050941,0.07064340902434196,0.022166590817505494,0.004685252162744291,0.18496558399056084,0.09602766600437462,0.0015966659993864596,0.05894641700433567,0.02607433400407899,4.0166996768675745e-05,ok,,,,,,,,,,240
118,cont_lowrank_pggn_shrinkage,method_proof,continuous_low_rank_factor,continuous,low_rank_gaussian_factor_model,continuous_feature_matrix,continuous_reference_or_diagnostic,none,gaussian_mixture_or_sparse_subspace_gaussian,tbs_diffusion_adaptive_nnls,tbs_diffusion_adaptive_nnls::bandwidth_type__1__d_2___branch_length_optimization_max_iterations_1000__branch_length_optimization_method_fixed_topology_nnls__branch_length_optimization_pair_sample_size_50000__branch_length_optimization_random_state_0__branch_length_optimization_solver_tolerance_1e_05__branch_length_optimization_target_metric_squared_standardized_euclidean__diffusion_method_adaptive_pydiffmap_diffusion__diffusion_time_3__edge_branch_length_variance_policy_normalized_branch_length__epsilon_median__k_neighbors_10__metric_hamming__n_components_30__tree_linkage_method_average,canonical,default_methods,0,"bandwidth_type=-1/(d+2), benchmark_seed=21300, branch_length_optimization_apply_nonconverged=False, branch_length_optimization_max_iterations=1000, branch_length_optimization_method=fixed_topology_nnls, branch_length_optimization_pair_sample_size=50000, branch_length_optimization_random_state=0, branch_length_optimization_solver_tolerance=1e-05, branch_length_optimization_target_metric=squared_standardized_euclidean, diffusion_method=adaptive_pydiffmap_diffusion, diffusion_time=3, edge_alpha=0.001, edge_branch_length_variance_policy=normalized_branch_length, epsilon=median, k_neighbors=10, metric=hamming, n_components=30, sibling_alpha=0.01, tree_linkage_method=average",4,0,80,2000,1.0,,,,,,,,,,,,,,,,,,,,,,,,,,,,,,,,,,,,,,,,,,,,,,,,skip,tbs_diffusion_adaptive_nnls uses Hamming diffusion and requires binary or one-hot feature matrices; continuous FeatureSpace inputs are unsupported.,,,,,,,,,0
119,support_selected_only_fail_closed,method_proof,binary_selected_nonnull_only,binary,bernoulli_template_latent_class,native_binary_feature_matrix,binary_distributional_recovery,none,bernoulli_template_or_latent_class_binary_model,tbs_diffusion_adaptive_nnls,tbs_diffusion_adaptive_nnls::bandwidth_type__1__d_2___branch_length_optimization_max_iterations_1000__branch_length_optimization_method_fixed_topology_nnls__branch_length_optimization_pair_sample_size_50000__branch_length_optimization_random_state_0__branch_length_optimization_solver_tolerance_1e_05__branch_length_optimization_target_metric_squared_standardized_euclidean__diffusion_method_adaptive_pydiffmap_diffusion__diffusion_time_3__edge_branch_length_variance_policy_normalized_branch_length__epsilon_median__k_neighbors_10__metric_hamming__n_components_30__tree_linkage_method_average,canonical,default_methods,0,"bandwidth_type=-1/(d+2), benchmark_seed=21400, branch_length_optimization_apply_nonconverged=False, branch_length_optimization_max_iterations=1000, branch_length_optimization_method=fixed_topology_nnls, branch_length_optimization_pair_sample_size=50000, branch_length_optimization_random_state=0, branch_length_optimization_solver_tolerance=1e-05, branch_length_optimization_target_metric=squared_standardized_euclidean, diffusion_method=adaptive_pydiffmap_diffusion, diffusion_time=3, edge_alpha=0.001, edge_branch_length_variance_policy=normalized_branch_length, epsilon=median, k_neighbors=10, metric=hamming, n_components=30, sibling_alpha=0.01, tree_linkage_method=average",4,4,160,500,0.65,1.0,1.0,1.0,1.0,1.0,1.0,1.0,1.0,1.0,1.0,1.0,0.0,0.0,40.0,0.25,4.0,1.3862943611198906,0.0,0.0,0.08086016686318873,2.9744198839125344,9.239835286190246,,,,,,0.0,0.0,0.0,0.00212245799775701,0.008743083992158063,0.21940558399364818,0.17208235773432534,0.0006460267468355596,0.008093232027022168,0.0023051659954944625,0.03247933299280703,0.013708714948734269,0.010661921041901223,0.0028945799713255838,0.15742712499923073,0.09706233300676104,0.001040082992403768,0.03534133400535211,0.021684292005375028,3.38749960064888e-05,ok,,,,,,,,,,160
120,phylo_brownian_null_16taxa,method_proof,phylogenetic_brownian,continuous,brownian_like_phylogenetic_continuous_model,continuous_feature_matrix,continuous_reference_or_diagnostic,none,gaussian_mixture_or_sparse_subspace_gaussian,tbs_diffusion_adaptive_nnls,tbs_diffusion_adaptive_nnls::bandwidth_type__1__d_2___branch_length_optimization_max_iterations_1000__branch_length_optimization_method_fixed_topology_nnls__branch_length_optimization_pair_sample_size_50000__branch_length_optimization_random_state_0__branch_length_optimization_solver_tolerance_1e_05__branch_length_optimization_target_metric_squared_standardized_euclidean__diffusion_method_adaptive_pydiffmap_diffusion__diffusion_time_3__edge_branch_length_variance_policy_normalized_branch_length__epsilon_median__k_neighbors_10__metric_hamming__n_components_30__tree_linkage_method_average,canonical,default_methods,0,"bandwidth_type=-1/(d+2), benchmark_seed=21500, branch_length_optimization_apply_nonconverged=False, branch_length_optimization_max_iterations=1000, branch_length_optimization_method=fixed_topology_nnls, branch_length_optimization_pair_sample_size=50000, branch_length_optimization_random_state=0, branch_length_optimization_solver_tolerance=1e-05, branch_length_optimization_target_metric=squared_standardized_euclidean, diffusion_method=adaptive_pydiffmap_diffusion, diffusion_time=3, edge_alpha=0.001, edge_branch_length_variance_policy=normalized_branch_length, epsilon=median, k_neighbors=10, metric=hamming, n_components=30, sibling_alpha=0.01, tree_linkage_method=average",16,0,160,100,1.0,,,,,,,,,,,,,,,,,,,,,,,,,,,,,,,,,,,,,,,,,,,,,,,,skip,tbs_diffusion_adaptive_nnls uses Hamming diffusion and requires binary or one-hot feature matrices; continuous FeatureSpace inputs are unsupported.,,,,,,,,,0
121,traversal_deep_signal_under_same_parent,method_proof,planted_hierarchy_binary,binary,hierarchical_bernoulli_latent_class,native_binary_feature_matrix,binary_distributional_recovery,none,bernoulli_template_or_latent_class_binary_model,tbs_diffusion_adaptive_nnls,tbs_diffusion_adaptive_nnls::bandwidth_type__1__d_2___branch_length_optimization_max_iterations_1000__branch_length_optimization_method_fixed_topology_nnls__branch_length_optimization_pair_sample_size_50000__branch_length_optimization_random_state_0__branch_length_optimization_solver_tolerance_1e_05__branch_length_optimization_target_metric_squared_standardized_euclidean__diffusion_method_adaptive_pydiffmap_diffusion__diffusion_time_3__edge_branch_length_variance_policy_normalized_branch_length__epsilon_median__k_neighbors_10__metric_hamming__n_components_30__tree_linkage_method_average,canonical,default_methods,0,"bandwidth_type=-1/(d+2), benchmark_seed=21600, branch_length_optimization_apply_nonconverged=False, branch_length_optimization_max_iterations=1000, branch_length_optimization_method=fixed_topology_nnls, branch_length_optimization_pair_sample_size=50000, branch_length_optimization_random_state=0, branch_length_optimization_solver_tolerance=1e-05, branch_length_optimization_target_metric=squared_standardized_euclidean, diffusion_method=adaptive_pydiffmap_diffusion, diffusion_time=3, edge_alpha=0.001, edge_branch_length_variance_policy=normalized_branch_length, epsilon=median, k_neighbors=10, metric=hamming, n_components=30, sibling_alpha=0.01, tree_linkage_method=average",6,1,240,300,0.68,0.0,0.0,0.0,0.16666666666666666,0.0,1.0,0.0,0.40395533950919826,0.16666666666666666,0.047619047619047616,0.0,0.0,0.0,240.0,1.0,1.0,-0.0,0.0,0.0,,,,,,,,,5.0,0.0,1.0,0.002899458006140776,0.00819829199463129,0.21936391700000968,0.15579438305576332,0.0009277546923840418,0.01266331595252268,0.0034337089891778305,0.041376707988092676,0.01252922005369328,0.018573965018731542,0.0038232939405133948,0.1833641660050489,0.09429783301311545,0.0015745830023661256,0.05700274999253452,0.028059083997504786,3.1791001674719155e-05,ok,,,,,,,,,,240
122,traversal_deep_branch_recovery_stress,method_proof,planted_hierarchy_binary,binary,hierarchical_bernoulli_latent_class,native_binary_feature_matrix,binary_distributional_recovery,none,bernoulli_template_or_latent_class_binary_model,tbs_diffusion_adaptive_nnls,tbs_diffusion_adaptive_nnls::bandwidth_type__1__d_2___branch_length_optimization_max_iterations_1000__branch_length_optimization_method_fixed_topology_nnls__branch_length_optimization_pair_sample_size_50000__branch_length_optimization_random_state_0__branch_length_optimization_solver_tolerance_1e_05__branch_length_optimization_target_metric_squared_standardized_euclidean__diffusion_method_adaptive_pydiffmap_diffusion__diffusion_time_3__edge_branch_length_variance_policy_normalized_branch_length__epsilon_median__k_neighbors_10__metric_hamming__n_components_30__tree_linkage_method_average,canonical,default_methods,0,"bandwidth_type=-1/(d+2), benchmark_seed=21601, branch_length_optimization_apply_nonconverged=False, branch_length_optimization_max_iterations=1000, branch_length_optimization_method=fixed_topology_nnls, branch_length_optimization_pair_sample_size=50000, branch_length_optimization_random_state=0, branch_length_optimization_solver_tolerance=1e-05, branch_length_optimization_target_metric=squared_standardized_euclidean, diffusion_method=adaptive_pydiffmap_diffusion, diffusion_time=3, edge_alpha=0.001, edge_branch_length_variance_policy=normalized_branch_length, epsilon=median, k_neighbors=10, metric=hamming, n_components=30, sibling_alpha=0.01, tree_linkage_method=average",6,6,240,480,0.68,1.0,1.0,1.0,1.0,1.0,1.0,1.0,1.0,1.0,1.0,1.0,0.0,0.0,40.0,0.16666666666666666,5.999999999999998,1.7917594692280547,0.0,0.0,0.1704179097232382,1.9746784398059782,20.65294199784693,,,,,,0.0,0.0,0.0,0.002967250009533018,0.012343042006250471,0.3252398339973297,0.2502247019292554,0.001004093253868632,0.012638147949473932,0.001817541997297667,0.054222083010245115,0.02086988506198395,0.020642210904043168,0.0042904568545054644,0.18510458299715538,0.14084120800544042,0.0024370000028284267,0.02736020801239647,0.012111499992897734,4.3042004108428955e-05,ok,,,,,,,,,,240
