case_id,status_old,ari_old,found_clusters_old,params_old,samples_old,features_old,true_clusters_old,status_restored,ari_restored,found_clusters_restored,params_restored,samples_restored,features_restored,true_clusters_restored,source,identical_recorded_params,matching_input_metadata,ari_delta
gauss_extreme_noise_3c,ok,1.0,3,"bandwidth_type=-1/(d+2), benchmark_seed=42, branch_length_optimization_apply_nonconverged=False, branch_length_optimization_max_iterations=1000, branch_length_optimization_method=fixed_topology_nnls, branch_length_optimization_pair_sample_size=50000, branch_length_optimization_random_state=0, branch_length_optimization_solver_tolerance=1e-05, branch_length_optimization_target_metric=squared_standardized_euclidean, diffusion_method=adaptive_pydiffmap_diffusion, diffusion_time=3, edge_alpha=0.001, edge_branch_length_variance_policy=normalized_branch_length, epsilon=median, k_neighbors=10, metric=hamming, n_components=30, sibling_alpha=0.01, tree_linkage_method=average",30,30,3,ok,1.0,3,"bandwidth_type=-1/(d+2), benchmark_seed=42, branch_length_optimization_apply_nonconverged=False, branch_length_optimization_max_iterations=1000, branch_length_optimization_method=fixed_topology_nnls, branch_length_optimization_pair_sample_size=50000, branch_length_optimization_random_state=0, branch_length_optimization_solver_tolerance=1e-05, branch_length_optimization_target_metric=squared_standardized_euclidean, diffusion_method=adaptive_pydiffmap_diffusion, diffusion_time=3, edge_alpha=0.001, edge_branch_length_variance_policy=normalized_branch_length, epsilon=median, k_neighbors=10, metric=hamming, n_components=30, sibling_alpha=0.01, tree_linkage_method=average",30,30,3,august_1,True,True,0.0
gauss_extreme_noise_many,ok,1.0,30,"bandwidth_type=-1/(d+2), benchmark_seed=44, branch_length_optimization_apply_nonconverged=False, branch_length_optimization_max_iterations=1000, branch_length_optimization_method=fixed_topology_nnls, branch_length_optimization_pair_sample_size=50000, branch_length_optimization_random_state=0, branch_length_optimization_solver_tolerance=1e-05, branch_length_optimization_target_metric=squared_standardized_euclidean, diffusion_method=adaptive_pydiffmap_diffusion, diffusion_time=3, edge_alpha=0.001, edge_branch_length_variance_policy=normalized_branch_length, epsilon=median, k_neighbors=10, metric=hamming, n_components=30, sibling_alpha=0.01, tree_linkage_method=average",300,2000,30,ok,1.0,30,"bandwidth_type=-1/(d+2), benchmark_seed=44, branch_length_optimization_apply_nonconverged=False, branch_length_optimization_max_iterations=1000, branch_length_optimization_method=fixed_topology_nnls, branch_length_optimization_pair_sample_size=50000, branch_length_optimization_random_state=0, branch_length_optimization_solver_tolerance=1e-05, branch_length_optimization_target_metric=squared_standardized_euclidean, diffusion_method=adaptive_pydiffmap_diffusion, diffusion_time=3, edge_alpha=0.001, edge_branch_length_variance_policy=normalized_branch_length, epsilon=median, k_neighbors=10, metric=hamming, n_components=30, sibling_alpha=0.01, tree_linkage_method=average",300,2000,30,august_1,True,True,0.0
gauss_clear_small,ok,1.0,3,"bandwidth_type=-1/(d+2), benchmark_seed=100, branch_length_optimization_apply_nonconverged=False, branch_length_optimization_max_iterations=1000, branch_length_optimization_method=fixed_topology_nnls, branch_length_optimization_pair_sample_size=50000, branch_length_optimization_random_state=0, branch_length_optimization_solver_tolerance=1e-05, branch_length_optimization_target_metric=squared_standardized_euclidean, diffusion_method=adaptive_pydiffmap_diffusion, diffusion_time=3, edge_alpha=0.001, edge_branch_length_variance_policy=normalized_branch_length, epsilon=median, k_neighbors=10, metric=hamming, n_components=30, sibling_alpha=0.01, tree_linkage_method=average",30,20,3,ok,1.0,3,"bandwidth_type=-1/(d+2), benchmark_seed=100, branch_length_optimization_apply_nonconverged=False, branch_length_optimization_max_iterations=1000, branch_length_optimization_method=fixed_topology_nnls, branch_length_optimization_pair_sample_size=50000, branch_length_optimization_random_state=0, branch_length_optimization_solver_tolerance=1e-05, branch_length_optimization_target_metric=squared_standardized_euclidean, diffusion_method=adaptive_pydiffmap_diffusion, diffusion_time=3, edge_alpha=0.001, edge_branch_length_variance_policy=normalized_branch_length, epsilon=median, k_neighbors=10, metric=hamming, n_components=30, sibling_alpha=0.01, tree_linkage_method=average",30,20,3,august_1,True,True,0.0
gauss_clear_medium,ok,0.829971181556196,6,"bandwidth_type=-1/(d+2), benchmark_seed=101, branch_length_optimization_apply_nonconverged=False, branch_length_optimization_max_iterations=1000, branch_length_optimization_method=fixed_topology_nnls, branch_length_optimization_pair_sample_size=50000, branch_length_optimization_random_state=0, branch_length_optimization_solver_tolerance=1e-05, branch_length_optimization_target_metric=squared_standardized_euclidean, diffusion_method=adaptive_pydiffmap_diffusion, diffusion_time=3, edge_alpha=0.001, edge_branch_length_variance_policy=normalized_branch_length, epsilon=median, k_neighbors=10, metric=hamming, n_components=30, sibling_alpha=0.01, tree_linkage_method=average",60,40,4,ok,0.829971181556196,6,"bandwidth_type=-1/(d+2), benchmark_seed=101, branch_length_optimization_apply_nonconverged=False, branch_length_optimization_max_iterations=1000, branch_length_optimization_method=fixed_topology_nnls, branch_length_optimization_pair_sample_size=50000, branch_length_optimization_random_state=0, branch_length_optimization_solver_tolerance=1e-05, branch_length_optimization_target_metric=squared_standardized_euclidean, diffusion_method=adaptive_pydiffmap_diffusion, diffusion_time=3, edge_alpha=0.001, edge_branch_length_variance_policy=normalized_branch_length, epsilon=median, k_neighbors=10, metric=hamming, n_components=30, sibling_alpha=0.01, tree_linkage_method=average",60,40,4,august_1,True,True,0.0
gauss_clear_large,ok,1.0,5,"bandwidth_type=-1/(d+2), benchmark_seed=102, branch_length_optimization_apply_nonconverged=False, branch_length_optimization_max_iterations=1000, branch_length_optimization_method=fixed_topology_nnls, branch_length_optimization_pair_sample_size=50000, branch_length_optimization_random_state=0, branch_length_optimization_solver_tolerance=1e-05, branch_length_optimization_target_metric=squared_standardized_euclidean, diffusion_method=adaptive_pydiffmap_diffusion, diffusion_time=3, edge_alpha=0.001, edge_branch_length_variance_policy=normalized_branch_length, epsilon=median, k_neighbors=10, metric=hamming, n_components=30, sibling_alpha=0.01, tree_linkage_method=average",100,80,5,ok,1.0,5,"bandwidth_type=-1/(d+2), benchmark_seed=102, branch_length_optimization_apply_nonconverged=False, branch_length_optimization_max_iterations=1000, branch_length_optimization_method=fixed_topology_nnls, branch_length_optimization_pair_sample_size=50000, branch_length_optimization_random_state=0, branch_length_optimization_solver_tolerance=1e-05, branch_length_optimization_target_metric=squared_standardized_euclidean, diffusion_method=adaptive_pydiffmap_diffusion, diffusion_time=3, edge_alpha=0.001, edge_branch_length_variance_policy=normalized_branch_length, epsilon=median, k_neighbors=10, metric=hamming, n_components=30, sibling_alpha=0.01, tree_linkage_method=average",100,80,5,august_1,True,True,0.0
gauss_moderate_3c,ok,1.0,3,"bandwidth_type=-1/(d+2), benchmark_seed=200, branch_length_optimization_apply_nonconverged=False, branch_length_optimization_max_iterations=1000, branch_length_optimization_method=fixed_topology_nnls, branch_length_optimization_pair_sample_size=50000, branch_length_optimization_random_state=0, branch_length_optimization_solver_tolerance=1e-05, branch_length_optimization_target_metric=squared_standardized_euclidean, diffusion_method=adaptive_pydiffmap_diffusion, diffusion_time=3, edge_alpha=0.001, edge_branch_length_variance_policy=normalized_branch_length, epsilon=median, k_neighbors=10, metric=hamming, n_components=30, sibling_alpha=0.01, tree_linkage_method=average",45,30,3,ok,1.0,3,"bandwidth_type=-1/(d+2), benchmark_seed=200, branch_length_optimization_apply_nonconverged=False, branch_length_optimization_max_iterations=1000, branch_length_optimization_method=fixed_topology_nnls, branch_length_optimization_pair_sample_size=50000, branch_length_optimization_random_state=0, branch_length_optimization_solver_tolerance=1e-05, branch_length_optimization_target_metric=squared_standardized_euclidean, diffusion_method=adaptive_pydiffmap_diffusion, diffusion_time=3, edge_alpha=0.001, edge_branch_length_variance_policy=normalized_branch_length, epsilon=median, k_neighbors=10, metric=hamming, n_components=30, sibling_alpha=0.01, tree_linkage_method=average",45,30,3,august_1,True,True,0.0
gauss_moderate_5c,ok,1.0,5,"bandwidth_type=-1/(d+2), benchmark_seed=201, branch_length_optimization_apply_nonconverged=False, branch_length_optimization_max_iterations=1000, branch_length_optimization_method=fixed_topology_nnls, branch_length_optimization_pair_sample_size=50000, branch_length_optimization_random_state=0, branch_length_optimization_solver_tolerance=1e-05, branch_length_optimization_target_metric=squared_standardized_euclidean, diffusion_method=adaptive_pydiffmap_diffusion, diffusion_time=3, edge_alpha=0.001, edge_branch_length_variance_policy=normalized_branch_length, epsilon=median, k_neighbors=10, metric=hamming, n_components=30, sibling_alpha=0.01, tree_linkage_method=average",75,50,5,ok,1.0,5,"bandwidth_type=-1/(d+2), benchmark_seed=201, branch_length_optimization_apply_nonconverged=False, branch_length_optimization_max_iterations=1000, branch_length_optimization_method=fixed_topology_nnls, branch_length_optimization_pair_sample_size=50000, branch_length_optimization_random_state=0, branch_length_optimization_solver_tolerance=1e-05, branch_length_optimization_target_metric=squared_standardized_euclidean, diffusion_method=adaptive_pydiffmap_diffusion, diffusion_time=3, edge_alpha=0.001, edge_branch_length_variance_policy=normalized_branch_length, epsilon=median, k_neighbors=10, metric=hamming, n_components=30, sibling_alpha=0.01, tree_linkage_method=average",75,50,5,august_1,True,True,0.0
gauss_noisy_3c,ok,1.0,3,"bandwidth_type=-1/(d+2), benchmark_seed=300, branch_length_optimization_apply_nonconverged=False, branch_length_optimization_max_iterations=1000, branch_length_optimization_method=fixed_topology_nnls, branch_length_optimization_pair_sample_size=50000, branch_length_optimization_random_state=0, branch_length_optimization_solver_tolerance=1e-05, branch_length_optimization_target_metric=squared_standardized_euclidean, diffusion_method=adaptive_pydiffmap_diffusion, diffusion_time=3, edge_alpha=0.001, edge_branch_length_variance_policy=normalized_branch_length, epsilon=median, k_neighbors=10, metric=hamming, n_components=30, sibling_alpha=0.01, tree_linkage_method=average",60,40,3,ok,1.0,3,"bandwidth_type=-1/(d+2), benchmark_seed=300, branch_length_optimization_apply_nonconverged=False, branch_length_optimization_max_iterations=1000, branch_length_optimization_method=fixed_topology_nnls, branch_length_optimization_pair_sample_size=50000, branch_length_optimization_random_state=0, branch_length_optimization_solver_tolerance=1e-05, branch_length_optimization_target_metric=squared_standardized_euclidean, diffusion_method=adaptive_pydiffmap_diffusion, diffusion_time=3, edge_alpha=0.001, edge_branch_length_variance_policy=normalized_branch_length, epsilon=median, k_neighbors=10, metric=hamming, n_components=30, sibling_alpha=0.01, tree_linkage_method=average",60,40,3,august_1,True,True,0.0
gauss_noisy_many,ok,1.0,8,"bandwidth_type=-1/(d+2), benchmark_seed=301, branch_length_optimization_apply_nonconverged=False, branch_length_optimization_max_iterations=1000, branch_length_optimization_method=fixed_topology_nnls, branch_length_optimization_pair_sample_size=50000, branch_length_optimization_random_state=0, branch_length_optimization_solver_tolerance=1e-05, branch_length_optimization_target_metric=squared_standardized_euclidean, diffusion_method=adaptive_pydiffmap_diffusion, diffusion_time=3, edge_alpha=0.001, edge_branch_length_variance_policy=normalized_branch_length, epsilon=median, k_neighbors=10, metric=hamming, n_components=30, sibling_alpha=0.01, tree_linkage_method=average",120,80,8,ok,1.0,8,"bandwidth_type=-1/(d+2), benchmark_seed=301, branch_length_optimization_apply_nonconverged=False, branch_length_optimization_max_iterations=1000, branch_length_optimization_method=fixed_topology_nnls, branch_length_optimization_pair_sample_size=50000, branch_length_optimization_random_state=0, branch_length_optimization_solver_tolerance=1e-05, branch_length_optimization_target_metric=squared_standardized_euclidean, diffusion_method=adaptive_pydiffmap_diffusion, diffusion_time=3, edge_alpha=0.001, edge_branch_length_variance_policy=normalized_branch_length, epsilon=median, k_neighbors=10, metric=hamming, n_components=30, sibling_alpha=0.01, tree_linkage_method=average",120,80,8,august_1,True,True,0.0
gauss_null_small,ok,1.0,1,"bandwidth_type=-1/(d+2), benchmark_seed=400, branch_length_optimization_apply_nonconverged=False, branch_length_optimization_max_iterations=1000, branch_length_optimization_method=fixed_topology_nnls, branch_length_optimization_pair_sample_size=50000, branch_length_optimization_random_state=0, branch_length_optimization_solver_tolerance=1e-05, branch_length_optimization_target_metric=squared_standardized_euclidean, diffusion_method=adaptive_pydiffmap_diffusion, diffusion_time=3, edge_alpha=0.001, edge_branch_length_variance_policy=normalized_branch_length, epsilon=median, k_neighbors=10, metric=hamming, n_components=30, sibling_alpha=0.01, tree_linkage_method=average",60,30,1,ok,1.0,1,"bandwidth_type=-1/(d+2), benchmark_seed=400, branch_length_optimization_apply_nonconverged=False, branch_length_optimization_max_iterations=1000, branch_length_optimization_method=fixed_topology_nnls, branch_length_optimization_pair_sample_size=50000, branch_length_optimization_random_state=0, branch_length_optimization_solver_tolerance=1e-05, branch_length_optimization_target_metric=squared_standardized_euclidean, diffusion_method=adaptive_pydiffmap_diffusion, diffusion_time=3, edge_alpha=0.001, edge_branch_length_variance_policy=normalized_branch_length, epsilon=median, k_neighbors=10, metric=hamming, n_components=30, sibling_alpha=0.01, tree_linkage_method=average",60,30,1,august_1,True,True,0.0
gauss_null_large,ok,1.0,1,"bandwidth_type=-1/(d+2), benchmark_seed=401, branch_length_optimization_apply_nonconverged=False, branch_length_optimization_max_iterations=1000, branch_length_optimization_method=fixed_topology_nnls, branch_length_optimization_pair_sample_size=50000, branch_length_optimization_random_state=0, branch_length_optimization_solver_tolerance=1e-05, branch_length_optimization_target_metric=squared_standardized_euclidean, diffusion_method=adaptive_pydiffmap_diffusion, diffusion_time=3, edge_alpha=0.001, edge_branch_length_variance_policy=normalized_branch_length, epsilon=median, k_neighbors=10, metric=hamming, n_components=30, sibling_alpha=0.01, tree_linkage_method=average",200,80,1,ok,1.0,1,"bandwidth_type=-1/(d+2), benchmark_seed=401, branch_length_optimization_apply_nonconverged=False, branch_length_optimization_max_iterations=1000, branch_length_optimization_method=fixed_topology_nnls, branch_length_optimization_pair_sample_size=50000, branch_length_optimization_random_state=0, branch_length_optimization_solver_tolerance=1e-05, branch_length_optimization_target_metric=squared_standardized_euclidean, diffusion_method=adaptive_pydiffmap_diffusion, diffusion_time=3, edge_alpha=0.001, edge_branch_length_variance_policy=normalized_branch_length, epsilon=median, k_neighbors=10, metric=hamming, n_components=30, sibling_alpha=0.01, tree_linkage_method=average",200,80,1,august_1,True,True,0.0
gauss_clear_medium_continuous,skip,,0,"bandwidth_type=-1/(d+2), benchmark_seed=101, branch_length_optimization_apply_nonconverged=False, branch_length_optimization_max_iterations=1000, branch_length_optimization_method=fixed_topology_nnls, branch_length_optimization_pair_sample_size=50000, branch_length_optimization_random_state=0, branch_length_optimization_solver_tolerance=1e-05, branch_length_optimization_target_metric=squared_standardized_euclidean, diffusion_method=adaptive_pydiffmap_diffusion, diffusion_time=3, edge_alpha=0.001, edge_branch_length_variance_policy=normalized_branch_length, epsilon=median, k_neighbors=10, metric=hamming, n_components=30, sibling_alpha=0.01, tree_linkage_method=average",60,40,4,skip,,0,"bandwidth_type=-1/(d+2), benchmark_seed=101, branch_length_optimization_apply_nonconverged=False, branch_length_optimization_max_iterations=1000, branch_length_optimization_method=fixed_topology_nnls, branch_length_optimization_pair_sample_size=50000, branch_length_optimization_random_state=0, branch_length_optimization_solver_tolerance=1e-05, branch_length_optimization_target_metric=squared_standardized_euclidean, diffusion_method=adaptive_pydiffmap_diffusion, diffusion_time=3, edge_alpha=0.001, edge_branch_length_variance_policy=normalized_branch_length, epsilon=median, k_neighbors=10, metric=hamming, n_components=30, sibling_alpha=0.01, tree_linkage_method=average",60,40,4,august_1,True,True,
gauss_moderate_3c_continuous,skip,,0,"bandwidth_type=-1/(d+2), benchmark_seed=200, branch_length_optimization_apply_nonconverged=False, branch_length_optimization_max_iterations=1000, branch_length_optimization_method=fixed_topology_nnls, branch_length_optimization_pair_sample_size=50000, branch_length_optimization_random_state=0, branch_length_optimization_solver_tolerance=1e-05, branch_length_optimization_target_metric=squared_standardized_euclidean, diffusion_method=adaptive_pydiffmap_diffusion, diffusion_time=3, edge_alpha=0.001, edge_branch_length_variance_policy=normalized_branch_length, epsilon=median, k_neighbors=10, metric=hamming, n_components=30, sibling_alpha=0.01, tree_linkage_method=average",45,30,3,skip,,0,"bandwidth_type=-1/(d+2), benchmark_seed=200, branch_length_optimization_apply_nonconverged=False, branch_length_optimization_max_iterations=1000, branch_length_optimization_method=fixed_topology_nnls, branch_length_optimization_pair_sample_size=50000, branch_length_optimization_random_state=0, branch_length_optimization_solver_tolerance=1e-05, branch_length_optimization_target_metric=squared_standardized_euclidean, diffusion_method=adaptive_pydiffmap_diffusion, diffusion_time=3, edge_alpha=0.001, edge_branch_length_variance_policy=normalized_branch_length, epsilon=median, k_neighbors=10, metric=hamming, n_components=30, sibling_alpha=0.01, tree_linkage_method=average",45,30,3,august_1,True,True,
gauss_null_large_continuous,skip,,0,"bandwidth_type=-1/(d+2), benchmark_seed=401, branch_length_optimization_apply_nonconverged=False, branch_length_optimization_max_iterations=1000, branch_length_optimization_method=fixed_topology_nnls, branch_length_optimization_pair_sample_size=50000, branch_length_optimization_random_state=0, branch_length_optimization_solver_tolerance=1e-05, branch_length_optimization_target_metric=squared_standardized_euclidean, diffusion_method=adaptive_pydiffmap_diffusion, diffusion_time=3, edge_alpha=0.001, edge_branch_length_variance_policy=normalized_branch_length, epsilon=median, k_neighbors=10, metric=hamming, n_components=30, sibling_alpha=0.01, tree_linkage_method=average",200,80,1,skip,,0,"bandwidth_type=-1/(d+2), benchmark_seed=401, branch_length_optimization_apply_nonconverged=False, branch_length_optimization_max_iterations=1000, branch_length_optimization_method=fixed_topology_nnls, branch_length_optimization_pair_sample_size=50000, branch_length_optimization_random_state=0, branch_length_optimization_solver_tolerance=1e-05, branch_length_optimization_target_metric=squared_standardized_euclidean, diffusion_method=adaptive_pydiffmap_diffusion, diffusion_time=3, edge_alpha=0.001, edge_branch_length_variance_policy=normalized_branch_length, epsilon=median, k_neighbors=10, metric=hamming, n_components=30, sibling_alpha=0.01, tree_linkage_method=average",200,80,1,august_1,True,True,
dim_consolidated_4c_24f,ok,0.5298028928480344,7,"bandwidth_type=-1/(d+2), benchmark_seed=13000, branch_length_optimization_apply_nonconverged=False, branch_length_optimization_max_iterations=1000, branch_length_optimization_method=fixed_topology_nnls, branch_length_optimization_pair_sample_size=50000, branch_length_optimization_random_state=0, branch_length_optimization_solver_tolerance=1e-05, branch_length_optimization_target_metric=squared_standardized_euclidean, diffusion_method=adaptive_pydiffmap_diffusion, diffusion_time=3, edge_alpha=0.001, edge_branch_length_variance_policy=normalized_branch_length, epsilon=median, k_neighbors=10, metric=hamming, n_components=30, sibling_alpha=0.01, tree_linkage_method=average",160,24,4,ok,0.5298028928480344,7,"bandwidth_type=-1/(d+2), benchmark_seed=13000, branch_length_optimization_apply_nonconverged=False, branch_length_optimization_max_iterations=1000, branch_length_optimization_method=fixed_topology_nnls, branch_length_optimization_pair_sample_size=50000, branch_length_optimization_random_state=0, branch_length_optimization_solver_tolerance=1e-05, branch_length_optimization_target_metric=squared_standardized_euclidean, diffusion_method=adaptive_pydiffmap_diffusion, diffusion_time=3, edge_alpha=0.001, edge_branch_length_variance_policy=normalized_branch_length, epsilon=median, k_neighbors=10, metric=hamming, n_components=30, sibling_alpha=0.01, tree_linkage_method=average",160,24,4,august_1,True,True,0.0
dim_consolidated_4c_72f,ok,-0.0083613817537643,2,"bandwidth_type=-1/(d+2), benchmark_seed=13001, branch_length_optimization_apply_nonconverged=False, branch_length_optimization_max_iterations=1000, branch_length_optimization_method=fixed_topology_nnls, branch_length_optimization_pair_sample_size=50000, branch_length_optimization_random_state=0, branch_length_optimization_solver_tolerance=1e-05, branch_length_optimization_target_metric=squared_standardized_euclidean, diffusion_method=adaptive_pydiffmap_diffusion, diffusion_time=3, edge_alpha=0.001, edge_branch_length_variance_policy=normalized_branch_length, epsilon=median, k_neighbors=10, metric=hamming, n_components=30, sibling_alpha=0.01, tree_linkage_method=average",160,72,4,ok,-0.0083613817537643,2,"bandwidth_type=-1/(d+2), benchmark_seed=13001, branch_length_optimization_apply_nonconverged=False, branch_length_optimization_max_iterations=1000, branch_length_optimization_method=fixed_topology_nnls, branch_length_optimization_pair_sample_size=50000, branch_length_optimization_random_state=0, branch_length_optimization_solver_tolerance=1e-05, branch_length_optimization_target_metric=squared_standardized_euclidean, diffusion_method=adaptive_pydiffmap_diffusion, diffusion_time=3, edge_alpha=0.001, edge_branch_length_variance_policy=normalized_branch_length, epsilon=median, k_neighbors=10, metric=hamming, n_components=30, sibling_alpha=0.01, tree_linkage_method=average",160,72,4,august_1,True,True,0.0
dim_consolidated_4c_272f,ok,0.0153270173835093,60,"bandwidth_type=-1/(d+2), benchmark_seed=13002, branch_length_optimization_apply_nonconverged=False, branch_length_optimization_max_iterations=1000, branch_length_optimization_method=fixed_topology_nnls, branch_length_optimization_pair_sample_size=50000, branch_length_optimization_random_state=0, branch_length_optimization_solver_tolerance=1e-05, branch_length_optimization_target_metric=squared_standardized_euclidean, diffusion_method=adaptive_pydiffmap_diffusion, diffusion_time=3, edge_alpha=0.001, edge_branch_length_variance_policy=normalized_branch_length, epsilon=median, k_neighbors=10, metric=hamming, n_components=30, sibling_alpha=0.01, tree_linkage_method=average",160,272,4,ok,0.0153270173835093,60,"bandwidth_type=-1/(d+2), benchmark_seed=13002, branch_length_optimization_apply_nonconverged=False, branch_length_optimization_max_iterations=1000, branch_length_optimization_method=fixed_topology_nnls, branch_length_optimization_pair_sample_size=50000, branch_length_optimization_random_state=0, branch_length_optimization_solver_tolerance=1e-05, branch_length_optimization_target_metric=squared_standardized_euclidean, diffusion_method=adaptive_pydiffmap_diffusion, diffusion_time=3, edge_alpha=0.001, edge_branch_length_variance_policy=normalized_branch_length, epsilon=median, k_neighbors=10, metric=hamming, n_components=30, sibling_alpha=0.01, tree_linkage_method=average",160,272,4,august_1,True,True,0.0
dim_diffuse_6c_36f,ok,0.0316432964697783,7,"bandwidth_type=-1/(d+2), benchmark_seed=13100, branch_length_optimization_apply_nonconverged=False, branch_length_optimization_max_iterations=1000, branch_length_optimization_method=fixed_topology_nnls, branch_length_optimization_pair_sample_size=50000, branch_length_optimization_random_state=0, branch_length_optimization_solver_tolerance=1e-05, branch_length_optimization_target_metric=squared_standardized_euclidean, diffusion_method=adaptive_pydiffmap_diffusion, diffusion_time=3, edge_alpha=0.001, edge_branch_length_variance_policy=normalized_branch_length, epsilon=median, k_neighbors=10, metric=hamming, n_components=30, sibling_alpha=0.01, tree_linkage_method=average",180,36,6,ok,0.0316432964697783,7,"bandwidth_type=-1/(d+2), benchmark_seed=13100, branch_length_optimization_apply_nonconverged=False, branch_length_optimization_max_iterations=1000, branch_length_optimization_method=fixed_topology_nnls, branch_length_optimization_pair_sample_size=50000, branch_length_optimization_random_state=0, branch_length_optimization_solver_tolerance=1e-05, branch_length_optimization_target_metric=squared_standardized_euclidean, diffusion_method=adaptive_pydiffmap_diffusion, diffusion_time=3, edge_alpha=0.001, edge_branch_length_variance_policy=normalized_branch_length, epsilon=median, k_neighbors=10, metric=hamming, n_components=30, sibling_alpha=0.01, tree_linkage_method=average",180,36,6,august_1,True,True,0.0
dim_diffuse_6c_136f,ok,0.0293879041298343,4,"bandwidth_type=-1/(d+2), benchmark_seed=13101, branch_length_optimization_apply_nonconverged=False, branch_length_optimization_max_iterations=1000, branch_length_optimization_method=fixed_topology_nnls, branch_length_optimization_pair_sample_size=50000, branch_length_optimization_random_state=0, branch_length_optimization_solver_tolerance=1e-05, branch_length_optimization_target_metric=squared_standardized_euclidean, diffusion_method=adaptive_pydiffmap_diffusion, diffusion_time=3, edge_alpha=0.001, edge_branch_length_variance_policy=normalized_branch_length, epsilon=median, k_neighbors=10, metric=hamming, n_components=30, sibling_alpha=0.01, tree_linkage_method=average",180,136,6,ok,0.0293879041298343,4,"bandwidth_type=-1/(d+2), benchmark_seed=13101, branch_length_optimization_apply_nonconverged=False, branch_length_optimization_max_iterations=1000, branch_length_optimization_method=fixed_topology_nnls, branch_length_optimization_pair_sample_size=50000, branch_length_optimization_random_state=0, branch_length_optimization_solver_tolerance=1e-05, branch_length_optimization_target_metric=squared_standardized_euclidean, diffusion_method=adaptive_pydiffmap_diffusion, diffusion_time=3, edge_alpha=0.001, edge_branch_length_variance_policy=normalized_branch_length, epsilon=median, k_neighbors=10, metric=hamming, n_components=30, sibling_alpha=0.01, tree_linkage_method=average",180,136,6,august_1,True,True,0.0
dim_diffuse_6c_536f,ok,-0.0042046026476466,2,"bandwidth_type=-1/(d+2), benchmark_seed=13102, branch_length_optimization_apply_nonconverged=False, branch_length_optimization_max_iterations=1000, branch_length_optimization_method=fixed_topology_nnls, branch_length_optimization_pair_sample_size=50000, branch_length_optimization_random_state=0, branch_length_optimization_solver_tolerance=1e-05, branch_length_optimization_target_metric=squared_standardized_euclidean, diffusion_method=adaptive_pydiffmap_diffusion, diffusion_time=3, edge_alpha=0.001, edge_branch_length_variance_policy=normalized_branch_length, epsilon=median, k_neighbors=10, metric=hamming, n_components=30, sibling_alpha=0.01, tree_linkage_method=average",180,536,6,ok,-0.0042046026476466,2,"bandwidth_type=-1/(d+2), benchmark_seed=13102, branch_length_optimization_apply_nonconverged=False, branch_length_optimization_max_iterations=1000, branch_length_optimization_method=fixed_topology_nnls, branch_length_optimization_pair_sample_size=50000, branch_length_optimization_random_state=0, branch_length_optimization_solver_tolerance=1e-05, branch_length_optimization_target_metric=squared_standardized_euclidean, diffusion_method=adaptive_pydiffmap_diffusion, diffusion_time=3, edge_alpha=0.001, edge_branch_length_variance_policy=normalized_branch_length, epsilon=median, k_neighbors=10, metric=hamming, n_components=30, sibling_alpha=0.01, tree_linkage_method=average",180,536,6,august_1,True,True,0.0
dim_consolidated_4c_24f_continuous,skip,,0,"bandwidth_type=-1/(d+2), benchmark_seed=13000, branch_length_optimization_apply_nonconverged=False, branch_length_optimization_max_iterations=1000, branch_length_optimization_method=fixed_topology_nnls, branch_length_optimization_pair_sample_size=50000, branch_length_optimization_random_state=0, branch_length_optimization_solver_tolerance=1e-05, branch_length_optimization_target_metric=squared_standardized_euclidean, diffusion_method=adaptive_pydiffmap_diffusion, diffusion_time=3, edge_alpha=0.001, edge_branch_length_variance_policy=normalized_branch_length, epsilon=median, k_neighbors=10, metric=hamming, n_components=30, sibling_alpha=0.01, tree_linkage_method=average",160,24,4,skip,,0,"bandwidth_type=-1/(d+2), benchmark_seed=13000, branch_length_optimization_apply_nonconverged=False, branch_length_optimization_max_iterations=1000, branch_length_optimization_method=fixed_topology_nnls, branch_length_optimization_pair_sample_size=50000, branch_length_optimization_random_state=0, branch_length_optimization_solver_tolerance=1e-05, branch_length_optimization_target_metric=squared_standardized_euclidean, diffusion_method=adaptive_pydiffmap_diffusion, diffusion_time=3, edge_alpha=0.001, edge_branch_length_variance_policy=normalized_branch_length, epsilon=median, k_neighbors=10, metric=hamming, n_components=30, sibling_alpha=0.01, tree_linkage_method=average",160,24,4,august_1,True,True,
dim_consolidated_4c_72f_continuous,skip,,0,"bandwidth_type=-1/(d+2), benchmark_seed=13001, branch_length_optimization_apply_nonconverged=False, branch_length_optimization_max_iterations=1000, branch_length_optimization_method=fixed_topology_nnls, branch_length_optimization_pair_sample_size=50000, branch_length_optimization_random_state=0, branch_length_optimization_solver_tolerance=1e-05, branch_length_optimization_target_metric=squared_standardized_euclidean, diffusion_method=adaptive_pydiffmap_diffusion, diffusion_time=3, edge_alpha=0.001, edge_branch_length_variance_policy=normalized_branch_length, epsilon=median, k_neighbors=10, metric=hamming, n_components=30, sibling_alpha=0.01, tree_linkage_method=average",160,72,4,skip,,0,"bandwidth_type=-1/(d+2), benchmark_seed=13001, branch_length_optimization_apply_nonconverged=False, branch_length_optimization_max_iterations=1000, branch_length_optimization_method=fixed_topology_nnls, branch_length_optimization_pair_sample_size=50000, branch_length_optimization_random_state=0, branch_length_optimization_solver_tolerance=1e-05, branch_length_optimization_target_metric=squared_standardized_euclidean, diffusion_method=adaptive_pydiffmap_diffusion, diffusion_time=3, edge_alpha=0.001, edge_branch_length_variance_policy=normalized_branch_length, epsilon=median, k_neighbors=10, metric=hamming, n_components=30, sibling_alpha=0.01, tree_linkage_method=average",160,72,4,august_1,True,True,
dim_diffuse_6c_136f_continuous,skip,,0,"bandwidth_type=-1/(d+2), benchmark_seed=13101, branch_length_optimization_apply_nonconverged=False, branch_length_optimization_max_iterations=1000, branch_length_optimization_method=fixed_topology_nnls, branch_length_optimization_pair_sample_size=50000, branch_length_optimization_random_state=0, branch_length_optimization_solver_tolerance=1e-05, branch_length_optimization_target_metric=squared_standardized_euclidean, diffusion_method=adaptive_pydiffmap_diffusion, diffusion_time=3, edge_alpha=0.001, edge_branch_length_variance_policy=normalized_branch_length, epsilon=median, k_neighbors=10, metric=hamming, n_components=30, sibling_alpha=0.01, tree_linkage_method=average",180,136,6,skip,,0,"bandwidth_type=-1/(d+2), benchmark_seed=13101, branch_length_optimization_apply_nonconverged=False, branch_length_optimization_max_iterations=1000, branch_length_optimization_method=fixed_topology_nnls, branch_length_optimization_pair_sample_size=50000, branch_length_optimization_random_state=0, branch_length_optimization_solver_tolerance=1e-05, branch_length_optimization_target_metric=squared_standardized_euclidean, diffusion_method=adaptive_pydiffmap_diffusion, diffusion_time=3, edge_alpha=0.001, edge_branch_length_variance_policy=normalized_branch_length, epsilon=median, k_neighbors=10, metric=hamming, n_components=30, sibling_alpha=0.01, tree_linkage_method=average",180,136,6,august_1,True,True,
gauss_single_outlier_4c,skip,,0,"bandwidth_type=-1/(d+2), benchmark_seed=13200, branch_length_optimization_apply_nonconverged=False, branch_length_optimization_max_iterations=1000, branch_length_optimization_method=fixed_topology_nnls, branch_length_optimization_pair_sample_size=50000, branch_length_optimization_random_state=0, branch_length_optimization_solver_tolerance=1e-05, branch_length_optimization_target_metric=squared_standardized_euclidean, diffusion_method=adaptive_pydiffmap_diffusion, diffusion_time=3, edge_alpha=0.001, edge_branch_length_variance_policy=normalized_branch_length, epsilon=median, k_neighbors=10, metric=hamming, n_components=30, sibling_alpha=0.01, tree_linkage_method=average",161,40,5,skip,,0,"bandwidth_type=-1/(d+2), benchmark_seed=13200, branch_length_optimization_apply_nonconverged=False, branch_length_optimization_max_iterations=1000, branch_length_optimization_method=fixed_topology_nnls, branch_length_optimization_pair_sample_size=50000, branch_length_optimization_random_state=0, branch_length_optimization_solver_tolerance=1e-05, branch_length_optimization_target_metric=squared_standardized_euclidean, diffusion_method=adaptive_pydiffmap_diffusion, diffusion_time=3, edge_alpha=0.001, edge_branch_length_variance_policy=normalized_branch_length, epsilon=median, k_neighbors=10, metric=hamming, n_components=30, sibling_alpha=0.01, tree_linkage_method=average",161,40,5,august_1,True,True,
gauss_outlier_cluster_4c,skip,,0,"bandwidth_type=-1/(d+2), benchmark_seed=13201, branch_length_optimization_apply_nonconverged=False, branch_length_optimization_max_iterations=1000, branch_length_optimization_method=fixed_topology_nnls, branch_length_optimization_pair_sample_size=50000, branch_length_optimization_random_state=0, branch_length_optimization_solver_tolerance=1e-05, branch_length_optimization_target_metric=squared_standardized_euclidean, diffusion_method=adaptive_pydiffmap_diffusion, diffusion_time=3, edge_alpha=0.001, edge_branch_length_variance_policy=normalized_branch_length, epsilon=median, k_neighbors=10, metric=hamming, n_components=30, sibling_alpha=0.01, tree_linkage_method=average",166,40,5,skip,,0,"bandwidth_type=-1/(d+2), benchmark_seed=13201, branch_length_optimization_apply_nonconverged=False, branch_length_optimization_max_iterations=1000, branch_length_optimization_method=fixed_topology_nnls, branch_length_optimization_pair_sample_size=50000, branch_length_optimization_random_state=0, branch_length_optimization_solver_tolerance=1e-05, branch_length_optimization_target_metric=squared_standardized_euclidean, diffusion_method=adaptive_pydiffmap_diffusion, diffusion_time=3, edge_alpha=0.001, edge_branch_length_variance_policy=normalized_branch_length, epsilon=median, k_neighbors=10, metric=hamming, n_components=30, sibling_alpha=0.01, tree_linkage_method=average",166,40,5,august_1,True,True,
gauss_outlier_shell_4c,ok,0.0,1,"bandwidth_type=-1/(d+2), benchmark_seed=13202, branch_length_optimization_apply_nonconverged=False, branch_length_optimization_max_iterations=1000, branch_length_optimization_method=fixed_topology_nnls, branch_length_optimization_pair_sample_size=50000, branch_length_optimization_random_state=0, branch_length_optimization_solver_tolerance=1e-05, branch_length_optimization_target_metric=squared_standardized_euclidean, diffusion_method=adaptive_pydiffmap_diffusion, diffusion_time=3, edge_alpha=0.001, edge_branch_length_variance_policy=normalized_branch_length, epsilon=median, k_neighbors=10, metric=hamming, n_components=30, sibling_alpha=0.01, tree_linkage_method=average",172,40,5,ok,0.0,1,"bandwidth_type=-1/(d+2), benchmark_seed=13202, branch_length_optimization_apply_nonconverged=False, branch_length_optimization_max_iterations=1000, branch_length_optimization_method=fixed_topology_nnls, branch_length_optimization_pair_sample_size=50000, branch_length_optimization_random_state=0, branch_length_optimization_solver_tolerance=1e-05, branch_length_optimization_target_metric=squared_standardized_euclidean, diffusion_method=adaptive_pydiffmap_diffusion, diffusion_time=3, edge_alpha=0.001, edge_branch_length_variance_policy=normalized_branch_length, epsilon=median, k_neighbors=10, metric=hamming, n_components=30, sibling_alpha=0.01, tree_linkage_method=average",172,40,5,august_1,True,True,0.0
gauss_single_outlier_4c_continuous,skip,,0,"bandwidth_type=-1/(d+2), benchmark_seed=13200, branch_length_optimization_apply_nonconverged=False, branch_length_optimization_max_iterations=1000, branch_length_optimization_method=fixed_topology_nnls, branch_length_optimization_pair_sample_size=50000, branch_length_optimization_random_state=0, branch_length_optimization_solver_tolerance=1e-05, branch_length_optimization_target_metric=squared_standardized_euclidean, diffusion_method=adaptive_pydiffmap_diffusion, diffusion_time=3, edge_alpha=0.001, edge_branch_length_variance_policy=normalized_branch_length, epsilon=median, k_neighbors=10, metric=hamming, n_components=30, sibling_alpha=0.01, tree_linkage_method=average",161,40,5,skip,,0,"bandwidth_type=-1/(d+2), benchmark_seed=13200, branch_length_optimization_apply_nonconverged=False, branch_length_optimization_max_iterations=1000, branch_length_optimization_method=fixed_topology_nnls, branch_length_optimization_pair_sample_size=50000, branch_length_optimization_random_state=0, branch_length_optimization_solver_tolerance=1e-05, branch_length_optimization_target_metric=squared_standardized_euclidean, diffusion_method=adaptive_pydiffmap_diffusion, diffusion_time=3, edge_alpha=0.001, edge_branch_length_variance_policy=normalized_branch_length, epsilon=median, k_neighbors=10, metric=hamming, n_components=30, sibling_alpha=0.01, tree_linkage_method=average",161,40,5,august_1,True,True,
gauss_outlier_cluster_4c_continuous,skip,,0,"bandwidth_type=-1/(d+2), benchmark_seed=13201, branch_length_optimization_apply_nonconverged=False, branch_length_optimization_max_iterations=1000, branch_length_optimization_method=fixed_topology_nnls, branch_length_optimization_pair_sample_size=50000, branch_length_optimization_random_state=0, branch_length_optimization_solver_tolerance=1e-05, branch_length_optimization_target_metric=squared_standardized_euclidean, diffusion_method=adaptive_pydiffmap_diffusion, diffusion_time=3, edge_alpha=0.001, edge_branch_length_variance_policy=normalized_branch_length, epsilon=median, k_neighbors=10, metric=hamming, n_components=30, sibling_alpha=0.01, tree_linkage_method=average",166,40,5,skip,,0,"bandwidth_type=-1/(d+2), benchmark_seed=13201, branch_length_optimization_apply_nonconverged=False, branch_length_optimization_max_iterations=1000, branch_length_optimization_method=fixed_topology_nnls, branch_length_optimization_pair_sample_size=50000, branch_length_optimization_random_state=0, branch_length_optimization_solver_tolerance=1e-05, branch_length_optimization_target_metric=squared_standardized_euclidean, diffusion_method=adaptive_pydiffmap_diffusion, diffusion_time=3, edge_alpha=0.001, edge_branch_length_variance_policy=normalized_branch_length, epsilon=median, k_neighbors=10, metric=hamming, n_components=30, sibling_alpha=0.01, tree_linkage_method=average",166,40,5,august_1,True,True,
binary_balanced_low_noise,ok,1.0,4,"bandwidth_type=-1/(d+2), benchmark_seed=314, branch_length_optimization_apply_nonconverged=False, branch_length_optimization_max_iterations=1000, branch_length_optimization_method=fixed_topology_nnls, branch_length_optimization_pair_sample_size=50000, branch_length_optimization_random_state=0, branch_length_optimization_solver_tolerance=1e-05, branch_length_optimization_target_metric=squared_standardized_euclidean, diffusion_method=adaptive_pydiffmap_diffusion, diffusion_time=3, edge_alpha=0.001, edge_branch_length_variance_policy=normalized_branch_length, epsilon=median, k_neighbors=10, metric=hamming, n_components=30, sibling_alpha=0.01, tree_linkage_method=average",72,72,4,ok,1.0,4,"bandwidth_type=-1/(d+2), benchmark_seed=314, branch_length_optimization_apply_nonconverged=False, branch_length_optimization_max_iterations=1000, branch_length_optimization_method=fixed_topology_nnls, branch_length_optimization_pair_sample_size=50000, branch_length_optimization_random_state=0, branch_length_optimization_solver_tolerance=1e-05, branch_length_optimization_target_metric=squared_standardized_euclidean, diffusion_method=adaptive_pydiffmap_diffusion, diffusion_time=3, edge_alpha=0.001, edge_branch_length_variance_policy=normalized_branch_length, epsilon=median, k_neighbors=10, metric=hamming, n_components=30, sibling_alpha=0.01, tree_linkage_method=average",72,72,4,august_1,True,True,0.0
binary_balanced_low_noise__2,ok,1.0,4,"bandwidth_type=-1/(d+2), benchmark_seed=314, branch_length_optimization_apply_nonconverged=False, branch_length_optimization_max_iterations=1000, branch_length_optimization_method=fixed_topology_nnls, branch_length_optimization_pair_sample_size=50000, branch_length_optimization_random_state=0, branch_length_optimization_solver_tolerance=1e-05, branch_length_optimization_target_metric=squared_standardized_euclidean, diffusion_method=adaptive_pydiffmap_diffusion, diffusion_time=3, edge_alpha=0.001, edge_branch_length_variance_policy=normalized_branch_length, epsilon=median, k_neighbors=10, metric=hamming, n_components=30, sibling_alpha=0.01, tree_linkage_method=average",72,120,4,ok,1.0,4,"bandwidth_type=-1/(d+2), benchmark_seed=314, branch_length_optimization_apply_nonconverged=False, branch_length_optimization_max_iterations=1000, branch_length_optimization_method=fixed_topology_nnls, branch_length_optimization_pair_sample_size=50000, branch_length_optimization_random_state=0, branch_length_optimization_solver_tolerance=1e-05, branch_length_optimization_target_metric=squared_standardized_euclidean, diffusion_method=adaptive_pydiffmap_diffusion, diffusion_time=3, edge_alpha=0.001, edge_branch_length_variance_policy=normalized_branch_length, epsilon=median, k_neighbors=10, metric=hamming, n_components=30, sibling_alpha=0.01, tree_linkage_method=average",72,120,4,august_1,True,True,0.0
sparse_features_72x72,ok,1.0,4,"bandwidth_type=-1/(d+2), benchmark_seed=500, branch_length_optimization_apply_nonconverged=False, branch_length_optimization_max_iterations=1000, branch_length_optimization_method=fixed_topology_nnls, branch_length_optimization_pair_sample_size=50000, branch_length_optimization_random_state=0, branch_length_optimization_solver_tolerance=1e-05, branch_length_optimization_target_metric=squared_standardized_euclidean, diffusion_method=adaptive_pydiffmap_diffusion, diffusion_time=3, edge_alpha=0.001, edge_branch_length_variance_policy=normalized_branch_length, epsilon=median, k_neighbors=10, metric=hamming, n_components=30, sibling_alpha=0.01, tree_linkage_method=average",72,72,4,ok,1.0,4,"bandwidth_type=-1/(d+2), benchmark_seed=500, branch_length_optimization_apply_nonconverged=False, branch_length_optimization_max_iterations=1000, branch_length_optimization_method=fixed_topology_nnls, branch_length_optimization_pair_sample_size=50000, branch_length_optimization_random_state=0, branch_length_optimization_solver_tolerance=1e-05, branch_length_optimization_target_metric=squared_standardized_euclidean, diffusion_method=adaptive_pydiffmap_diffusion, diffusion_time=3, edge_alpha=0.001, edge_branch_length_variance_policy=normalized_branch_length, epsilon=median, k_neighbors=10, metric=hamming, n_components=30, sibling_alpha=0.01, tree_linkage_method=average",72,72,4,august_1,True,True,0.0
sparse_features_100x500,ok,1.0,4,"bandwidth_type=-1/(d+2), benchmark_seed=502, branch_length_optimization_apply_nonconverged=False, branch_length_optimization_max_iterations=1000, branch_length_optimization_method=fixed_topology_nnls, branch_length_optimization_pair_sample_size=50000, branch_length_optimization_random_state=0, branch_length_optimization_solver_tolerance=1e-05, branch_length_optimization_target_metric=squared_standardized_euclidean, diffusion_method=adaptive_pydiffmap_diffusion, diffusion_time=3, edge_alpha=0.001, edge_branch_length_variance_policy=normalized_branch_length, epsilon=median, k_neighbors=10, metric=hamming, n_components=30, sibling_alpha=0.01, tree_linkage_method=average",100,500,4,ok,1.0,4,"bandwidth_type=-1/(d+2), benchmark_seed=502, branch_length_optimization_apply_nonconverged=False, branch_length_optimization_max_iterations=1000, branch_length_optimization_method=fixed_topology_nnls, branch_length_optimization_pair_sample_size=50000, branch_length_optimization_random_state=0, branch_length_optimization_solver_tolerance=1e-05, branch_length_optimization_target_metric=squared_standardized_euclidean, diffusion_method=adaptive_pydiffmap_diffusion, diffusion_time=3, edge_alpha=0.001, edge_branch_length_variance_policy=normalized_branch_length, epsilon=median, k_neighbors=10, metric=hamming, n_components=30, sibling_alpha=0.01, tree_linkage_method=average",100,500,4,august_1,True,True,0.0
binary_perfect_2c,skip,,0,"bandwidth_type=-1/(d+2), benchmark_seed=1000, branch_length_optimization_apply_nonconverged=False, branch_length_optimization_max_iterations=1000, branch_length_optimization_method=fixed_topology_nnls, branch_length_optimization_pair_sample_size=50000, branch_length_optimization_random_state=0, branch_length_optimization_solver_tolerance=1e-05, branch_length_optimization_target_metric=squared_standardized_euclidean, diffusion_method=adaptive_pydiffmap_diffusion, diffusion_time=3, edge_alpha=0.001, edge_branch_length_variance_policy=normalized_branch_length, epsilon=median, k_neighbors=10, metric=hamming, n_components=30, sibling_alpha=0.01, tree_linkage_method=average",40,50,2,skip,,0,"bandwidth_type=-1/(d+2), benchmark_seed=1000, branch_length_optimization_apply_nonconverged=False, branch_length_optimization_max_iterations=1000, branch_length_optimization_method=fixed_topology_nnls, branch_length_optimization_pair_sample_size=50000, branch_length_optimization_random_state=0, branch_length_optimization_solver_tolerance=1e-05, branch_length_optimization_target_metric=squared_standardized_euclidean, diffusion_method=adaptive_pydiffmap_diffusion, diffusion_time=3, edge_alpha=0.001, edge_branch_length_variance_policy=normalized_branch_length, epsilon=median, k_neighbors=10, metric=hamming, n_components=30, sibling_alpha=0.01, tree_linkage_method=average",40,50,2,august_1,True,True,
binary_perfect_4c,skip,,0,"bandwidth_type=-1/(d+2), benchmark_seed=1001, branch_length_optimization_apply_nonconverged=False, branch_length_optimization_max_iterations=1000, branch_length_optimization_method=fixed_topology_nnls, branch_length_optimization_pair_sample_size=50000, branch_length_optimization_random_state=0, branch_length_optimization_solver_tolerance=1e-05, branch_length_optimization_target_metric=squared_standardized_euclidean, diffusion_method=adaptive_pydiffmap_diffusion, diffusion_time=3, edge_alpha=0.001, edge_branch_length_variance_policy=normalized_branch_length, epsilon=median, k_neighbors=10, metric=hamming, n_components=30, sibling_alpha=0.01, tree_linkage_method=average",80,100,4,skip,,0,"bandwidth_type=-1/(d+2), benchmark_seed=1001, branch_length_optimization_apply_nonconverged=False, branch_length_optimization_max_iterations=1000, branch_length_optimization_method=fixed_topology_nnls, branch_length_optimization_pair_sample_size=50000, branch_length_optimization_random_state=0, branch_length_optimization_solver_tolerance=1e-05, branch_length_optimization_target_metric=squared_standardized_euclidean, diffusion_method=adaptive_pydiffmap_diffusion, diffusion_time=3, edge_alpha=0.001, edge_branch_length_variance_policy=normalized_branch_length, epsilon=median, k_neighbors=10, metric=hamming, n_components=30, sibling_alpha=0.01, tree_linkage_method=average",80,100,4,august_1,True,True,
binary_perfect_8c,skip,,0,"bandwidth_type=-1/(d+2), benchmark_seed=1002, branch_length_optimization_apply_nonconverged=False, branch_length_optimization_max_iterations=1000, branch_length_optimization_method=fixed_topology_nnls, branch_length_optimization_pair_sample_size=50000, branch_length_optimization_random_state=0, branch_length_optimization_solver_tolerance=1e-05, branch_length_optimization_target_metric=squared_standardized_euclidean, diffusion_method=adaptive_pydiffmap_diffusion, diffusion_time=3, edge_alpha=0.001, edge_branch_length_variance_policy=normalized_branch_length, epsilon=median, k_neighbors=10, metric=hamming, n_components=30, sibling_alpha=0.01, tree_linkage_method=average",160,200,8,skip,,0,"bandwidth_type=-1/(d+2), benchmark_seed=1002, branch_length_optimization_apply_nonconverged=False, branch_length_optimization_max_iterations=1000, branch_length_optimization_method=fixed_topology_nnls, branch_length_optimization_pair_sample_size=50000, branch_length_optimization_random_state=0, branch_length_optimization_solver_tolerance=1e-05, branch_length_optimization_target_metric=squared_standardized_euclidean, diffusion_method=adaptive_pydiffmap_diffusion, diffusion_time=3, edge_alpha=0.001, edge_branch_length_variance_policy=normalized_branch_length, epsilon=median, k_neighbors=10, metric=hamming, n_components=30, sibling_alpha=0.01, tree_linkage_method=average",160,200,8,august_1,True,True,
binary_low_noise_2c,ok,0.5562579013906448,5,"bandwidth_type=-1/(d+2), benchmark_seed=2000, branch_length_optimization_apply_nonconverged=False, branch_length_optimization_max_iterations=1000, branch_length_optimization_method=fixed_topology_nnls, branch_length_optimization_pair_sample_size=50000, branch_length_optimization_random_state=0, branch_length_optimization_solver_tolerance=1e-05, branch_length_optimization_target_metric=squared_standardized_euclidean, diffusion_method=adaptive_pydiffmap_diffusion, diffusion_time=3, edge_alpha=0.001, edge_branch_length_variance_policy=normalized_branch_length, epsilon=median, k_neighbors=10, metric=hamming, n_components=30, sibling_alpha=0.01, tree_linkage_method=average",40,50,2,ok,0.5562579013906448,5,"bandwidth_type=-1/(d+2), benchmark_seed=2000, branch_length_optimization_apply_nonconverged=False, branch_length_optimization_max_iterations=1000, branch_length_optimization_method=fixed_topology_nnls, branch_length_optimization_pair_sample_size=50000, branch_length_optimization_random_state=0, branch_length_optimization_solver_tolerance=1e-05, branch_length_optimization_target_metric=squared_standardized_euclidean, diffusion_method=adaptive_pydiffmap_diffusion, diffusion_time=3, edge_alpha=0.001, edge_branch_length_variance_policy=normalized_branch_length, epsilon=median, k_neighbors=10, metric=hamming, n_components=30, sibling_alpha=0.01, tree_linkage_method=average",40,50,2,august_1,True,True,0.0
binary_low_noise_4c,ok,0.9429190751445088,5,"bandwidth_type=-1/(d+2), benchmark_seed=2001, branch_length_optimization_apply_nonconverged=False, branch_length_optimization_max_iterations=1000, branch_length_optimization_method=fixed_topology_nnls, branch_length_optimization_pair_sample_size=50000, branch_length_optimization_random_state=0, branch_length_optimization_solver_tolerance=1e-05, branch_length_optimization_target_metric=squared_standardized_euclidean, diffusion_method=adaptive_pydiffmap_diffusion, diffusion_time=3, edge_alpha=0.001, edge_branch_length_variance_policy=normalized_branch_length, epsilon=median, k_neighbors=10, metric=hamming, n_components=30, sibling_alpha=0.01, tree_linkage_method=average",80,100,4,ok,0.9429190751445088,5,"bandwidth_type=-1/(d+2), benchmark_seed=2001, branch_length_optimization_apply_nonconverged=False, branch_length_optimization_max_iterations=1000, branch_length_optimization_method=fixed_topology_nnls, branch_length_optimization_pair_sample_size=50000, branch_length_optimization_random_state=0, branch_length_optimization_solver_tolerance=1e-05, branch_length_optimization_target_metric=squared_standardized_euclidean, diffusion_method=adaptive_pydiffmap_diffusion, diffusion_time=3, edge_alpha=0.001, edge_branch_length_variance_policy=normalized_branch_length, epsilon=median, k_neighbors=10, metric=hamming, n_components=30, sibling_alpha=0.01, tree_linkage_method=average",80,100,4,august_1,True,True,0.0
binary_low_noise_8c,ok,1.0,8,"bandwidth_type=-1/(d+2), benchmark_seed=2002, branch_length_optimization_apply_nonconverged=False, branch_length_optimization_max_iterations=1000, branch_length_optimization_method=fixed_topology_nnls, branch_length_optimization_pair_sample_size=50000, branch_length_optimization_random_state=0, branch_length_optimization_solver_tolerance=1e-05, branch_length_optimization_target_metric=squared_standardized_euclidean, diffusion_method=adaptive_pydiffmap_diffusion, diffusion_time=3, edge_alpha=0.001, edge_branch_length_variance_policy=normalized_branch_length, epsilon=median, k_neighbors=10, metric=hamming, n_components=30, sibling_alpha=0.01, tree_linkage_method=average",160,200,8,ok,1.0,8,"bandwidth_type=-1/(d+2), benchmark_seed=2002, branch_length_optimization_apply_nonconverged=False, branch_length_optimization_max_iterations=1000, branch_length_optimization_method=fixed_topology_nnls, branch_length_optimization_pair_sample_size=50000, branch_length_optimization_random_state=0, branch_length_optimization_solver_tolerance=1e-05, branch_length_optimization_target_metric=squared_standardized_euclidean, diffusion_method=adaptive_pydiffmap_diffusion, diffusion_time=3, edge_alpha=0.001, edge_branch_length_variance_policy=normalized_branch_length, epsilon=median, k_neighbors=10, metric=hamming, n_components=30, sibling_alpha=0.01, tree_linkage_method=average",160,200,8,august_1,True,True,0.0
binary_low_noise_12c,ok,1.0,12,"bandwidth_type=-1/(d+2), benchmark_seed=2003, branch_length_optimization_apply_nonconverged=False, branch_length_optimization_max_iterations=1000, branch_length_optimization_method=fixed_topology_nnls, branch_length_optimization_pair_sample_size=50000, branch_length_optimization_random_state=0, branch_length_optimization_solver_tolerance=1e-05, branch_length_optimization_target_metric=squared_standardized_euclidean, diffusion_method=adaptive_pydiffmap_diffusion, diffusion_time=3, edge_alpha=0.001, edge_branch_length_variance_policy=normalized_branch_length, epsilon=median, k_neighbors=10, metric=hamming, n_components=30, sibling_alpha=0.01, tree_linkage_method=average",240,300,12,ok,1.0,12,"bandwidth_type=-1/(d+2), benchmark_seed=2003, branch_length_optimization_apply_nonconverged=False, branch_length_optimization_max_iterations=1000, branch_length_optimization_method=fixed_topology_nnls, branch_length_optimization_pair_sample_size=50000, branch_length_optimization_random_state=0, branch_length_optimization_solver_tolerance=1e-05, branch_length_optimization_target_metric=squared_standardized_euclidean, diffusion_method=adaptive_pydiffmap_diffusion, diffusion_time=3, edge_alpha=0.001, edge_branch_length_variance_policy=normalized_branch_length, epsilon=median, k_neighbors=10, metric=hamming, n_components=30, sibling_alpha=0.01, tree_linkage_method=average",240,300,12,august_1,True,True,0.0
binary_moderate_4c,ok,1.0,4,"bandwidth_type=-1/(d+2), benchmark_seed=3000, branch_length_optimization_apply_nonconverged=False, branch_length_optimization_max_iterations=1000, branch_length_optimization_method=fixed_topology_nnls, branch_length_optimization_pair_sample_size=50000, branch_length_optimization_random_state=0, branch_length_optimization_solver_tolerance=1e-05, branch_length_optimization_target_metric=squared_standardized_euclidean, diffusion_method=adaptive_pydiffmap_diffusion, diffusion_time=3, edge_alpha=0.001, edge_branch_length_variance_policy=normalized_branch_length, epsilon=median, k_neighbors=10, metric=hamming, n_components=30, sibling_alpha=0.01, tree_linkage_method=average",80,100,4,ok,1.0,4,"bandwidth_type=-1/(d+2), benchmark_seed=3000, branch_length_optimization_apply_nonconverged=False, branch_length_optimization_max_iterations=1000, branch_length_optimization_method=fixed_topology_nnls, branch_length_optimization_pair_sample_size=50000, branch_length_optimization_random_state=0, branch_length_optimization_solver_tolerance=1e-05, branch_length_optimization_target_metric=squared_standardized_euclidean, diffusion_method=adaptive_pydiffmap_diffusion, diffusion_time=3, edge_alpha=0.001, edge_branch_length_variance_policy=normalized_branch_length, epsilon=median, k_neighbors=10, metric=hamming, n_components=30, sibling_alpha=0.01, tree_linkage_method=average",80,100,4,august_1,True,True,0.0
binary_moderate_6c,ok,1.0,6,"bandwidth_type=-1/(d+2), benchmark_seed=3001, branch_length_optimization_apply_nonconverged=False, branch_length_optimization_max_iterations=1000, branch_length_optimization_method=fixed_topology_nnls, branch_length_optimization_pair_sample_size=50000, branch_length_optimization_random_state=0, branch_length_optimization_solver_tolerance=1e-05, branch_length_optimization_target_metric=squared_standardized_euclidean, diffusion_method=adaptive_pydiffmap_diffusion, diffusion_time=3, edge_alpha=0.001, edge_branch_length_variance_policy=normalized_branch_length, epsilon=median, k_neighbors=10, metric=hamming, n_components=30, sibling_alpha=0.01, tree_linkage_method=average",120,150,6,ok,1.0,6,"bandwidth_type=-1/(d+2), benchmark_seed=3001, branch_length_optimization_apply_nonconverged=False, branch_length_optimization_max_iterations=1000, branch_length_optimization_method=fixed_topology_nnls, branch_length_optimization_pair_sample_size=50000, branch_length_optimization_random_state=0, branch_length_optimization_solver_tolerance=1e-05, branch_length_optimization_target_metric=squared_standardized_euclidean, diffusion_method=adaptive_pydiffmap_diffusion, diffusion_time=3, edge_alpha=0.001, edge_branch_length_variance_policy=normalized_branch_length, epsilon=median, k_neighbors=10, metric=hamming, n_components=30, sibling_alpha=0.01, tree_linkage_method=average",120,150,6,august_1,True,True,0.0
binary_moderate_8c,ok,1.0,8,"bandwidth_type=-1/(d+2), benchmark_seed=3002, branch_length_optimization_apply_nonconverged=False, branch_length_optimization_max_iterations=1000, branch_length_optimization_method=fixed_topology_nnls, branch_length_optimization_pair_sample_size=50000, branch_length_optimization_random_state=0, branch_length_optimization_solver_tolerance=1e-05, branch_length_optimization_target_metric=squared_standardized_euclidean, diffusion_method=adaptive_pydiffmap_diffusion, diffusion_time=3, edge_alpha=0.001, edge_branch_length_variance_policy=normalized_branch_length, epsilon=median, k_neighbors=10, metric=hamming, n_components=30, sibling_alpha=0.01, tree_linkage_method=average",200,250,8,ok,1.0,8,"bandwidth_type=-1/(d+2), benchmark_seed=3002, branch_length_optimization_apply_nonconverged=False, branch_length_optimization_max_iterations=1000, branch_length_optimization_method=fixed_topology_nnls, branch_length_optimization_pair_sample_size=50000, branch_length_optimization_random_state=0, branch_length_optimization_solver_tolerance=1e-05, branch_length_optimization_target_metric=squared_standardized_euclidean, diffusion_method=adaptive_pydiffmap_diffusion, diffusion_time=3, edge_alpha=0.001, edge_branch_length_variance_policy=normalized_branch_length, epsilon=median, k_neighbors=10, metric=hamming, n_components=30, sibling_alpha=0.01, tree_linkage_method=average",200,250,8,august_1,True,True,0.0
binary_hard_4c,ok,1.0,4,"bandwidth_type=-1/(d+2), benchmark_seed=4000, branch_length_optimization_apply_nonconverged=False, branch_length_optimization_max_iterations=1000, branch_length_optimization_method=fixed_topology_nnls, branch_length_optimization_pair_sample_size=50000, branch_length_optimization_random_state=0, branch_length_optimization_solver_tolerance=1e-05, branch_length_optimization_target_metric=squared_standardized_euclidean, diffusion_method=adaptive_pydiffmap_diffusion, diffusion_time=3, edge_alpha=0.001, edge_branch_length_variance_policy=normalized_branch_length, epsilon=median, k_neighbors=10, metric=hamming, n_components=30, sibling_alpha=0.01, tree_linkage_method=average",100,200,4,ok,1.0,4,"bandwidth_type=-1/(d+2), benchmark_seed=4000, branch_length_optimization_apply_nonconverged=False, branch_length_optimization_max_iterations=1000, branch_length_optimization_method=fixed_topology_nnls, branch_length_optimization_pair_sample_size=50000, branch_length_optimization_random_state=0, branch_length_optimization_solver_tolerance=1e-05, branch_length_optimization_target_metric=squared_standardized_euclidean, diffusion_method=adaptive_pydiffmap_diffusion, diffusion_time=3, edge_alpha=0.001, edge_branch_length_variance_policy=normalized_branch_length, epsilon=median, k_neighbors=10, metric=hamming, n_components=30, sibling_alpha=0.01, tree_linkage_method=average",100,200,4,august_1,True,True,0.0
binary_hard_8c,ok,1.0,8,"bandwidth_type=-1/(d+2), benchmark_seed=4001, branch_length_optimization_apply_nonconverged=False, branch_length_optimization_max_iterations=1000, branch_length_optimization_method=fixed_topology_nnls, branch_length_optimization_pair_sample_size=50000, branch_length_optimization_random_state=0, branch_length_optimization_solver_tolerance=1e-05, branch_length_optimization_target_metric=squared_standardized_euclidean, diffusion_method=adaptive_pydiffmap_diffusion, diffusion_time=3, edge_alpha=0.001, edge_branch_length_variance_policy=normalized_branch_length, epsilon=median, k_neighbors=10, metric=hamming, n_components=30, sibling_alpha=0.01, tree_linkage_method=average",280,400,8,ok,1.0,8,"bandwidth_type=-1/(d+2), benchmark_seed=4001, branch_length_optimization_apply_nonconverged=False, branch_length_optimization_max_iterations=1000, branch_length_optimization_method=fixed_topology_nnls, branch_length_optimization_pair_sample_size=50000, branch_length_optimization_random_state=0, branch_length_optimization_solver_tolerance=1e-05, branch_length_optimization_target_metric=squared_standardized_euclidean, diffusion_method=adaptive_pydiffmap_diffusion, diffusion_time=3, edge_alpha=0.001, edge_branch_length_variance_policy=normalized_branch_length, epsilon=median, k_neighbors=10, metric=hamming, n_components=30, sibling_alpha=0.01, tree_linkage_method=average",280,400,8,august_1,True,True,0.0
binary_unbalanced_low,ok,1.0,4,"bandwidth_type=-1/(d+2), benchmark_seed=5000, branch_length_optimization_apply_nonconverged=False, branch_length_optimization_max_iterations=1000, branch_length_optimization_method=fixed_topology_nnls, branch_length_optimization_pair_sample_size=50000, branch_length_optimization_random_state=0, branch_length_optimization_solver_tolerance=1e-05, branch_length_optimization_target_metric=squared_standardized_euclidean, diffusion_method=adaptive_pydiffmap_diffusion, diffusion_time=3, edge_alpha=0.001, edge_branch_length_variance_policy=normalized_branch_length, epsilon=median, k_neighbors=10, metric=hamming, n_components=30, sibling_alpha=0.01, tree_linkage_method=average",100,150,4,ok,1.0,4,"bandwidth_type=-1/(d+2), benchmark_seed=5000, branch_length_optimization_apply_nonconverged=False, branch_length_optimization_max_iterations=1000, branch_length_optimization_method=fixed_topology_nnls, branch_length_optimization_pair_sample_size=50000, branch_length_optimization_random_state=0, branch_length_optimization_solver_tolerance=1e-05, branch_length_optimization_target_metric=squared_standardized_euclidean, diffusion_method=adaptive_pydiffmap_diffusion, diffusion_time=3, edge_alpha=0.001, edge_branch_length_variance_policy=normalized_branch_length, epsilon=median, k_neighbors=10, metric=hamming, n_components=30, sibling_alpha=0.01, tree_linkage_method=average",100,150,4,august_1,True,True,0.0
binary_unbalanced_med,ok,1.0,6,"bandwidth_type=-1/(d+2), benchmark_seed=5001, branch_length_optimization_apply_nonconverged=False, branch_length_optimization_max_iterations=1000, branch_length_optimization_method=fixed_topology_nnls, branch_length_optimization_pair_sample_size=50000, branch_length_optimization_random_state=0, branch_length_optimization_solver_tolerance=1e-05, branch_length_optimization_target_metric=squared_standardized_euclidean, diffusion_method=adaptive_pydiffmap_diffusion, diffusion_time=3, edge_alpha=0.001, edge_branch_length_variance_policy=normalized_branch_length, epsilon=median, k_neighbors=10, metric=hamming, n_components=30, sibling_alpha=0.01, tree_linkage_method=average",150,200,6,ok,1.0,6,"bandwidth_type=-1/(d+2), benchmark_seed=5001, branch_length_optimization_apply_nonconverged=False, branch_length_optimization_max_iterations=1000, branch_length_optimization_method=fixed_topology_nnls, branch_length_optimization_pair_sample_size=50000, branch_length_optimization_random_state=0, branch_length_optimization_solver_tolerance=1e-05, branch_length_optimization_target_metric=squared_standardized_euclidean, diffusion_method=adaptive_pydiffmap_diffusion, diffusion_time=3, edge_alpha=0.001, edge_branch_length_variance_policy=normalized_branch_length, epsilon=median, k_neighbors=10, metric=hamming, n_components=30, sibling_alpha=0.01, tree_linkage_method=average",150,200,6,august_1,True,True,0.0
binary_2clusters,ok,1.0,2,"bandwidth_type=-1/(d+2), benchmark_seed=7000, branch_length_optimization_apply_nonconverged=False, branch_length_optimization_max_iterations=1000, branch_length_optimization_method=fixed_topology_nnls, branch_length_optimization_pair_sample_size=50000, branch_length_optimization_random_state=0, branch_length_optimization_solver_tolerance=1e-05, branch_length_optimization_target_metric=squared_standardized_euclidean, diffusion_method=adaptive_pydiffmap_diffusion, diffusion_time=3, edge_alpha=0.001, edge_branch_length_variance_policy=normalized_branch_length, epsilon=median, k_neighbors=10, metric=hamming, n_components=30, sibling_alpha=0.01, tree_linkage_method=average",50,60,2,ok,1.0,2,"bandwidth_type=-1/(d+2), benchmark_seed=7000, branch_length_optimization_apply_nonconverged=False, branch_length_optimization_max_iterations=1000, branch_length_optimization_method=fixed_topology_nnls, branch_length_optimization_pair_sample_size=50000, branch_length_optimization_random_state=0, branch_length_optimization_solver_tolerance=1e-05, branch_length_optimization_target_metric=squared_standardized_euclidean, diffusion_method=adaptive_pydiffmap_diffusion, diffusion_time=3, edge_alpha=0.001, edge_branch_length_variance_policy=normalized_branch_length, epsilon=median, k_neighbors=10, metric=hamming, n_components=30, sibling_alpha=0.01, tree_linkage_method=average",50,60,2,august_1,True,True,0.0
binary_many_features,ok,1.0,4,"bandwidth_type=-1/(d+2), benchmark_seed=7002, branch_length_optimization_apply_nonconverged=False, branch_length_optimization_max_iterations=1000, branch_length_optimization_method=fixed_topology_nnls, branch_length_optimization_pair_sample_size=50000, branch_length_optimization_random_state=0, branch_length_optimization_solver_tolerance=1e-05, branch_length_optimization_target_metric=squared_standardized_euclidean, diffusion_method=adaptive_pydiffmap_diffusion, diffusion_time=3, edge_alpha=0.001, edge_branch_length_variance_policy=normalized_branch_length, epsilon=median, k_neighbors=10, metric=hamming, n_components=30, sibling_alpha=0.01, tree_linkage_method=average",100,2000,4,ok,1.0,4,"bandwidth_type=-1/(d+2), benchmark_seed=7002, branch_length_optimization_apply_nonconverged=False, branch_length_optimization_max_iterations=1000, branch_length_optimization_method=fixed_topology_nnls, branch_length_optimization_pair_sample_size=50000, branch_length_optimization_random_state=0, branch_length_optimization_solver_tolerance=1e-05, branch_length_optimization_target_metric=squared_standardized_euclidean, diffusion_method=adaptive_pydiffmap_diffusion, diffusion_time=3, edge_alpha=0.001, edge_branch_length_variance_policy=normalized_branch_length, epsilon=median, k_neighbors=10, metric=hamming, n_components=30, sibling_alpha=0.01, tree_linkage_method=average",100,2000,4,august_1,True,True,0.0
binary_many_clusters,ok,1.0,15,"bandwidth_type=-1/(d+2), benchmark_seed=7003, branch_length_optimization_apply_nonconverged=False, branch_length_optimization_max_iterations=1000, branch_length_optimization_method=fixed_topology_nnls, branch_length_optimization_pair_sample_size=50000, branch_length_optimization_random_state=0, branch_length_optimization_solver_tolerance=1e-05, branch_length_optimization_target_metric=squared_standardized_euclidean, diffusion_method=adaptive_pydiffmap_diffusion, diffusion_time=3, edge_alpha=0.001, edge_branch_length_variance_policy=normalized_branch_length, epsilon=median, k_neighbors=10, metric=hamming, n_components=30, sibling_alpha=0.01, tree_linkage_method=average",300,400,15,ok,1.0,15,"bandwidth_type=-1/(d+2), benchmark_seed=7003, branch_length_optimization_apply_nonconverged=False, branch_length_optimization_max_iterations=1000, branch_length_optimization_method=fixed_topology_nnls, branch_length_optimization_pair_sample_size=50000, branch_length_optimization_random_state=0, branch_length_optimization_solver_tolerance=1e-05, branch_length_optimization_target_metric=squared_standardized_euclidean, diffusion_method=adaptive_pydiffmap_diffusion, diffusion_time=3, edge_alpha=0.001, edge_branch_length_variance_policy=normalized_branch_length, epsilon=median, k_neighbors=10, metric=hamming, n_components=30, sibling_alpha=0.01, tree_linkage_method=average",300,400,15,august_1,True,True,0.0
binary_null_small,skip,,0,"bandwidth_type=-1/(d+2), benchmark_seed=10000, branch_length_optimization_apply_nonconverged=False, branch_length_optimization_max_iterations=1000, branch_length_optimization_method=fixed_topology_nnls, branch_length_optimization_pair_sample_size=50000, branch_length_optimization_random_state=0, branch_length_optimization_solver_tolerance=1e-05, branch_length_optimization_target_metric=squared_standardized_euclidean, diffusion_method=adaptive_pydiffmap_diffusion, diffusion_time=3, edge_alpha=0.001, edge_branch_length_variance_policy=normalized_branch_length, epsilon=median, k_neighbors=10, metric=hamming, n_components=30, sibling_alpha=0.01, tree_linkage_method=average",60,80,1,skip,,0,"bandwidth_type=-1/(d+2), benchmark_seed=10000, branch_length_optimization_apply_nonconverged=False, branch_length_optimization_max_iterations=1000, branch_length_optimization_method=fixed_topology_nnls, branch_length_optimization_pair_sample_size=50000, branch_length_optimization_random_state=0, branch_length_optimization_solver_tolerance=1e-05, branch_length_optimization_target_metric=squared_standardized_euclidean, diffusion_method=adaptive_pydiffmap_diffusion, diffusion_time=3, edge_alpha=0.001, edge_branch_length_variance_policy=normalized_branch_length, epsilon=median, k_neighbors=10, metric=hamming, n_components=30, sibling_alpha=0.01, tree_linkage_method=average",60,80,1,august_1,True,True,
binary_null_medium,skip,,0,"bandwidth_type=-1/(d+2), benchmark_seed=10001, branch_length_optimization_apply_nonconverged=False, branch_length_optimization_max_iterations=1000, branch_length_optimization_method=fixed_topology_nnls, branch_length_optimization_pair_sample_size=50000, branch_length_optimization_random_state=0, branch_length_optimization_solver_tolerance=1e-05, branch_length_optimization_target_metric=squared_standardized_euclidean, diffusion_method=adaptive_pydiffmap_diffusion, diffusion_time=3, edge_alpha=0.001, edge_branch_length_variance_policy=normalized_branch_length, epsilon=median, k_neighbors=10, metric=hamming, n_components=30, sibling_alpha=0.01, tree_linkage_method=average",200,150,1,skip,,0,"bandwidth_type=-1/(d+2), benchmark_seed=10001, branch_length_optimization_apply_nonconverged=False, branch_length_optimization_max_iterations=1000, branch_length_optimization_method=fixed_topology_nnls, branch_length_optimization_pair_sample_size=50000, branch_length_optimization_random_state=0, branch_length_optimization_solver_tolerance=1e-05, branch_length_optimization_target_metric=squared_standardized_euclidean, diffusion_method=adaptive_pydiffmap_diffusion, diffusion_time=3, edge_alpha=0.001, edge_branch_length_variance_policy=normalized_branch_length, epsilon=median, k_neighbors=10, metric=hamming, n_components=30, sibling_alpha=0.01, tree_linkage_method=average",200,150,1,august_1,True,True,
binary_multiscale_4c,ok,1.0,4,"bandwidth_type=-1/(d+2), benchmark_seed=11000, branch_length_optimization_apply_nonconverged=False, branch_length_optimization_max_iterations=1000, branch_length_optimization_method=fixed_topology_nnls, branch_length_optimization_pair_sample_size=50000, branch_length_optimization_random_state=0, branch_length_optimization_solver_tolerance=1e-05, branch_length_optimization_target_metric=squared_standardized_euclidean, diffusion_method=adaptive_pydiffmap_diffusion, diffusion_time=3, edge_alpha=0.001, edge_branch_length_variance_policy=normalized_branch_length, epsilon=median, k_neighbors=10, metric=hamming, n_components=30, sibling_alpha=0.01, tree_linkage_method=average",120,160,4,ok,1.0,4,"bandwidth_type=-1/(d+2), benchmark_seed=11000, branch_length_optimization_apply_nonconverged=False, branch_length_optimization_max_iterations=1000, branch_length_optimization_method=fixed_topology_nnls, branch_length_optimization_pair_sample_size=50000, branch_length_optimization_random_state=0, branch_length_optimization_solver_tolerance=1e-05, branch_length_optimization_target_metric=squared_standardized_euclidean, diffusion_method=adaptive_pydiffmap_diffusion, diffusion_time=3, edge_alpha=0.001, edge_branch_length_variance_policy=normalized_branch_length, epsilon=median, k_neighbors=10, metric=hamming, n_components=30, sibling_alpha=0.01, tree_linkage_method=average",120,160,4,august_1,True,True,0.0
binary_multiscale_6c,ok,1.0,6,"bandwidth_type=-1/(d+2), benchmark_seed=11001, branch_length_optimization_apply_nonconverged=False, branch_length_optimization_max_iterations=1000, branch_length_optimization_method=fixed_topology_nnls, branch_length_optimization_pair_sample_size=50000, branch_length_optimization_random_state=0, branch_length_optimization_solver_tolerance=1e-05, branch_length_optimization_target_metric=squared_standardized_euclidean, diffusion_method=adaptive_pydiffmap_diffusion, diffusion_time=3, edge_alpha=0.001, edge_branch_length_variance_policy=normalized_branch_length, epsilon=median, k_neighbors=10, metric=hamming, n_components=30, sibling_alpha=0.01, tree_linkage_method=average",180,240,6,ok,1.0,6,"bandwidth_type=-1/(d+2), benchmark_seed=11001, branch_length_optimization_apply_nonconverged=False, branch_length_optimization_max_iterations=1000, branch_length_optimization_method=fixed_topology_nnls, branch_length_optimization_pair_sample_size=50000, branch_length_optimization_random_state=0, branch_length_optimization_solver_tolerance=1e-05, branch_length_optimization_target_metric=squared_standardized_euclidean, diffusion_method=adaptive_pydiffmap_diffusion, diffusion_time=3, edge_alpha=0.001, edge_branch_length_variance_policy=normalized_branch_length, epsilon=median, k_neighbors=10, metric=hamming, n_components=30, sibling_alpha=0.01, tree_linkage_method=average",180,240,6,august_1,True,True,0.0
binary_noise_feat_50i_200n,ok,1.0,4,"bandwidth_type=-1/(d+2), benchmark_seed=12000, branch_length_optimization_apply_nonconverged=False, branch_length_optimization_max_iterations=1000, branch_length_optimization_method=fixed_topology_nnls, branch_length_optimization_pair_sample_size=50000, branch_length_optimization_random_state=0, branch_length_optimization_solver_tolerance=1e-05, branch_length_optimization_target_metric=squared_standardized_euclidean, diffusion_method=adaptive_pydiffmap_diffusion, diffusion_time=3, edge_alpha=0.001, edge_branch_length_variance_policy=normalized_branch_length, epsilon=median, k_neighbors=10, metric=hamming, n_components=30, sibling_alpha=0.01, tree_linkage_method=average",120,450,4,ok,1.0,4,"bandwidth_type=-1/(d+2), benchmark_seed=12000, branch_length_optimization_apply_nonconverged=False, branch_length_optimization_max_iterations=1000, branch_length_optimization_method=fixed_topology_nnls, branch_length_optimization_pair_sample_size=50000, branch_length_optimization_random_state=0, branch_length_optimization_solver_tolerance=1e-05, branch_length_optimization_target_metric=squared_standardized_euclidean, diffusion_method=adaptive_pydiffmap_diffusion, diffusion_time=3, edge_alpha=0.001, edge_branch_length_variance_policy=normalized_branch_length, epsilon=median, k_neighbors=10, metric=hamming, n_components=30, sibling_alpha=0.01, tree_linkage_method=average",120,450,4,august_1,True,True,0.0
binary_noise_feat_80i_400n,ok,1.0,6,"bandwidth_type=-1/(d+2), benchmark_seed=12001, branch_length_optimization_apply_nonconverged=False, branch_length_optimization_max_iterations=1000, branch_length_optimization_method=fixed_topology_nnls, branch_length_optimization_pair_sample_size=50000, branch_length_optimization_random_state=0, branch_length_optimization_solver_tolerance=1e-05, branch_length_optimization_target_metric=squared_standardized_euclidean, diffusion_method=adaptive_pydiffmap_diffusion, diffusion_time=3, edge_alpha=0.001, edge_branch_length_variance_policy=normalized_branch_length, epsilon=median, k_neighbors=10, metric=hamming, n_components=30, sibling_alpha=0.01, tree_linkage_method=average",160,880,6,ok,1.0,6,"bandwidth_type=-1/(d+2), benchmark_seed=12001, branch_length_optimization_apply_nonconverged=False, branch_length_optimization_max_iterations=1000, branch_length_optimization_method=fixed_topology_nnls, branch_length_optimization_pair_sample_size=50000, branch_length_optimization_random_state=0, branch_length_optimization_solver_tolerance=1e-05, branch_length_optimization_target_metric=squared_standardized_euclidean, diffusion_method=adaptive_pydiffmap_diffusion, diffusion_time=3, edge_alpha=0.001, edge_branch_length_variance_policy=normalized_branch_length, epsilon=median, k_neighbors=10, metric=hamming, n_components=30, sibling_alpha=0.01, tree_linkage_method=average",160,880,6,august_1,True,True,0.0
binary_noise_feat_30i_500n,ok,1.0,3,"bandwidth_type=-1/(d+2), benchmark_seed=12002, branch_length_optimization_apply_nonconverged=False, branch_length_optimization_max_iterations=1000, branch_length_optimization_method=fixed_topology_nnls, branch_length_optimization_pair_sample_size=50000, branch_length_optimization_random_state=0, branch_length_optimization_solver_tolerance=1e-05, branch_length_optimization_target_metric=squared_standardized_euclidean, diffusion_method=adaptive_pydiffmap_diffusion, diffusion_time=3, edge_alpha=0.001, edge_branch_length_variance_policy=normalized_branch_length, epsilon=median, k_neighbors=10, metric=hamming, n_components=30, sibling_alpha=0.01, tree_linkage_method=average",100,1030,3,ok,1.0,3,"bandwidth_type=-1/(d+2), benchmark_seed=12002, branch_length_optimization_apply_nonconverged=False, branch_length_optimization_max_iterations=1000, branch_length_optimization_method=fixed_topology_nnls, branch_length_optimization_pair_sample_size=50000, branch_length_optimization_random_state=0, branch_length_optimization_solver_tolerance=1e-05, branch_length_optimization_target_metric=squared_standardized_euclidean, diffusion_method=adaptive_pydiffmap_diffusion, diffusion_time=3, edge_alpha=0.001, edge_branch_length_variance_policy=normalized_branch_length, epsilon=median, k_neighbors=10, metric=hamming, n_components=30, sibling_alpha=0.01, tree_linkage_method=average",100,1030,3,august_1,True,True,0.0
sbm_clear_small,ok,0.8688989349475136,2,"bandwidth_type=-1/(d+2), benchmark_seed=123, branch_length_optimization_apply_nonconverged=False, branch_length_optimization_max_iterations=1000, branch_length_optimization_method=fixed_topology_nnls, branch_length_optimization_pair_sample_size=50000, branch_length_optimization_random_state=0, branch_length_optimization_solver_tolerance=1e-05, branch_length_optimization_target_metric=squared_standardized_euclidean, diffusion_method=adaptive_pydiffmap_diffusion, diffusion_time=3, edge_alpha=0.001, edge_branch_length_variance_policy=normalized_branch_length, epsilon=median, k_neighbors=10, metric=hamming, n_components=30, sibling_alpha=0.01, tree_linkage_method=average",60,60,2,ok,0.8688989349475136,2,"bandwidth_type=-1/(d+2), benchmark_seed=123, branch_length_optimization_apply_nonconverged=False, branch_length_optimization_max_iterations=1000, branch_length_optimization_method=fixed_topology_nnls, branch_length_optimization_pair_sample_size=50000, branch_length_optimization_random_state=0, branch_length_optimization_solver_tolerance=1e-05, branch_length_optimization_target_metric=squared_standardized_euclidean, diffusion_method=adaptive_pydiffmap_diffusion, diffusion_time=3, edge_alpha=0.001, edge_branch_length_variance_policy=normalized_branch_length, epsilon=median, k_neighbors=10, metric=hamming, n_components=30, sibling_alpha=0.01, tree_linkage_method=average",60,60,2,august_1,True,True,0.0
sbm_moderate,ok,0.0,1,"bandwidth_type=-1/(d+2), benchmark_seed=124, branch_length_optimization_apply_nonconverged=False, branch_length_optimization_max_iterations=1000, branch_length_optimization_method=fixed_topology_nnls, branch_length_optimization_pair_sample_size=50000, branch_length_optimization_random_state=0, branch_length_optimization_solver_tolerance=1e-05, branch_length_optimization_target_metric=squared_standardized_euclidean, diffusion_method=adaptive_pydiffmap_diffusion, diffusion_time=3, edge_alpha=0.001, edge_branch_length_variance_policy=normalized_branch_length, epsilon=median, k_neighbors=10, metric=hamming, n_components=30, sibling_alpha=0.01, tree_linkage_method=average",120,120,3,ok,0.0,1,"bandwidth_type=-1/(d+2), benchmark_seed=124, branch_length_optimization_apply_nonconverged=False, branch_length_optimization_max_iterations=1000, branch_length_optimization_method=fixed_topology_nnls, branch_length_optimization_pair_sample_size=50000, branch_length_optimization_random_state=0, branch_length_optimization_solver_tolerance=1e-05, branch_length_optimization_target_metric=squared_standardized_euclidean, diffusion_method=adaptive_pydiffmap_diffusion, diffusion_time=3, edge_alpha=0.001, edge_branch_length_variance_policy=normalized_branch_length, epsilon=median, k_neighbors=10, metric=hamming, n_components=30, sibling_alpha=0.01, tree_linkage_method=average",120,120,3,august_1,True,True,0.0
sbm_hard,ok,0.0,1,"bandwidth_type=-1/(d+2), benchmark_seed=125, branch_length_optimization_apply_nonconverged=False, branch_length_optimization_max_iterations=1000, branch_length_optimization_method=fixed_topology_nnls, branch_length_optimization_pair_sample_size=50000, branch_length_optimization_random_state=0, branch_length_optimization_solver_tolerance=1e-05, branch_length_optimization_target_metric=squared_standardized_euclidean, diffusion_method=adaptive_pydiffmap_diffusion, diffusion_time=3, edge_alpha=0.001, edge_branch_length_variance_policy=normalized_branch_length, epsilon=median, k_neighbors=10, metric=hamming, n_components=30, sibling_alpha=0.01, tree_linkage_method=average",120,120,3,ok,0.0,1,"bandwidth_type=-1/(d+2), benchmark_seed=125, branch_length_optimization_apply_nonconverged=False, branch_length_optimization_max_iterations=1000, branch_length_optimization_method=fixed_topology_nnls, branch_length_optimization_pair_sample_size=50000, branch_length_optimization_random_state=0, branch_length_optimization_solver_tolerance=1e-05, branch_length_optimization_target_metric=squared_standardized_euclidean, diffusion_method=adaptive_pydiffmap_diffusion, diffusion_time=3, edge_alpha=0.001, edge_branch_length_variance_policy=normalized_branch_length, epsilon=median, k_neighbors=10, metric=hamming, n_components=30, sibling_alpha=0.01, tree_linkage_method=average",120,120,3,august_1,True,True,0.0
cat_clear_3cat_4c,ok,1.0,4,"bandwidth_type=-1/(d+2), benchmark_seed=10000, branch_length_optimization_apply_nonconverged=False, branch_length_optimization_max_iterations=1000, branch_length_optimization_method=fixed_topology_nnls, branch_length_optimization_pair_sample_size=50000, branch_length_optimization_random_state=0, branch_length_optimization_solver_tolerance=1e-05, branch_length_optimization_target_metric=squared_standardized_euclidean, diffusion_method=adaptive_pydiffmap_diffusion, diffusion_time=3, edge_alpha=0.001, edge_branch_length_variance_policy=normalized_branch_length, epsilon=median, k_neighbors=10, metric=hamming, n_components=30, sibling_alpha=0.01, tree_linkage_method=average",100,150,4,ok,1.0,4,"bandwidth_type=-1/(d+2), benchmark_seed=10000, branch_length_optimization_apply_nonconverged=False, branch_length_optimization_max_iterations=1000, branch_length_optimization_method=fixed_topology_nnls, branch_length_optimization_pair_sample_size=50000, branch_length_optimization_random_state=0, branch_length_optimization_solver_tolerance=1e-05, branch_length_optimization_target_metric=squared_standardized_euclidean, diffusion_method=adaptive_pydiffmap_diffusion, diffusion_time=3, edge_alpha=0.001, edge_branch_length_variance_policy=normalized_branch_length, epsilon=median, k_neighbors=10, metric=hamming, n_components=30, sibling_alpha=0.01, tree_linkage_method=average",100,150,4,august_1,True,True,0.0
cat_clear_4cat_4c,ok,1.0,4,"bandwidth_type=-1/(d+2), benchmark_seed=10001, branch_length_optimization_apply_nonconverged=False, branch_length_optimization_max_iterations=1000, branch_length_optimization_method=fixed_topology_nnls, branch_length_optimization_pair_sample_size=50000, branch_length_optimization_random_state=0, branch_length_optimization_solver_tolerance=1e-05, branch_length_optimization_target_metric=squared_standardized_euclidean, diffusion_method=adaptive_pydiffmap_diffusion, diffusion_time=3, edge_alpha=0.001, edge_branch_length_variance_policy=normalized_branch_length, epsilon=median, k_neighbors=10, metric=hamming, n_components=30, sibling_alpha=0.01, tree_linkage_method=average",100,200,4,ok,1.0,4,"bandwidth_type=-1/(d+2), benchmark_seed=10001, branch_length_optimization_apply_nonconverged=False, branch_length_optimization_max_iterations=1000, branch_length_optimization_method=fixed_topology_nnls, branch_length_optimization_pair_sample_size=50000, branch_length_optimization_random_state=0, branch_length_optimization_solver_tolerance=1e-05, branch_length_optimization_target_metric=squared_standardized_euclidean, diffusion_method=adaptive_pydiffmap_diffusion, diffusion_time=3, edge_alpha=0.001, edge_branch_length_variance_policy=normalized_branch_length, epsilon=median, k_neighbors=10, metric=hamming, n_components=30, sibling_alpha=0.01, tree_linkage_method=average",100,200,4,august_1,True,True,0.0
cat_clear_5cat_6c,ok,0.8185140073081608,5,"bandwidth_type=-1/(d+2), benchmark_seed=10002, branch_length_optimization_apply_nonconverged=False, branch_length_optimization_max_iterations=1000, branch_length_optimization_method=fixed_topology_nnls, branch_length_optimization_pair_sample_size=50000, branch_length_optimization_random_state=0, branch_length_optimization_solver_tolerance=1e-05, branch_length_optimization_target_metric=squared_standardized_euclidean, diffusion_method=adaptive_pydiffmap_diffusion, diffusion_time=3, edge_alpha=0.001, edge_branch_length_variance_policy=normalized_branch_length, epsilon=median, k_neighbors=10, metric=hamming, n_components=30, sibling_alpha=0.01, tree_linkage_method=average",150,400,6,ok,0.8185140073081608,5,"bandwidth_type=-1/(d+2), benchmark_seed=10002, branch_length_optimization_apply_nonconverged=False, branch_length_optimization_max_iterations=1000, branch_length_optimization_method=fixed_topology_nnls, branch_length_optimization_pair_sample_size=50000, branch_length_optimization_random_state=0, branch_length_optimization_solver_tolerance=1e-05, branch_length_optimization_target_metric=squared_standardized_euclidean, diffusion_method=adaptive_pydiffmap_diffusion, diffusion_time=3, edge_alpha=0.001, edge_branch_length_variance_policy=normalized_branch_length, epsilon=median, k_neighbors=10, metric=hamming, n_components=30, sibling_alpha=0.01, tree_linkage_method=average",150,400,6,august_1,True,True,0.0
cat_mod_3cat_4c,ok,0.935142422764694,4,"bandwidth_type=-1/(d+2), benchmark_seed=10100, branch_length_optimization_apply_nonconverged=False, branch_length_optimization_max_iterations=1000, branch_length_optimization_method=fixed_topology_nnls, branch_length_optimization_pair_sample_size=50000, branch_length_optimization_random_state=0, branch_length_optimization_solver_tolerance=1e-05, branch_length_optimization_target_metric=squared_standardized_euclidean, diffusion_method=adaptive_pydiffmap_diffusion, diffusion_time=3, edge_alpha=0.001, edge_branch_length_variance_policy=normalized_branch_length, epsilon=median, k_neighbors=10, metric=hamming, n_components=30, sibling_alpha=0.01, tree_linkage_method=average",120,180,4,ok,0.935142422764694,4,"bandwidth_type=-1/(d+2), benchmark_seed=10100, branch_length_optimization_apply_nonconverged=False, branch_length_optimization_max_iterations=1000, branch_length_optimization_method=fixed_topology_nnls, branch_length_optimization_pair_sample_size=50000, branch_length_optimization_random_state=0, branch_length_optimization_solver_tolerance=1e-05, branch_length_optimization_target_metric=squared_standardized_euclidean, diffusion_method=adaptive_pydiffmap_diffusion, diffusion_time=3, edge_alpha=0.001, edge_branch_length_variance_policy=normalized_branch_length, epsilon=median, k_neighbors=10, metric=hamming, n_components=30, sibling_alpha=0.01, tree_linkage_method=average",120,180,4,august_1,True,True,0.0
cat_mod_4cat_6c,ok,0.9865142168323924,6,"bandwidth_type=-1/(d+2), benchmark_seed=10101, branch_length_optimization_apply_nonconverged=False, branch_length_optimization_max_iterations=1000, branch_length_optimization_method=fixed_topology_nnls, branch_length_optimization_pair_sample_size=50000, branch_length_optimization_random_state=0, branch_length_optimization_solver_tolerance=1e-05, branch_length_optimization_target_metric=squared_standardized_euclidean, diffusion_method=adaptive_pydiffmap_diffusion, diffusion_time=3, edge_alpha=0.001, edge_branch_length_variance_policy=normalized_branch_length, epsilon=median, k_neighbors=10, metric=hamming, n_components=30, sibling_alpha=0.01, tree_linkage_method=average",180,400,6,ok,0.9865142168323924,6,"bandwidth_type=-1/(d+2), benchmark_seed=10101, branch_length_optimization_apply_nonconverged=False, branch_length_optimization_max_iterations=1000, branch_length_optimization_method=fixed_topology_nnls, branch_length_optimization_pair_sample_size=50000, branch_length_optimization_random_state=0, branch_length_optimization_solver_tolerance=1e-05, branch_length_optimization_target_metric=squared_standardized_euclidean, diffusion_method=adaptive_pydiffmap_diffusion, diffusion_time=3, edge_alpha=0.001, edge_branch_length_variance_policy=normalized_branch_length, epsilon=median, k_neighbors=10, metric=hamming, n_components=30, sibling_alpha=0.01, tree_linkage_method=average",180,400,6,august_1,True,True,0.0
cat_highcard_10cat_4c,ok,0.986598879940902,4,"bandwidth_type=-1/(d+2), benchmark_seed=10200, branch_length_optimization_apply_nonconverged=False, branch_length_optimization_max_iterations=1000, branch_length_optimization_method=fixed_topology_nnls, branch_length_optimization_pair_sample_size=50000, branch_length_optimization_random_state=0, branch_length_optimization_solver_tolerance=1e-05, branch_length_optimization_target_metric=squared_standardized_euclidean, diffusion_method=adaptive_pydiffmap_diffusion, diffusion_time=3, edge_alpha=0.001, edge_branch_length_variance_policy=normalized_branch_length, epsilon=median, k_neighbors=10, metric=hamming, n_components=30, sibling_alpha=0.01, tree_linkage_method=average",200,500,4,ok,0.986598879940902,4,"bandwidth_type=-1/(d+2), benchmark_seed=10200, branch_length_optimization_apply_nonconverged=False, branch_length_optimization_max_iterations=1000, branch_length_optimization_method=fixed_topology_nnls, branch_length_optimization_pair_sample_size=50000, branch_length_optimization_random_state=0, branch_length_optimization_solver_tolerance=1e-05, branch_length_optimization_target_metric=squared_standardized_euclidean, diffusion_method=adaptive_pydiffmap_diffusion, diffusion_time=3, edge_alpha=0.001, edge_branch_length_variance_policy=normalized_branch_length, epsilon=median, k_neighbors=10, metric=hamming, n_components=30, sibling_alpha=0.01, tree_linkage_method=average",200,500,4,august_1,True,True,0.0
cat_highcard_20cat_4c,ok,0.0,1,"bandwidth_type=-1/(d+2), benchmark_seed=10201, branch_length_optimization_apply_nonconverged=False, branch_length_optimization_max_iterations=1000, branch_length_optimization_method=fixed_topology_nnls, branch_length_optimization_pair_sample_size=50000, branch_length_optimization_random_state=0, branch_length_optimization_solver_tolerance=1e-05, branch_length_optimization_target_metric=squared_standardized_euclidean, diffusion_method=adaptive_pydiffmap_diffusion, diffusion_time=3, edge_alpha=0.001, edge_branch_length_variance_policy=normalized_branch_length, epsilon=median, k_neighbors=10, metric=hamming, n_components=30, sibling_alpha=0.01, tree_linkage_method=average",200,800,4,unsupported,,0,"bandwidth_type=-1/(d+2), benchmark_seed=10201, branch_length_optimization_apply_nonconverged=False, branch_length_optimization_max_iterations=1000, branch_length_optimization_method=fixed_topology_nnls, branch_length_optimization_pair_sample_size=50000, branch_length_optimization_random_state=0, branch_length_optimization_solver_tolerance=1e-05, branch_length_optimization_target_metric=squared_standardized_euclidean, diffusion_method=adaptive_pydiffmap_diffusion, diffusion_time=3, edge_alpha=0.001, edge_branch_length_variance_policy=normalized_branch_length, epsilon=median, k_neighbors=10, metric=hamming, n_components=30, sibling_alpha=0.01, tree_linkage_method=average",200,800,4,august_1,True,True,
cat_unbal_3cat_4c,ok,0.9809920929302728,4,"bandwidth_type=-1/(d+2), benchmark_seed=10300, branch_length_optimization_apply_nonconverged=False, branch_length_optimization_max_iterations=1000, branch_length_optimization_method=fixed_topology_nnls, branch_length_optimization_pair_sample_size=50000, branch_length_optimization_random_state=0, branch_length_optimization_solver_tolerance=1e-05, branch_length_optimization_target_metric=squared_standardized_euclidean, diffusion_method=adaptive_pydiffmap_diffusion, diffusion_time=3, edge_alpha=0.001, edge_branch_length_variance_policy=normalized_branch_length, epsilon=median, k_neighbors=10, metric=hamming, n_components=30, sibling_alpha=0.01, tree_linkage_method=average",150,180,4,ok,0.9809920929302728,4,"bandwidth_type=-1/(d+2), benchmark_seed=10300, branch_length_optimization_apply_nonconverged=False, branch_length_optimization_max_iterations=1000, branch_length_optimization_method=fixed_topology_nnls, branch_length_optimization_pair_sample_size=50000, branch_length_optimization_random_state=0, branch_length_optimization_solver_tolerance=1e-05, branch_length_optimization_target_metric=squared_standardized_euclidean, diffusion_method=adaptive_pydiffmap_diffusion, diffusion_time=3, edge_alpha=0.001, edge_branch_length_variance_policy=normalized_branch_length, epsilon=median, k_neighbors=10, metric=hamming, n_components=30, sibling_alpha=0.01, tree_linkage_method=average",150,180,4,august_1,True,True,0.0
cat_overlap_3cat_4c,ok,0.8644848643817469,4,"bandwidth_type=-1/(d+2), benchmark_seed=10400, branch_length_optimization_apply_nonconverged=False, branch_length_optimization_max_iterations=1000, branch_length_optimization_method=fixed_topology_nnls, branch_length_optimization_pair_sample_size=50000, branch_length_optimization_random_state=0, branch_length_optimization_solver_tolerance=1e-05, branch_length_optimization_target_metric=squared_standardized_euclidean, diffusion_method=adaptive_pydiffmap_diffusion, diffusion_time=3, edge_alpha=0.001, edge_branch_length_variance_policy=normalized_branch_length, epsilon=median, k_neighbors=10, metric=hamming, n_components=30, sibling_alpha=0.01, tree_linkage_method=average",400,300,4,ok,0.8644848643817469,4,"bandwidth_type=-1/(d+2), benchmark_seed=10400, branch_length_optimization_apply_nonconverged=False, branch_length_optimization_max_iterations=1000, branch_length_optimization_method=fixed_topology_nnls, branch_length_optimization_pair_sample_size=50000, branch_length_optimization_random_state=0, branch_length_optimization_solver_tolerance=1e-05, branch_length_optimization_target_metric=squared_standardized_euclidean, diffusion_method=adaptive_pydiffmap_diffusion, diffusion_time=3, edge_alpha=0.001, edge_branch_length_variance_policy=normalized_branch_length, epsilon=median, k_neighbors=10, metric=hamming, n_components=30, sibling_alpha=0.01, tree_linkage_method=average",400,300,4,august_1,True,True,0.0
cat_highd_3cat_500feat,ok,0.0984600374207634,68,"bandwidth_type=-1/(d+2), benchmark_seed=10600, branch_length_optimization_apply_nonconverged=False, branch_length_optimization_max_iterations=1000, branch_length_optimization_method=fixed_topology_nnls, branch_length_optimization_pair_sample_size=50000, branch_length_optimization_random_state=0, branch_length_optimization_solver_tolerance=1e-05, branch_length_optimization_target_metric=squared_standardized_euclidean, diffusion_method=adaptive_pydiffmap_diffusion, diffusion_time=3, edge_alpha=0.001, edge_branch_length_variance_policy=normalized_branch_length, epsilon=median, k_neighbors=10, metric=hamming, n_components=30, sibling_alpha=0.01, tree_linkage_method=average",200,1500,4,ok,0.0984600374207634,68,"bandwidth_type=-1/(d+2), benchmark_seed=10600, branch_length_optimization_apply_nonconverged=False, branch_length_optimization_max_iterations=1000, branch_length_optimization_method=fixed_topology_nnls, branch_length_optimization_pair_sample_size=50000, branch_length_optimization_random_state=0, branch_length_optimization_solver_tolerance=1e-05, branch_length_optimization_target_metric=squared_standardized_euclidean, diffusion_method=adaptive_pydiffmap_diffusion, diffusion_time=3, edge_alpha=0.001, edge_branch_length_variance_policy=normalized_branch_length, epsilon=median, k_neighbors=10, metric=hamming, n_components=30, sibling_alpha=0.01, tree_linkage_method=average",200,1500,4,august_1,True,True,0.0
cat_highd_4cat_1000feat,ok,1.0,6,"bandwidth_type=-1/(d+2), benchmark_seed=10601, branch_length_optimization_apply_nonconverged=False, branch_length_optimization_max_iterations=1000, branch_length_optimization_method=fixed_topology_nnls, branch_length_optimization_pair_sample_size=50000, branch_length_optimization_random_state=0, branch_length_optimization_solver_tolerance=1e-05, branch_length_optimization_target_metric=squared_standardized_euclidean, diffusion_method=adaptive_pydiffmap_diffusion, diffusion_time=3, edge_alpha=0.001, edge_branch_length_variance_policy=normalized_branch_length, epsilon=median, k_neighbors=10, metric=hamming, n_components=30, sibling_alpha=0.01, tree_linkage_method=average",300,4000,6,ok,1.0,6,"bandwidth_type=-1/(d+2), benchmark_seed=10601, branch_length_optimization_apply_nonconverged=False, branch_length_optimization_max_iterations=1000, branch_length_optimization_method=fixed_topology_nnls, branch_length_optimization_pair_sample_size=50000, branch_length_optimization_random_state=0, branch_length_optimization_solver_tolerance=1e-05, branch_length_optimization_target_metric=squared_standardized_euclidean, diffusion_method=adaptive_pydiffmap_diffusion, diffusion_time=3, edge_alpha=0.001, edge_branch_length_variance_policy=normalized_branch_length, epsilon=median, k_neighbors=10, metric=hamming, n_components=30, sibling_alpha=0.01, tree_linkage_method=average",300,4000,6,august_1,True,True,0.0
phylo_dna_4taxa_low_mut,ok,1.0,4,"bandwidth_type=-1/(d+2), benchmark_seed=11000, branch_length_optimization_apply_nonconverged=False, branch_length_optimization_max_iterations=1000, branch_length_optimization_method=fixed_topology_nnls, branch_length_optimization_pair_sample_size=50000, branch_length_optimization_random_state=0, branch_length_optimization_solver_tolerance=1e-05, branch_length_optimization_target_metric=squared_standardized_euclidean, diffusion_method=adaptive_pydiffmap_diffusion, diffusion_time=3, edge_alpha=0.001, edge_branch_length_variance_policy=normalized_branch_length, epsilon=median, k_neighbors=10, metric=hamming, n_components=30, sibling_alpha=0.01, tree_linkage_method=average",100,400,4,ok,1.0,4,"bandwidth_type=-1/(d+2), benchmark_seed=11000, branch_length_optimization_apply_nonconverged=False, branch_length_optimization_max_iterations=1000, branch_length_optimization_method=fixed_topology_nnls, branch_length_optimization_pair_sample_size=50000, branch_length_optimization_random_state=0, branch_length_optimization_solver_tolerance=1e-05, branch_length_optimization_target_metric=squared_standardized_euclidean, diffusion_method=adaptive_pydiffmap_diffusion, diffusion_time=3, edge_alpha=0.001, edge_branch_length_variance_policy=normalized_branch_length, epsilon=median, k_neighbors=10, metric=hamming, n_components=30, sibling_alpha=0.01, tree_linkage_method=average",100,400,4,august_1,True,True,0.0
phylo_dna_8taxa_low_mut,ok,1.0,8,"bandwidth_type=-1/(d+2), benchmark_seed=11001, branch_length_optimization_apply_nonconverged=False, branch_length_optimization_max_iterations=1000, branch_length_optimization_method=fixed_topology_nnls, branch_length_optimization_pair_sample_size=50000, branch_length_optimization_random_state=0, branch_length_optimization_solver_tolerance=1e-05, branch_length_optimization_target_metric=squared_standardized_euclidean, diffusion_method=adaptive_pydiffmap_diffusion, diffusion_time=3, edge_alpha=0.001, edge_branch_length_variance_policy=normalized_branch_length, epsilon=median, k_neighbors=10, metric=hamming, n_components=30, sibling_alpha=0.01, tree_linkage_method=average",160,800,8,ok,1.0,8,"bandwidth_type=-1/(d+2), benchmark_seed=11001, branch_length_optimization_apply_nonconverged=False, branch_length_optimization_max_iterations=1000, branch_length_optimization_method=fixed_topology_nnls, branch_length_optimization_pair_sample_size=50000, branch_length_optimization_random_state=0, branch_length_optimization_solver_tolerance=1e-05, branch_length_optimization_target_metric=squared_standardized_euclidean, diffusion_method=adaptive_pydiffmap_diffusion, diffusion_time=3, edge_alpha=0.001, edge_branch_length_variance_policy=normalized_branch_length, epsilon=median, k_neighbors=10, metric=hamming, n_components=30, sibling_alpha=0.01, tree_linkage_method=average",160,800,8,august_1,True,True,0.0
phylo_dna_8taxa_med_mut,ok,1.0,8,"bandwidth_type=-1/(d+2), benchmark_seed=11002, branch_length_optimization_apply_nonconverged=False, branch_length_optimization_max_iterations=1000, branch_length_optimization_method=fixed_topology_nnls, branch_length_optimization_pair_sample_size=50000, branch_length_optimization_random_state=0, branch_length_optimization_solver_tolerance=1e-05, branch_length_optimization_target_metric=squared_standardized_euclidean, diffusion_method=adaptive_pydiffmap_diffusion, diffusion_time=3, edge_alpha=0.001, edge_branch_length_variance_policy=normalized_branch_length, epsilon=median, k_neighbors=10, metric=hamming, n_components=30, sibling_alpha=0.01, tree_linkage_method=average",160,800,8,ok,1.0,8,"bandwidth_type=-1/(d+2), benchmark_seed=11002, branch_length_optimization_apply_nonconverged=False, branch_length_optimization_max_iterations=1000, branch_length_optimization_method=fixed_topology_nnls, branch_length_optimization_pair_sample_size=50000, branch_length_optimization_random_state=0, branch_length_optimization_solver_tolerance=1e-05, branch_length_optimization_target_metric=squared_standardized_euclidean, diffusion_method=adaptive_pydiffmap_diffusion, diffusion_time=3, edge_alpha=0.001, edge_branch_length_variance_policy=normalized_branch_length, epsilon=median, k_neighbors=10, metric=hamming, n_components=30, sibling_alpha=0.01, tree_linkage_method=average",160,800,8,august_1,True,True,0.0
phylo_dna_16taxa_low_mut,ok,1.0,16,"bandwidth_type=-1/(d+2), benchmark_seed=11003, branch_length_optimization_apply_nonconverged=False, branch_length_optimization_max_iterations=1000, branch_length_optimization_method=fixed_topology_nnls, branch_length_optimization_pair_sample_size=50000, branch_length_optimization_random_state=0, branch_length_optimization_solver_tolerance=1e-05, branch_length_optimization_target_metric=squared_standardized_euclidean, diffusion_method=adaptive_pydiffmap_diffusion, diffusion_time=3, edge_alpha=0.001, edge_branch_length_variance_policy=normalized_branch_length, epsilon=median, k_neighbors=10, metric=hamming, n_components=30, sibling_alpha=0.01, tree_linkage_method=average",240,2000,16,ok,1.0,16,"bandwidth_type=-1/(d+2), benchmark_seed=11003, branch_length_optimization_apply_nonconverged=False, branch_length_optimization_max_iterations=1000, branch_length_optimization_method=fixed_topology_nnls, branch_length_optimization_pair_sample_size=50000, branch_length_optimization_random_state=0, branch_length_optimization_solver_tolerance=1e-05, branch_length_optimization_target_metric=squared_standardized_euclidean, diffusion_method=adaptive_pydiffmap_diffusion, diffusion_time=3, edge_alpha=0.001, edge_branch_length_variance_policy=normalized_branch_length, epsilon=median, k_neighbors=10, metric=hamming, n_components=30, sibling_alpha=0.01, tree_linkage_method=average",240,2000,16,august_1,True,True,0.0
phylo_protein_4taxa,ok,1.0,4,"bandwidth_type=-1/(d+2), benchmark_seed=11100, branch_length_optimization_apply_nonconverged=False, branch_length_optimization_max_iterations=1000, branch_length_optimization_method=fixed_topology_nnls, branch_length_optimization_pair_sample_size=50000, branch_length_optimization_random_state=0, branch_length_optimization_solver_tolerance=1e-05, branch_length_optimization_target_metric=squared_standardized_euclidean, diffusion_method=adaptive_pydiffmap_diffusion, diffusion_time=3, edge_alpha=0.001, edge_branch_length_variance_policy=normalized_branch_length, epsilon=median, k_neighbors=10, metric=hamming, n_components=30, sibling_alpha=0.01, tree_linkage_method=average",120,1000,4,ok,1.0,4,"bandwidth_type=-1/(d+2), benchmark_seed=11100, branch_length_optimization_apply_nonconverged=False, branch_length_optimization_max_iterations=1000, branch_length_optimization_method=fixed_topology_nnls, branch_length_optimization_pair_sample_size=50000, branch_length_optimization_random_state=0, branch_length_optimization_solver_tolerance=1e-05, branch_length_optimization_target_metric=squared_standardized_euclidean, diffusion_method=adaptive_pydiffmap_diffusion, diffusion_time=3, edge_alpha=0.001, edge_branch_length_variance_policy=normalized_branch_length, epsilon=median, k_neighbors=10, metric=hamming, n_components=30, sibling_alpha=0.01, tree_linkage_method=average",120,1000,4,august_1,True,True,0.0
phylo_protein_8taxa,ok,1.0,8,"bandwidth_type=-1/(d+2), benchmark_seed=11101, branch_length_optimization_apply_nonconverged=False, branch_length_optimization_max_iterations=1000, branch_length_optimization_method=fixed_topology_nnls, branch_length_optimization_pair_sample_size=50000, branch_length_optimization_random_state=0, branch_length_optimization_solver_tolerance=1e-05, branch_length_optimization_target_metric=squared_standardized_euclidean, diffusion_method=adaptive_pydiffmap_diffusion, diffusion_time=3, edge_alpha=0.001, edge_branch_length_variance_policy=normalized_branch_length, epsilon=median, k_neighbors=10, metric=hamming, n_components=30, sibling_alpha=0.01, tree_linkage_method=average",160,2000,8,ok,1.0,8,"bandwidth_type=-1/(d+2), benchmark_seed=11101, branch_length_optimization_apply_nonconverged=False, branch_length_optimization_max_iterations=1000, branch_length_optimization_method=fixed_topology_nnls, branch_length_optimization_pair_sample_size=50000, branch_length_optimization_random_state=0, branch_length_optimization_solver_tolerance=1e-05, branch_length_optimization_target_metric=squared_standardized_euclidean, diffusion_method=adaptive_pydiffmap_diffusion, diffusion_time=3, edge_alpha=0.001, edge_branch_length_variance_policy=normalized_branch_length, epsilon=median, k_neighbors=10, metric=hamming, n_components=30, sibling_alpha=0.01, tree_linkage_method=average",160,2000,8,august_1,True,True,0.0
phylo_protein_12taxa,ok,0.9631584037374742,16,"bandwidth_type=-1/(d+2), benchmark_seed=11102, branch_length_optimization_apply_nonconverged=False, branch_length_optimization_max_iterations=1000, branch_length_optimization_method=fixed_topology_nnls, branch_length_optimization_pair_sample_size=50000, branch_length_optimization_random_state=0, branch_length_optimization_solver_tolerance=1e-05, branch_length_optimization_target_metric=squared_standardized_euclidean, diffusion_method=adaptive_pydiffmap_diffusion, diffusion_time=3, edge_alpha=0.001, edge_branch_length_variance_policy=normalized_branch_length, epsilon=median, k_neighbors=10, metric=hamming, n_components=30, sibling_alpha=0.01, tree_linkage_method=average",180,3000,12,ok,0.9631584037374742,16,"bandwidth_type=-1/(d+2), benchmark_seed=11102, branch_length_optimization_apply_nonconverged=False, branch_length_optimization_max_iterations=1000, branch_length_optimization_method=fixed_topology_nnls, branch_length_optimization_pair_sample_size=50000, branch_length_optimization_random_state=0, branch_length_optimization_solver_tolerance=1e-05, branch_length_optimization_target_metric=squared_standardized_euclidean, diffusion_method=adaptive_pydiffmap_diffusion, diffusion_time=3, edge_alpha=0.001, edge_branch_length_variance_policy=normalized_branch_length, epsilon=median, k_neighbors=10, metric=hamming, n_components=30, sibling_alpha=0.01, tree_linkage_method=average",180,3000,12,august_1,True,True,0.0
phylo_divergent_4taxa,ok,1.0,4,"bandwidth_type=-1/(d+2), benchmark_seed=11200, branch_length_optimization_apply_nonconverged=False, branch_length_optimization_max_iterations=1000, branch_length_optimization_method=fixed_topology_nnls, branch_length_optimization_pair_sample_size=50000, branch_length_optimization_random_state=0, branch_length_optimization_solver_tolerance=1e-05, branch_length_optimization_target_metric=squared_standardized_euclidean, diffusion_method=adaptive_pydiffmap_diffusion, diffusion_time=3, edge_alpha=0.001, edge_branch_length_variance_policy=normalized_branch_length, epsilon=median, k_neighbors=10, metric=hamming, n_components=30, sibling_alpha=0.01, tree_linkage_method=average",100,400,4,ok,1.0,4,"bandwidth_type=-1/(d+2), benchmark_seed=11200, branch_length_optimization_apply_nonconverged=False, branch_length_optimization_max_iterations=1000, branch_length_optimization_method=fixed_topology_nnls, branch_length_optimization_pair_sample_size=50000, branch_length_optimization_random_state=0, branch_length_optimization_solver_tolerance=1e-05, branch_length_optimization_target_metric=squared_standardized_euclidean, diffusion_method=adaptive_pydiffmap_diffusion, diffusion_time=3, edge_alpha=0.001, edge_branch_length_variance_policy=normalized_branch_length, epsilon=median, k_neighbors=10, metric=hamming, n_components=30, sibling_alpha=0.01, tree_linkage_method=average",100,400,4,august_1,True,True,0.0
phylo_divergent_8taxa,ok,1.0,8,"bandwidth_type=-1/(d+2), benchmark_seed=11201, branch_length_optimization_apply_nonconverged=False, branch_length_optimization_max_iterations=1000, branch_length_optimization_method=fixed_topology_nnls, branch_length_optimization_pair_sample_size=50000, branch_length_optimization_random_state=0, branch_length_optimization_solver_tolerance=1e-05, branch_length_optimization_target_metric=squared_standardized_euclidean, diffusion_method=adaptive_pydiffmap_diffusion, diffusion_time=3, edge_alpha=0.001, edge_branch_length_variance_policy=normalized_branch_length, epsilon=median, k_neighbors=10, metric=hamming, n_components=30, sibling_alpha=0.01, tree_linkage_method=average",160,800,8,ok,1.0,8,"bandwidth_type=-1/(d+2), benchmark_seed=11201, branch_length_optimization_apply_nonconverged=False, branch_length_optimization_max_iterations=1000, branch_length_optimization_method=fixed_topology_nnls, branch_length_optimization_pair_sample_size=50000, branch_length_optimization_random_state=0, branch_length_optimization_solver_tolerance=1e-05, branch_length_optimization_target_metric=squared_standardized_euclidean, diffusion_method=adaptive_pydiffmap_diffusion, diffusion_time=3, edge_alpha=0.001, edge_branch_length_variance_policy=normalized_branch_length, epsilon=median, k_neighbors=10, metric=hamming, n_components=30, sibling_alpha=0.01, tree_linkage_method=average",160,800,8,august_1,True,True,0.0
phylo_conserved_4taxa,skip,,0,"bandwidth_type=-1/(d+2), benchmark_seed=11300, branch_length_optimization_apply_nonconverged=False, branch_length_optimization_max_iterations=1000, branch_length_optimization_method=fixed_topology_nnls, branch_length_optimization_pair_sample_size=50000, branch_length_optimization_random_state=0, branch_length_optimization_solver_tolerance=1e-05, branch_length_optimization_target_metric=squared_standardized_euclidean, diffusion_method=adaptive_pydiffmap_diffusion, diffusion_time=3, edge_alpha=0.001, edge_branch_length_variance_policy=normalized_branch_length, epsilon=median, k_neighbors=10, metric=hamming, n_components=30, sibling_alpha=0.01, tree_linkage_method=average",100,400,4,skip,,0,"bandwidth_type=-1/(d+2), benchmark_seed=11300, branch_length_optimization_apply_nonconverged=False, branch_length_optimization_max_iterations=1000, branch_length_optimization_method=fixed_topology_nnls, branch_length_optimization_pair_sample_size=50000, branch_length_optimization_random_state=0, branch_length_optimization_solver_tolerance=1e-05, branch_length_optimization_target_metric=squared_standardized_euclidean, diffusion_method=adaptive_pydiffmap_diffusion, diffusion_time=3, edge_alpha=0.001, edge_branch_length_variance_policy=normalized_branch_length, epsilon=median, k_neighbors=10, metric=hamming, n_components=30, sibling_alpha=0.01, tree_linkage_method=average",100,400,4,august_1,True,True,
phylo_conserved_8taxa,ok,1.0,8,"bandwidth_type=-1/(d+2), benchmark_seed=11301, branch_length_optimization_apply_nonconverged=False, branch_length_optimization_max_iterations=1000, branch_length_optimization_method=fixed_topology_nnls, branch_length_optimization_pair_sample_size=50000, branch_length_optimization_random_state=0, branch_length_optimization_solver_tolerance=1e-05, branch_length_optimization_target_metric=squared_standardized_euclidean, diffusion_method=adaptive_pydiffmap_diffusion, diffusion_time=3, edge_alpha=0.001, edge_branch_length_variance_policy=normalized_branch_length, epsilon=median, k_neighbors=10, metric=hamming, n_components=30, sibling_alpha=0.01, tree_linkage_method=average",160,800,8,ok,1.0,8,"bandwidth_type=-1/(d+2), benchmark_seed=11301, branch_length_optimization_apply_nonconverged=False, branch_length_optimization_max_iterations=1000, branch_length_optimization_method=fixed_topology_nnls, branch_length_optimization_pair_sample_size=50000, branch_length_optimization_random_state=0, branch_length_optimization_solver_tolerance=1e-05, branch_length_optimization_target_metric=squared_standardized_euclidean, diffusion_method=adaptive_pydiffmap_diffusion, diffusion_time=3, edge_alpha=0.001, edge_branch_length_variance_policy=normalized_branch_length, epsilon=median, k_neighbors=10, metric=hamming, n_components=30, sibling_alpha=0.01, tree_linkage_method=average",160,800,8,august_1,True,True,0.0
phylo_large_32taxa,ok,0.9702459296721974,45,"bandwidth_type=-1/(d+2), benchmark_seed=11400, branch_length_optimization_apply_nonconverged=False, branch_length_optimization_max_iterations=1000, branch_length_optimization_method=fixed_topology_nnls, branch_length_optimization_pair_sample_size=50000, branch_length_optimization_random_state=0, branch_length_optimization_solver_tolerance=1e-05, branch_length_optimization_target_metric=squared_standardized_euclidean, diffusion_method=adaptive_pydiffmap_diffusion, diffusion_time=3, edge_alpha=0.001, edge_branch_length_variance_policy=normalized_branch_length, epsilon=median, k_neighbors=10, metric=hamming, n_components=30, sibling_alpha=0.01, tree_linkage_method=average",320,2000,32,ok,0.9702459296721974,45,"bandwidth_type=-1/(d+2), benchmark_seed=11400, branch_length_optimization_apply_nonconverged=False, branch_length_optimization_max_iterations=1000, branch_length_optimization_method=fixed_topology_nnls, branch_length_optimization_pair_sample_size=50000, branch_length_optimization_random_state=0, branch_length_optimization_solver_tolerance=1e-05, branch_length_optimization_target_metric=squared_standardized_euclidean, diffusion_method=adaptive_pydiffmap_diffusion, diffusion_time=3, edge_alpha=0.001, edge_branch_length_variance_policy=normalized_branch_length, epsilon=median, k_neighbors=10, metric=hamming, n_components=30, sibling_alpha=0.01, tree_linkage_method=average",320,2000,32,august_1,True,True,0.0
phylo_large_64taxa,ok,0.6879298333911303,54,"bandwidth_type=-1/(d+2), benchmark_seed=11401, branch_length_optimization_apply_nonconverged=False, branch_length_optimization_max_iterations=1000, branch_length_optimization_method=fixed_topology_nnls, branch_length_optimization_pair_sample_size=50000, branch_length_optimization_random_state=0, branch_length_optimization_solver_tolerance=1e-05, branch_length_optimization_target_metric=squared_standardized_euclidean, diffusion_method=adaptive_pydiffmap_diffusion, diffusion_time=3, edge_alpha=0.001, edge_branch_length_variance_policy=normalized_branch_length, epsilon=median, k_neighbors=10, metric=hamming, n_components=30, sibling_alpha=0.01, tree_linkage_method=average",512,4000,64,ok,0.6879298333911303,54,"bandwidth_type=-1/(d+2), benchmark_seed=11401, branch_length_optimization_apply_nonconverged=False, branch_length_optimization_max_iterations=1000, branch_length_optimization_method=fixed_topology_nnls, branch_length_optimization_pair_sample_size=50000, branch_length_optimization_random_state=0, branch_length_optimization_solver_tolerance=1e-05, branch_length_optimization_target_metric=squared_standardized_euclidean, diffusion_method=adaptive_pydiffmap_diffusion, diffusion_time=3, edge_alpha=0.001, edge_branch_length_variance_policy=normalized_branch_length, epsilon=median, k_neighbors=10, metric=hamming, n_components=30, sibling_alpha=0.01, tree_linkage_method=average",512,4000,64,august_1,True,True,0.0
overlap_heavy_4c_small_feat,ok,0.0,1,"bandwidth_type=-1/(d+2), benchmark_seed=8000, branch_length_optimization_apply_nonconverged=False, branch_length_optimization_max_iterations=1000, branch_length_optimization_method=fixed_topology_nnls, branch_length_optimization_pair_sample_size=50000, branch_length_optimization_random_state=0, branch_length_optimization_solver_tolerance=1e-05, branch_length_optimization_target_metric=squared_standardized_euclidean, diffusion_method=adaptive_pydiffmap_diffusion, diffusion_time=3, edge_alpha=0.001, edge_branch_length_variance_policy=normalized_branch_length, epsilon=median, k_neighbors=10, metric=hamming, n_components=30, sibling_alpha=0.01, tree_linkage_method=average",500,50,4,ok,0.0,1,"bandwidth_type=-1/(d+2), benchmark_seed=8000, branch_length_optimization_apply_nonconverged=False, branch_length_optimization_max_iterations=1000, branch_length_optimization_method=fixed_topology_nnls, branch_length_optimization_pair_sample_size=50000, branch_length_optimization_random_state=0, branch_length_optimization_solver_tolerance=1e-05, branch_length_optimization_target_metric=squared_standardized_euclidean, diffusion_method=adaptive_pydiffmap_diffusion, diffusion_time=3, edge_alpha=0.001, edge_branch_length_variance_policy=normalized_branch_length, epsilon=median, k_neighbors=10, metric=hamming, n_components=30, sibling_alpha=0.01, tree_linkage_method=average",500,50,4,august_1,True,True,0.0
overlap_heavy_4c_med_feat,ok,0.0,1,"bandwidth_type=-1/(d+2), benchmark_seed=8001, branch_length_optimization_apply_nonconverged=False, branch_length_optimization_max_iterations=1000, branch_length_optimization_method=fixed_topology_nnls, branch_length_optimization_pair_sample_size=50000, branch_length_optimization_random_state=0, branch_length_optimization_solver_tolerance=1e-05, branch_length_optimization_target_metric=squared_standardized_euclidean, diffusion_method=adaptive_pydiffmap_diffusion, diffusion_time=3, edge_alpha=0.001, edge_branch_length_variance_policy=normalized_branch_length, epsilon=median, k_neighbors=10, metric=hamming, n_components=30, sibling_alpha=0.01, tree_linkage_method=average",500,200,4,ok,0.0,1,"bandwidth_type=-1/(d+2), benchmark_seed=8001, branch_length_optimization_apply_nonconverged=False, branch_length_optimization_max_iterations=1000, branch_length_optimization_method=fixed_topology_nnls, branch_length_optimization_pair_sample_size=50000, branch_length_optimization_random_state=0, branch_length_optimization_solver_tolerance=1e-05, branch_length_optimization_target_metric=squared_standardized_euclidean, diffusion_method=adaptive_pydiffmap_diffusion, diffusion_time=3, edge_alpha=0.001, edge_branch_length_variance_policy=normalized_branch_length, epsilon=median, k_neighbors=10, metric=hamming, n_components=30, sibling_alpha=0.01, tree_linkage_method=average",500,200,4,august_1,True,True,0.0
overlap_heavy_8c_large_feat,ok,0.0,1,"bandwidth_type=-1/(d+2), benchmark_seed=8002, branch_length_optimization_apply_nonconverged=False, branch_length_optimization_max_iterations=1000, branch_length_optimization_method=fixed_topology_nnls, branch_length_optimization_pair_sample_size=50000, branch_length_optimization_random_state=0, branch_length_optimization_solver_tolerance=1e-05, branch_length_optimization_target_metric=squared_standardized_euclidean, diffusion_method=adaptive_pydiffmap_diffusion, diffusion_time=3, edge_alpha=0.001, edge_branch_length_variance_policy=normalized_branch_length, epsilon=median, k_neighbors=10, metric=hamming, n_components=30, sibling_alpha=0.01, tree_linkage_method=average",800,500,8,ok,0.0,1,"bandwidth_type=-1/(d+2), benchmark_seed=8002, branch_length_optimization_apply_nonconverged=False, branch_length_optimization_max_iterations=1000, branch_length_optimization_method=fixed_topology_nnls, branch_length_optimization_pair_sample_size=50000, branch_length_optimization_random_state=0, branch_length_optimization_solver_tolerance=1e-05, branch_length_optimization_target_metric=squared_standardized_euclidean, diffusion_method=adaptive_pydiffmap_diffusion, diffusion_time=3, edge_alpha=0.001, edge_branch_length_variance_policy=normalized_branch_length, epsilon=median, k_neighbors=10, metric=hamming, n_components=30, sibling_alpha=0.01, tree_linkage_method=average",800,500,8,august_1,True,True,0.0
overlap_extreme_4c,ok,0.0,1,"bandwidth_type=-1/(d+2), benchmark_seed=8003, branch_length_optimization_apply_nonconverged=False, branch_length_optimization_max_iterations=1000, branch_length_optimization_method=fixed_topology_nnls, branch_length_optimization_pair_sample_size=50000, branch_length_optimization_random_state=0, branch_length_optimization_solver_tolerance=1e-05, branch_length_optimization_target_metric=squared_standardized_euclidean, diffusion_method=adaptive_pydiffmap_diffusion, diffusion_time=3, edge_alpha=0.001, edge_branch_length_variance_policy=normalized_branch_length, epsilon=median, k_neighbors=10, metric=hamming, n_components=30, sibling_alpha=0.01, tree_linkage_method=average",600,150,4,ok,0.0,1,"bandwidth_type=-1/(d+2), benchmark_seed=8003, branch_length_optimization_apply_nonconverged=False, branch_length_optimization_max_iterations=1000, branch_length_optimization_method=fixed_topology_nnls, branch_length_optimization_pair_sample_size=50000, branch_length_optimization_random_state=0, branch_length_optimization_solver_tolerance=1e-05, branch_length_optimization_target_metric=squared_standardized_euclidean, diffusion_method=adaptive_pydiffmap_diffusion, diffusion_time=3, edge_alpha=0.001, edge_branch_length_variance_policy=normalized_branch_length, epsilon=median, k_neighbors=10, metric=hamming, n_components=30, sibling_alpha=0.01, tree_linkage_method=average",600,150,4,august_1,True,True,0.0
overlap_mod_4c_small,ok,0.8520629763241513,4,"bandwidth_type=-1/(d+2), benchmark_seed=8100, branch_length_optimization_apply_nonconverged=False, branch_length_optimization_max_iterations=1000, branch_length_optimization_method=fixed_topology_nnls, branch_length_optimization_pair_sample_size=50000, branch_length_optimization_random_state=0, branch_length_optimization_solver_tolerance=1e-05, branch_length_optimization_target_metric=squared_standardized_euclidean, diffusion_method=adaptive_pydiffmap_diffusion, diffusion_time=3, edge_alpha=0.001, edge_branch_length_variance_policy=normalized_branch_length, epsilon=median, k_neighbors=10, metric=hamming, n_components=30, sibling_alpha=0.01, tree_linkage_method=average",400,80,4,ok,0.8520629763241513,4,"bandwidth_type=-1/(d+2), benchmark_seed=8100, branch_length_optimization_apply_nonconverged=False, branch_length_optimization_max_iterations=1000, branch_length_optimization_method=fixed_topology_nnls, branch_length_optimization_pair_sample_size=50000, branch_length_optimization_random_state=0, branch_length_optimization_solver_tolerance=1e-05, branch_length_optimization_target_metric=squared_standardized_euclidean, diffusion_method=adaptive_pydiffmap_diffusion, diffusion_time=3, edge_alpha=0.001, edge_branch_length_variance_policy=normalized_branch_length, epsilon=median, k_neighbors=10, metric=hamming, n_components=30, sibling_alpha=0.01, tree_linkage_method=average",400,80,4,august_1,True,True,0.0
overlap_mod_6c_med,ok,0.9959865525047962,6,"bandwidth_type=-1/(d+2), benchmark_seed=8101, branch_length_optimization_apply_nonconverged=False, branch_length_optimization_max_iterations=1000, branch_length_optimization_method=fixed_topology_nnls, branch_length_optimization_pair_sample_size=50000, branch_length_optimization_random_state=0, branch_length_optimization_solver_tolerance=1e-05, branch_length_optimization_target_metric=squared_standardized_euclidean, diffusion_method=adaptive_pydiffmap_diffusion, diffusion_time=3, edge_alpha=0.001, edge_branch_length_variance_policy=normalized_branch_length, epsilon=median, k_neighbors=10, metric=hamming, n_components=30, sibling_alpha=0.01, tree_linkage_method=average",600,250,6,ok,0.9959865525047962,6,"bandwidth_type=-1/(d+2), benchmark_seed=8101, branch_length_optimization_apply_nonconverged=False, branch_length_optimization_max_iterations=1000, branch_length_optimization_method=fixed_topology_nnls, branch_length_optimization_pair_sample_size=50000, branch_length_optimization_random_state=0, branch_length_optimization_solver_tolerance=1e-05, branch_length_optimization_target_metric=squared_standardized_euclidean, diffusion_method=adaptive_pydiffmap_diffusion, diffusion_time=3, edge_alpha=0.001, edge_branch_length_variance_policy=normalized_branch_length, epsilon=median, k_neighbors=10, metric=hamming, n_components=30, sibling_alpha=0.01, tree_linkage_method=average",600,250,6,august_1,True,True,0.0
overlap_mod_8c_large,ok,1.0,8,"bandwidth_type=-1/(d+2), benchmark_seed=8102, branch_length_optimization_apply_nonconverged=False, branch_length_optimization_max_iterations=1000, branch_length_optimization_method=fixed_topology_nnls, branch_length_optimization_pair_sample_size=50000, branch_length_optimization_random_state=0, branch_length_optimization_solver_tolerance=1e-05, branch_length_optimization_target_metric=squared_standardized_euclidean, diffusion_method=adaptive_pydiffmap_diffusion, diffusion_time=3, edge_alpha=0.001, edge_branch_length_variance_policy=normalized_branch_length, epsilon=median, k_neighbors=10, metric=hamming, n_components=30, sibling_alpha=0.01, tree_linkage_method=average",800,400,8,ok,1.0,8,"bandwidth_type=-1/(d+2), benchmark_seed=8102, branch_length_optimization_apply_nonconverged=False, branch_length_optimization_max_iterations=1000, branch_length_optimization_method=fixed_topology_nnls, branch_length_optimization_pair_sample_size=50000, branch_length_optimization_random_state=0, branch_length_optimization_solver_tolerance=1e-05, branch_length_optimization_target_metric=squared_standardized_euclidean, diffusion_method=adaptive_pydiffmap_diffusion, diffusion_time=3, edge_alpha=0.001, edge_branch_length_variance_policy=normalized_branch_length, epsilon=median, k_neighbors=10, metric=hamming, n_components=30, sibling_alpha=0.01, tree_linkage_method=average",800,400,8,august_1,True,True,0.0
overlap_part_4c_small,ok,0.9866666397310956,4,"bandwidth_type=-1/(d+2), benchmark_seed=8200, branch_length_optimization_apply_nonconverged=False, branch_length_optimization_max_iterations=1000, branch_length_optimization_method=fixed_topology_nnls, branch_length_optimization_pair_sample_size=50000, branch_length_optimization_random_state=0, branch_length_optimization_solver_tolerance=1e-05, branch_length_optimization_target_metric=squared_standardized_euclidean, diffusion_method=adaptive_pydiffmap_diffusion, diffusion_time=3, edge_alpha=0.001, edge_branch_length_variance_policy=normalized_branch_length, epsilon=median, k_neighbors=10, metric=hamming, n_components=30, sibling_alpha=0.01, tree_linkage_method=average",400,60,4,ok,0.9866666397310956,4,"bandwidth_type=-1/(d+2), benchmark_seed=8200, branch_length_optimization_apply_nonconverged=False, branch_length_optimization_max_iterations=1000, branch_length_optimization_method=fixed_topology_nnls, branch_length_optimization_pair_sample_size=50000, branch_length_optimization_random_state=0, branch_length_optimization_solver_tolerance=1e-05, branch_length_optimization_target_metric=squared_standardized_euclidean, diffusion_method=adaptive_pydiffmap_diffusion, diffusion_time=3, edge_alpha=0.001, edge_branch_length_variance_policy=normalized_branch_length, epsilon=median, k_neighbors=10, metric=hamming, n_components=30, sibling_alpha=0.01, tree_linkage_method=average",400,60,4,august_1,True,True,0.0
overlap_part_6c_med,ok,1.0,6,"bandwidth_type=-1/(d+2), benchmark_seed=8201, branch_length_optimization_apply_nonconverged=False, branch_length_optimization_max_iterations=1000, branch_length_optimization_method=fixed_topology_nnls, branch_length_optimization_pair_sample_size=50000, branch_length_optimization_random_state=0, branch_length_optimization_solver_tolerance=1e-05, branch_length_optimization_target_metric=squared_standardized_euclidean, diffusion_method=adaptive_pydiffmap_diffusion, diffusion_time=3, edge_alpha=0.001, edge_branch_length_variance_policy=normalized_branch_length, epsilon=median, k_neighbors=10, metric=hamming, n_components=30, sibling_alpha=0.01, tree_linkage_method=average",600,200,6,ok,1.0,6,"bandwidth_type=-1/(d+2), benchmark_seed=8201, branch_length_optimization_apply_nonconverged=False, branch_length_optimization_max_iterations=1000, branch_length_optimization_method=fixed_topology_nnls, branch_length_optimization_pair_sample_size=50000, branch_length_optimization_random_state=0, branch_length_optimization_solver_tolerance=1e-05, branch_length_optimization_target_metric=squared_standardized_euclidean, diffusion_method=adaptive_pydiffmap_diffusion, diffusion_time=3, edge_alpha=0.001, edge_branch_length_variance_policy=normalized_branch_length, epsilon=median, k_neighbors=10, metric=hamming, n_components=30, sibling_alpha=0.01, tree_linkage_method=average",600,200,6,august_1,True,True,0.0
overlap_part_8c_large,ok,1.0,8,"bandwidth_type=-1/(d+2), benchmark_seed=8202, branch_length_optimization_apply_nonconverged=False, branch_length_optimization_max_iterations=1000, branch_length_optimization_method=fixed_topology_nnls, branch_length_optimization_pair_sample_size=50000, branch_length_optimization_random_state=0, branch_length_optimization_solver_tolerance=1e-05, branch_length_optimization_target_metric=squared_standardized_euclidean, diffusion_method=adaptive_pydiffmap_diffusion, diffusion_time=3, edge_alpha=0.001, edge_branch_length_variance_policy=normalized_branch_length, epsilon=median, k_neighbors=10, metric=hamming, n_components=30, sibling_alpha=0.01, tree_linkage_method=average",800,350,8,ok,1.0,8,"bandwidth_type=-1/(d+2), benchmark_seed=8202, branch_length_optimization_apply_nonconverged=False, branch_length_optimization_max_iterations=1000, branch_length_optimization_method=fixed_topology_nnls, branch_length_optimization_pair_sample_size=50000, branch_length_optimization_random_state=0, branch_length_optimization_solver_tolerance=1e-05, branch_length_optimization_target_metric=squared_standardized_euclidean, diffusion_method=adaptive_pydiffmap_diffusion, diffusion_time=3, edge_alpha=0.001, edge_branch_length_variance_policy=normalized_branch_length, epsilon=median, k_neighbors=10, metric=hamming, n_components=30, sibling_alpha=0.01, tree_linkage_method=average",800,350,8,august_1,True,True,0.0
overlap_hd_4c_1k,ok,1.0,4,"bandwidth_type=-1/(d+2), benchmark_seed=8300, branch_length_optimization_apply_nonconverged=False, branch_length_optimization_max_iterations=1000, branch_length_optimization_method=fixed_topology_nnls, branch_length_optimization_pair_sample_size=50000, branch_length_optimization_random_state=0, branch_length_optimization_solver_tolerance=1e-05, branch_length_optimization_target_metric=squared_standardized_euclidean, diffusion_method=adaptive_pydiffmap_diffusion, diffusion_time=3, edge_alpha=0.001, edge_branch_length_variance_policy=normalized_branch_length, epsilon=median, k_neighbors=10, metric=hamming, n_components=30, sibling_alpha=0.01, tree_linkage_method=average",500,1000,4,ok,1.0,4,"bandwidth_type=-1/(d+2), benchmark_seed=8300, branch_length_optimization_apply_nonconverged=False, branch_length_optimization_max_iterations=1000, branch_length_optimization_method=fixed_topology_nnls, branch_length_optimization_pair_sample_size=50000, branch_length_optimization_random_state=0, branch_length_optimization_solver_tolerance=1e-05, branch_length_optimization_target_metric=squared_standardized_euclidean, diffusion_method=adaptive_pydiffmap_diffusion, diffusion_time=3, edge_alpha=0.001, edge_branch_length_variance_policy=normalized_branch_length, epsilon=median, k_neighbors=10, metric=hamming, n_components=30, sibling_alpha=0.01, tree_linkage_method=average",500,1000,4,august_1,True,True,0.0
overlap_unbal_4c_small,ok,0.6024203432333544,4,"bandwidth_type=-1/(d+2), benchmark_seed=8400, branch_length_optimization_apply_nonconverged=False, branch_length_optimization_max_iterations=1000, branch_length_optimization_method=fixed_topology_nnls, branch_length_optimization_pair_sample_size=50000, branch_length_optimization_random_state=0, branch_length_optimization_solver_tolerance=1e-05, branch_length_optimization_target_metric=squared_standardized_euclidean, diffusion_method=adaptive_pydiffmap_diffusion, diffusion_time=3, edge_alpha=0.001, edge_branch_length_variance_policy=normalized_branch_length, epsilon=median, k_neighbors=10, metric=hamming, n_components=30, sibling_alpha=0.01, tree_linkage_method=average",400,100,4,ok,0.6024203432333544,4,"bandwidth_type=-1/(d+2), benchmark_seed=8400, branch_length_optimization_apply_nonconverged=False, branch_length_optimization_max_iterations=1000, branch_length_optimization_method=fixed_topology_nnls, branch_length_optimization_pair_sample_size=50000, branch_length_optimization_random_state=0, branch_length_optimization_solver_tolerance=1e-05, branch_length_optimization_target_metric=squared_standardized_euclidean, diffusion_method=adaptive_pydiffmap_diffusion, diffusion_time=3, edge_alpha=0.001, edge_branch_length_variance_policy=normalized_branch_length, epsilon=median, k_neighbors=10, metric=hamming, n_components=30, sibling_alpha=0.01, tree_linkage_method=average",400,100,4,august_1,True,True,0.0
overlap_unbal_6c_med,ok,1.0,6,"bandwidth_type=-1/(d+2), benchmark_seed=8401, branch_length_optimization_apply_nonconverged=False, branch_length_optimization_max_iterations=1000, branch_length_optimization_method=fixed_topology_nnls, branch_length_optimization_pair_sample_size=50000, branch_length_optimization_random_state=0, branch_length_optimization_solver_tolerance=1e-05, branch_length_optimization_target_metric=squared_standardized_euclidean, diffusion_method=adaptive_pydiffmap_diffusion, diffusion_time=3, edge_alpha=0.001, edge_branch_length_variance_policy=normalized_branch_length, epsilon=median, k_neighbors=10, metric=hamming, n_components=30, sibling_alpha=0.01, tree_linkage_method=average",600,300,6,ok,1.0,6,"bandwidth_type=-1/(d+2), benchmark_seed=8401, branch_length_optimization_apply_nonconverged=False, branch_length_optimization_max_iterations=1000, branch_length_optimization_method=fixed_topology_nnls, branch_length_optimization_pair_sample_size=50000, branch_length_optimization_random_state=0, branch_length_optimization_solver_tolerance=1e-05, branch_length_optimization_target_metric=squared_standardized_euclidean, diffusion_method=adaptive_pydiffmap_diffusion, diffusion_time=3, edge_alpha=0.001, edge_branch_length_variance_policy=normalized_branch_length, epsilon=median, k_neighbors=10, metric=hamming, n_components=30, sibling_alpha=0.01, tree_linkage_method=average",600,300,6,august_1,True,True,0.0
overlap_unbal_8c_large,ok,0.9947784716132548,8,"bandwidth_type=-1/(d+2), benchmark_seed=8402, branch_length_optimization_apply_nonconverged=False, branch_length_optimization_max_iterations=1000, branch_length_optimization_method=fixed_topology_nnls, branch_length_optimization_pair_sample_size=50000, branch_length_optimization_random_state=0, branch_length_optimization_solver_tolerance=1e-05, branch_length_optimization_target_metric=squared_standardized_euclidean, diffusion_method=adaptive_pydiffmap_diffusion, diffusion_time=3, edge_alpha=0.001, edge_branch_length_variance_policy=normalized_branch_length, epsilon=median, k_neighbors=10, metric=hamming, n_components=30, sibling_alpha=0.01, tree_linkage_method=average",800,500,8,ok,0.9947784716132548,8,"bandwidth_type=-1/(d+2), benchmark_seed=8402, branch_length_optimization_apply_nonconverged=False, branch_length_optimization_max_iterations=1000, branch_length_optimization_method=fixed_topology_nnls, branch_length_optimization_pair_sample_size=50000, branch_length_optimization_random_state=0, branch_length_optimization_solver_tolerance=1e-05, branch_length_optimization_target_metric=squared_standardized_euclidean, diffusion_method=adaptive_pydiffmap_diffusion, diffusion_time=3, edge_alpha=0.001, edge_branch_length_variance_policy=normalized_branch_length, epsilon=median, k_neighbors=10, metric=hamming, n_components=30, sibling_alpha=0.01, tree_linkage_method=average",800,500,8,august_1,True,True,0.0
gauss_overlap_3c_small,ok,0.6743691150605863,6,"bandwidth_type=-1/(d+2), benchmark_seed=9000, branch_length_optimization_apply_nonconverged=False, branch_length_optimization_max_iterations=1000, branch_length_optimization_method=fixed_topology_nnls, branch_length_optimization_pair_sample_size=50000, branch_length_optimization_random_state=0, branch_length_optimization_solver_tolerance=1e-05, branch_length_optimization_target_metric=squared_standardized_euclidean, diffusion_method=adaptive_pydiffmap_diffusion, diffusion_time=3, edge_alpha=0.001, edge_branch_length_variance_policy=normalized_branch_length, epsilon=median, k_neighbors=10, metric=hamming, n_components=30, sibling_alpha=0.01, tree_linkage_method=average",300,30,3,ok,0.6743691150605863,6,"bandwidth_type=-1/(d+2), benchmark_seed=9000, branch_length_optimization_apply_nonconverged=False, branch_length_optimization_max_iterations=1000, branch_length_optimization_method=fixed_topology_nnls, branch_length_optimization_pair_sample_size=50000, branch_length_optimization_random_state=0, branch_length_optimization_solver_tolerance=1e-05, branch_length_optimization_target_metric=squared_standardized_euclidean, diffusion_method=adaptive_pydiffmap_diffusion, diffusion_time=3, edge_alpha=0.001, edge_branch_length_variance_policy=normalized_branch_length, epsilon=median, k_neighbors=10, metric=hamming, n_components=30, sibling_alpha=0.01, tree_linkage_method=average",300,30,3,august_1,True,True,0.0
gauss_overlap_4c_med,ok,1.0,4,"bandwidth_type=-1/(d+2), benchmark_seed=9001, branch_length_optimization_apply_nonconverged=False, branch_length_optimization_max_iterations=1000, branch_length_optimization_method=fixed_topology_nnls, branch_length_optimization_pair_sample_size=50000, branch_length_optimization_random_state=0, branch_length_optimization_solver_tolerance=1e-05, branch_length_optimization_target_metric=squared_standardized_euclidean, diffusion_method=adaptive_pydiffmap_diffusion, diffusion_time=3, edge_alpha=0.001, edge_branch_length_variance_policy=normalized_branch_length, epsilon=median, k_neighbors=10, metric=hamming, n_components=30, sibling_alpha=0.01, tree_linkage_method=average",400,80,4,ok,1.0,4,"bandwidth_type=-1/(d+2), benchmark_seed=9001, branch_length_optimization_apply_nonconverged=False, branch_length_optimization_max_iterations=1000, branch_length_optimization_method=fixed_topology_nnls, branch_length_optimization_pair_sample_size=50000, branch_length_optimization_random_state=0, branch_length_optimization_solver_tolerance=1e-05, branch_length_optimization_target_metric=squared_standardized_euclidean, diffusion_method=adaptive_pydiffmap_diffusion, diffusion_time=3, edge_alpha=0.001, edge_branch_length_variance_policy=normalized_branch_length, epsilon=median, k_neighbors=10, metric=hamming, n_components=30, sibling_alpha=0.01, tree_linkage_method=average",400,80,4,august_1,True,True,0.0
gauss_overlap_6c_large,ok,1.0,6,"bandwidth_type=-1/(d+2), benchmark_seed=9002, branch_length_optimization_apply_nonconverged=False, branch_length_optimization_max_iterations=1000, branch_length_optimization_method=fixed_topology_nnls, branch_length_optimization_pair_sample_size=50000, branch_length_optimization_random_state=0, branch_length_optimization_solver_tolerance=1e-05, branch_length_optimization_target_metric=squared_standardized_euclidean, diffusion_method=adaptive_pydiffmap_diffusion, diffusion_time=3, edge_alpha=0.001, edge_branch_length_variance_policy=normalized_branch_length, epsilon=median, k_neighbors=10, metric=hamming, n_components=30, sibling_alpha=0.01, tree_linkage_method=average",600,150,6,ok,1.0,6,"bandwidth_type=-1/(d+2), benchmark_seed=9002, branch_length_optimization_apply_nonconverged=False, branch_length_optimization_max_iterations=1000, branch_length_optimization_method=fixed_topology_nnls, branch_length_optimization_pair_sample_size=50000, branch_length_optimization_random_state=0, branch_length_optimization_solver_tolerance=1e-05, branch_length_optimization_target_metric=squared_standardized_euclidean, diffusion_method=adaptive_pydiffmap_diffusion, diffusion_time=3, edge_alpha=0.001, edge_branch_length_variance_policy=normalized_branch_length, epsilon=median, k_neighbors=10, metric=hamming, n_components=30, sibling_alpha=0.01, tree_linkage_method=average",600,150,6,august_1,True,True,0.0
gauss_overlap_8c_highd,ok,0.9343004944078712,14,"bandwidth_type=-1/(d+2), benchmark_seed=9003, branch_length_optimization_apply_nonconverged=False, branch_length_optimization_max_iterations=1000, branch_length_optimization_method=fixed_topology_nnls, branch_length_optimization_pair_sample_size=50000, branch_length_optimization_random_state=0, branch_length_optimization_solver_tolerance=1e-05, branch_length_optimization_target_metric=squared_standardized_euclidean, diffusion_method=adaptive_pydiffmap_diffusion, diffusion_time=3, edge_alpha=0.001, edge_branch_length_variance_policy=normalized_branch_length, epsilon=median, k_neighbors=10, metric=hamming, n_components=30, sibling_alpha=0.01, tree_linkage_method=average",800,300,8,ok,0.9343004944078712,14,"bandwidth_type=-1/(d+2), benchmark_seed=9003, branch_length_optimization_apply_nonconverged=False, branch_length_optimization_max_iterations=1000, branch_length_optimization_method=fixed_topology_nnls, branch_length_optimization_pair_sample_size=50000, branch_length_optimization_random_state=0, branch_length_optimization_solver_tolerance=1e-05, branch_length_optimization_target_metric=squared_standardized_euclidean, diffusion_method=adaptive_pydiffmap_diffusion, diffusion_time=3, edge_alpha=0.001, edge_branch_length_variance_policy=normalized_branch_length, epsilon=median, k_neighbors=10, metric=hamming, n_components=30, sibling_alpha=0.01, tree_linkage_method=average",800,300,8,august_1,True,True,0.0
gauss_overlap_extreme_4c,ok,1.0,4,"bandwidth_type=-1/(d+2), benchmark_seed=9100, branch_length_optimization_apply_nonconverged=False, branch_length_optimization_max_iterations=1000, branch_length_optimization_method=fixed_topology_nnls, branch_length_optimization_pair_sample_size=50000, branch_length_optimization_random_state=0, branch_length_optimization_solver_tolerance=1e-05, branch_length_optimization_target_metric=squared_standardized_euclidean, diffusion_method=adaptive_pydiffmap_diffusion, diffusion_time=3, edge_alpha=0.001, edge_branch_length_variance_policy=normalized_branch_length, epsilon=median, k_neighbors=10, metric=hamming, n_components=30, sibling_alpha=0.01, tree_linkage_method=average",500,100,4,ok,1.0,4,"bandwidth_type=-1/(d+2), benchmark_seed=9100, branch_length_optimization_apply_nonconverged=False, branch_length_optimization_max_iterations=1000, branch_length_optimization_method=fixed_topology_nnls, branch_length_optimization_pair_sample_size=50000, branch_length_optimization_random_state=0, branch_length_optimization_solver_tolerance=1e-05, branch_length_optimization_target_metric=squared_standardized_euclidean, diffusion_method=adaptive_pydiffmap_diffusion, diffusion_time=3, edge_alpha=0.001, edge_branch_length_variance_policy=normalized_branch_length, epsilon=median, k_neighbors=10, metric=hamming, n_components=30, sibling_alpha=0.01, tree_linkage_method=average",500,100,4,august_1,True,True,0.0
gauss_overlap_extreme_6c,ok,1.0,6,"bandwidth_type=-1/(d+2), benchmark_seed=9101, branch_length_optimization_apply_nonconverged=False, branch_length_optimization_max_iterations=1000, branch_length_optimization_method=fixed_topology_nnls, branch_length_optimization_pair_sample_size=50000, branch_length_optimization_random_state=0, branch_length_optimization_solver_tolerance=1e-05, branch_length_optimization_target_metric=squared_standardized_euclidean, diffusion_method=adaptive_pydiffmap_diffusion, diffusion_time=3, edge_alpha=0.001, edge_branch_length_variance_policy=normalized_branch_length, epsilon=median, k_neighbors=10, metric=hamming, n_components=30, sibling_alpha=0.01, tree_linkage_method=average",600,200,6,ok,1.0,6,"bandwidth_type=-1/(d+2), benchmark_seed=9101, branch_length_optimization_apply_nonconverged=False, branch_length_optimization_max_iterations=1000, branch_length_optimization_method=fixed_topology_nnls, branch_length_optimization_pair_sample_size=50000, branch_length_optimization_random_state=0, branch_length_optimization_solver_tolerance=1e-05, branch_length_optimization_target_metric=squared_standardized_euclidean, diffusion_method=adaptive_pydiffmap_diffusion, diffusion_time=3, edge_alpha=0.001, edge_branch_length_variance_policy=normalized_branch_length, epsilon=median, k_neighbors=10, metric=hamming, n_components=30, sibling_alpha=0.01, tree_linkage_method=average",600,200,6,august_1,True,True,0.0
gauss_overlap_many_10c,ok,0.9977985452346538,11,"bandwidth_type=-1/(d+2), benchmark_seed=9102, branch_length_optimization_apply_nonconverged=False, branch_length_optimization_max_iterations=1000, branch_length_optimization_method=fixed_topology_nnls, branch_length_optimization_pair_sample_size=50000, branch_length_optimization_random_state=0, branch_length_optimization_solver_tolerance=1e-05, branch_length_optimization_target_metric=squared_standardized_euclidean, diffusion_method=adaptive_pydiffmap_diffusion, diffusion_time=3, edge_alpha=0.001, edge_branch_length_variance_policy=normalized_branch_length, epsilon=median, k_neighbors=10, metric=hamming, n_components=30, sibling_alpha=0.01, tree_linkage_method=average",1000,150,10,ok,0.9977985452346538,11,"bandwidth_type=-1/(d+2), benchmark_seed=9102, branch_length_optimization_apply_nonconverged=False, branch_length_optimization_max_iterations=1000, branch_length_optimization_method=fixed_topology_nnls, branch_length_optimization_pair_sample_size=50000, branch_length_optimization_random_state=0, branch_length_optimization_solver_tolerance=1e-05, branch_length_optimization_target_metric=squared_standardized_euclidean, diffusion_method=adaptive_pydiffmap_diffusion, diffusion_time=3, edge_alpha=0.001, edge_branch_length_variance_policy=normalized_branch_length, epsilon=median, k_neighbors=10, metric=hamming, n_components=30, sibling_alpha=0.01, tree_linkage_method=average",1000,150,10,august_1,True,True,0.0
gauss_overlap_dense_8c,ok,1.0,8,"bandwidth_type=-1/(d+2), benchmark_seed=9103, branch_length_optimization_apply_nonconverged=False, branch_length_optimization_max_iterations=1000, branch_length_optimization_method=fixed_topology_nnls, branch_length_optimization_pair_sample_size=50000, branch_length_optimization_random_state=0, branch_length_optimization_solver_tolerance=1e-05, branch_length_optimization_target_metric=squared_standardized_euclidean, diffusion_method=adaptive_pydiffmap_diffusion, diffusion_time=3, edge_alpha=0.001, edge_branch_length_variance_policy=normalized_branch_length, epsilon=median, k_neighbors=10, metric=hamming, n_components=30, sibling_alpha=0.01, tree_linkage_method=average",800,50,8,ok,1.0,8,"bandwidth_type=-1/(d+2), benchmark_seed=9103, branch_length_optimization_apply_nonconverged=False, branch_length_optimization_max_iterations=1000, branch_length_optimization_method=fixed_topology_nnls, branch_length_optimization_pair_sample_size=50000, branch_length_optimization_random_state=0, branch_length_optimization_solver_tolerance=1e-05, branch_length_optimization_target_metric=squared_standardized_euclidean, diffusion_method=adaptive_pydiffmap_diffusion, diffusion_time=3, edge_alpha=0.001, edge_branch_length_variance_policy=normalized_branch_length, epsilon=median, k_neighbors=10, metric=hamming, n_components=30, sibling_alpha=0.01, tree_linkage_method=average",800,50,8,august_1,True,True,0.0
gauss_overlap_3c_small_q3,ok,1.0,3,"bandwidth_type=-1/(d+2), benchmark_seed=9000, branch_length_optimization_apply_nonconverged=False, branch_length_optimization_max_iterations=1000, branch_length_optimization_method=fixed_topology_nnls, branch_length_optimization_pair_sample_size=50000, branch_length_optimization_random_state=0, branch_length_optimization_solver_tolerance=1e-05, branch_length_optimization_target_metric=squared_standardized_euclidean, diffusion_method=adaptive_pydiffmap_diffusion, diffusion_time=3, edge_alpha=0.001, edge_branch_length_variance_policy=normalized_branch_length, epsilon=median, k_neighbors=10, metric=hamming, n_components=30, sibling_alpha=0.01, tree_linkage_method=average",300,90,3,ok,1.0,3,"bandwidth_type=-1/(d+2), benchmark_seed=9000, branch_length_optimization_apply_nonconverged=False, branch_length_optimization_max_iterations=1000, branch_length_optimization_method=fixed_topology_nnls, branch_length_optimization_pair_sample_size=50000, branch_length_optimization_random_state=0, branch_length_optimization_solver_tolerance=1e-05, branch_length_optimization_target_metric=squared_standardized_euclidean, diffusion_method=adaptive_pydiffmap_diffusion, diffusion_time=3, edge_alpha=0.001, edge_branch_length_variance_policy=normalized_branch_length, epsilon=median, k_neighbors=10, metric=hamming, n_components=30, sibling_alpha=0.01, tree_linkage_method=average",300,90,3,august_1,True,True,0.0
gauss_overlap_3c_small_q4,ok,1.0,3,"bandwidth_type=-1/(d+2), benchmark_seed=9000, branch_length_optimization_apply_nonconverged=False, branch_length_optimization_max_iterations=1000, branch_length_optimization_method=fixed_topology_nnls, branch_length_optimization_pair_sample_size=50000, branch_length_optimization_random_state=0, branch_length_optimization_solver_tolerance=1e-05, branch_length_optimization_target_metric=squared_standardized_euclidean, diffusion_method=adaptive_pydiffmap_diffusion, diffusion_time=3, edge_alpha=0.001, edge_branch_length_variance_policy=normalized_branch_length, epsilon=median, k_neighbors=10, metric=hamming, n_components=30, sibling_alpha=0.01, tree_linkage_method=average",300,120,3,ok,1.0,3,"bandwidth_type=-1/(d+2), benchmark_seed=9000, branch_length_optimization_apply_nonconverged=False, branch_length_optimization_max_iterations=1000, branch_length_optimization_method=fixed_topology_nnls, branch_length_optimization_pair_sample_size=50000, branch_length_optimization_random_state=0, branch_length_optimization_solver_tolerance=1e-05, branch_length_optimization_target_metric=squared_standardized_euclidean, diffusion_method=adaptive_pydiffmap_diffusion, diffusion_time=3, edge_alpha=0.001, edge_branch_length_variance_policy=normalized_branch_length, epsilon=median, k_neighbors=10, metric=hamming, n_components=30, sibling_alpha=0.01, tree_linkage_method=average",300,120,3,august_1,True,True,0.0
gauss_overlap_3c_small_q5,ok,1.0,3,"bandwidth_type=-1/(d+2), benchmark_seed=9000, branch_length_optimization_apply_nonconverged=False, branch_length_optimization_max_iterations=1000, branch_length_optimization_method=fixed_topology_nnls, branch_length_optimization_pair_sample_size=50000, branch_length_optimization_random_state=0, branch_length_optimization_solver_tolerance=1e-05, branch_length_optimization_target_metric=squared_standardized_euclidean, diffusion_method=adaptive_pydiffmap_diffusion, diffusion_time=3, edge_alpha=0.001, edge_branch_length_variance_policy=normalized_branch_length, epsilon=median, k_neighbors=10, metric=hamming, n_components=30, sibling_alpha=0.01, tree_linkage_method=average",300,150,3,ok,1.0,3,"bandwidth_type=-1/(d+2), benchmark_seed=9000, branch_length_optimization_apply_nonconverged=False, branch_length_optimization_max_iterations=1000, branch_length_optimization_method=fixed_topology_nnls, branch_length_optimization_pair_sample_size=50000, branch_length_optimization_random_state=0, branch_length_optimization_solver_tolerance=1e-05, branch_length_optimization_target_metric=squared_standardized_euclidean, diffusion_method=adaptive_pydiffmap_diffusion, diffusion_time=3, edge_alpha=0.001, edge_branch_length_variance_policy=normalized_branch_length, epsilon=median, k_neighbors=10, metric=hamming, n_components=30, sibling_alpha=0.01, tree_linkage_method=average",300,150,3,august_1,True,True,0.0
bar_binary_balanced_4c,ok,0.0,1,"bandwidth_type=-1/(d+2), benchmark_seed=21000, branch_length_optimization_apply_nonconverged=False, branch_length_optimization_max_iterations=1000, branch_length_optimization_method=fixed_topology_nnls, branch_length_optimization_pair_sample_size=50000, branch_length_optimization_random_state=0, branch_length_optimization_solver_tolerance=1e-05, branch_length_optimization_target_metric=squared_standardized_euclidean, diffusion_method=adaptive_pydiffmap_diffusion, diffusion_time=3, edge_alpha=0.001, edge_branch_length_variance_policy=normalized_branch_length, epsilon=median, k_neighbors=10, metric=hamming, n_components=30, sibling_alpha=0.01, tree_linkage_method=average",160,200,4,ok,0.0,1,"bandwidth_type=-1/(d+2), benchmark_seed=21000, branch_length_optimization_apply_nonconverged=False, branch_length_optimization_max_iterations=1000, branch_length_optimization_method=fixed_topology_nnls, branch_length_optimization_pair_sample_size=50000, branch_length_optimization_random_state=0, branch_length_optimization_solver_tolerance=1e-05, branch_length_optimization_target_metric=squared_standardized_euclidean, diffusion_method=adaptive_pydiffmap_diffusion, diffusion_time=3, edge_alpha=0.001, edge_branch_length_variance_policy=normalized_branch_length, epsilon=median, k_neighbors=10, metric=hamming, n_components=30, sibling_alpha=0.01, tree_linkage_method=average",160,200,4,august_1,True,True,0.0
bar_binary_unbalanced_95_5,ok,0.0,1,"bandwidth_type=-1/(d+2), benchmark_seed=21001, branch_length_optimization_apply_nonconverged=False, branch_length_optimization_max_iterations=1000, branch_length_optimization_method=fixed_topology_nnls, branch_length_optimization_pair_sample_size=50000, branch_length_optimization_random_state=0, branch_length_optimization_solver_tolerance=1e-05, branch_length_optimization_target_metric=squared_standardized_euclidean, diffusion_method=adaptive_pydiffmap_diffusion, diffusion_time=3, edge_alpha=0.001, edge_branch_length_variance_policy=normalized_branch_length, epsilon=median, k_neighbors=10, metric=hamming, n_components=30, sibling_alpha=0.01, tree_linkage_method=average",200,200,4,unsupported,,0,"bandwidth_type=-1/(d+2), benchmark_seed=21001, branch_length_optimization_apply_nonconverged=False, branch_length_optimization_max_iterations=1000, branch_length_optimization_method=fixed_topology_nnls, branch_length_optimization_pair_sample_size=50000, branch_length_optimization_random_state=0, branch_length_optimization_solver_tolerance=1e-05, branch_length_optimization_target_metric=squared_standardized_euclidean, diffusion_method=adaptive_pydiffmap_diffusion, diffusion_time=3, edge_alpha=0.001, edge_branch_length_variance_policy=normalized_branch_length, epsilon=median, k_neighbors=10, metric=hamming, n_components=30, sibling_alpha=0.01, tree_linkage_method=average",200,200,4,august_1,True,True,
mp_spike_below_bbp_continuous,skip,,0,"bandwidth_type=-1/(d+2), benchmark_seed=21100, branch_length_optimization_apply_nonconverged=False, branch_length_optimization_max_iterations=1000, branch_length_optimization_method=fixed_topology_nnls, branch_length_optimization_pair_sample_size=50000, branch_length_optimization_random_state=0, branch_length_optimization_solver_tolerance=1e-05, branch_length_optimization_target_metric=squared_standardized_euclidean, diffusion_method=adaptive_pydiffmap_diffusion, diffusion_time=3, edge_alpha=0.001, edge_branch_length_variance_policy=normalized_branch_length, epsilon=median, k_neighbors=10, metric=hamming, n_components=30, sibling_alpha=0.01, tree_linkage_method=average",120,300,1,skip,,0,"bandwidth_type=-1/(d+2), benchmark_seed=21100, branch_length_optimization_apply_nonconverged=False, branch_length_optimization_max_iterations=1000, branch_length_optimization_method=fixed_topology_nnls, branch_length_optimization_pair_sample_size=50000, branch_length_optimization_random_state=0, branch_length_optimization_solver_tolerance=1e-05, branch_length_optimization_target_metric=squared_standardized_euclidean, diffusion_method=adaptive_pydiffmap_diffusion, diffusion_time=3, edge_alpha=0.001, edge_branch_length_variance_policy=normalized_branch_length, epsilon=median, k_neighbors=10, metric=hamming, n_components=30, sibling_alpha=0.01, tree_linkage_method=average",120,300,1,august_1,True,True,
mp_spike_above_bbp_continuous,skip,,0,"bandwidth_type=-1/(d+2), benchmark_seed=21101, branch_length_optimization_apply_nonconverged=False, branch_length_optimization_max_iterations=1000, branch_length_optimization_method=fixed_topology_nnls, branch_length_optimization_pair_sample_size=50000, branch_length_optimization_random_state=0, branch_length_optimization_solver_tolerance=1e-05, branch_length_optimization_target_metric=squared_standardized_euclidean, diffusion_method=adaptive_pydiffmap_diffusion, diffusion_time=3, edge_alpha=0.001, edge_branch_length_variance_policy=normalized_branch_length, epsilon=median, k_neighbors=10, metric=hamming, n_components=30, sibling_alpha=0.01, tree_linkage_method=average",120,300,2,skip,,0,"bandwidth_type=-1/(d+2), benchmark_seed=21101, branch_length_optimization_apply_nonconverged=False, branch_length_optimization_max_iterations=1000, branch_length_optimization_method=fixed_topology_nnls, branch_length_optimization_pair_sample_size=50000, branch_length_optimization_random_state=0, branch_length_optimization_solver_tolerance=1e-05, branch_length_optimization_target_metric=squared_standardized_euclidean, diffusion_method=adaptive_pydiffmap_diffusion, diffusion_time=3, edge_alpha=0.001, edge_branch_length_variance_policy=normalized_branch_length, epsilon=median, k_neighbors=10, metric=hamming, n_components=30, sibling_alpha=0.01, tree_linkage_method=average",120,300,2,august_1,True,True,
cat_simplex_face_rare_20cat,ok,0.0,1,"bandwidth_type=-1/(d+2), benchmark_seed=21200, branch_length_optimization_apply_nonconverged=False, branch_length_optimization_max_iterations=1000, branch_length_optimization_method=fixed_topology_nnls, branch_length_optimization_pair_sample_size=50000, branch_length_optimization_random_state=0, branch_length_optimization_solver_tolerance=1e-05, branch_length_optimization_target_metric=squared_standardized_euclidean, diffusion_method=adaptive_pydiffmap_diffusion, diffusion_time=3, edge_alpha=0.001, edge_branch_length_variance_policy=normalized_branch_length, epsilon=median, k_neighbors=10, metric=hamming, n_components=30, sibling_alpha=0.01, tree_linkage_method=average",240,1200,4,ok,0.0,1,"bandwidth_type=-1/(d+2), benchmark_seed=21200, branch_length_optimization_apply_nonconverged=False, branch_length_optimization_max_iterations=1000, branch_length_optimization_method=fixed_topology_nnls, branch_length_optimization_pair_sample_size=50000, branch_length_optimization_random_state=0, branch_length_optimization_solver_tolerance=1e-05, branch_length_optimization_target_metric=squared_standardized_euclidean, diffusion_method=adaptive_pydiffmap_diffusion, diffusion_time=3, edge_alpha=0.001, edge_branch_length_variance_policy=normalized_branch_length, epsilon=median, k_neighbors=10, metric=hamming, n_components=30, sibling_alpha=0.01, tree_linkage_method=average",240,1200,4,august_1,True,True,0.0
cat_dirichlet_overdispersed_20cat,ok,0.2142388457105737,4,"bandwidth_type=-1/(d+2), benchmark_seed=21201, branch_length_optimization_apply_nonconverged=False, branch_length_optimization_max_iterations=1000, branch_length_optimization_method=fixed_topology_nnls, branch_length_optimization_pair_sample_size=50000, branch_length_optimization_random_state=0, branch_length_optimization_solver_tolerance=1e-05, branch_length_optimization_target_metric=squared_standardized_euclidean, diffusion_method=adaptive_pydiffmap_diffusion, diffusion_time=3, edge_alpha=0.001, edge_branch_length_variance_policy=normalized_branch_length, epsilon=median, k_neighbors=10, metric=hamming, n_components=30, sibling_alpha=0.01, tree_linkage_method=average",240,1200,4,ok,0.2142388457105737,4,"bandwidth_type=-1/(d+2), benchmark_seed=21201, branch_length_optimization_apply_nonconverged=False, branch_length_optimization_max_iterations=1000, branch_length_optimization_method=fixed_topology_nnls, branch_length_optimization_pair_sample_size=50000, branch_length_optimization_random_state=0, branch_length_optimization_solver_tolerance=1e-05, branch_length_optimization_target_metric=squared_standardized_euclidean, diffusion_method=adaptive_pydiffmap_diffusion, diffusion_time=3, edge_alpha=0.001, edge_branch_length_variance_policy=normalized_branch_length, epsilon=median, k_neighbors=10, metric=hamming, n_components=30, sibling_alpha=0.01, tree_linkage_method=average",240,1200,4,august_1,True,True,0.0
cont_lowrank_pggn_shrinkage,skip,,0,"bandwidth_type=-1/(d+2), benchmark_seed=21300, branch_length_optimization_apply_nonconverged=False, branch_length_optimization_max_iterations=1000, branch_length_optimization_method=fixed_topology_nnls, branch_length_optimization_pair_sample_size=50000, branch_length_optimization_random_state=0, branch_length_optimization_solver_tolerance=1e-05, branch_length_optimization_target_metric=squared_standardized_euclidean, diffusion_method=adaptive_pydiffmap_diffusion, diffusion_time=3, edge_alpha=0.001, edge_branch_length_variance_policy=normalized_branch_length, epsilon=median, k_neighbors=10, metric=hamming, n_components=30, sibling_alpha=0.01, tree_linkage_method=average",80,2000,4,skip,,0,"bandwidth_type=-1/(d+2), benchmark_seed=21300, branch_length_optimization_apply_nonconverged=False, branch_length_optimization_max_iterations=1000, branch_length_optimization_method=fixed_topology_nnls, branch_length_optimization_pair_sample_size=50000, branch_length_optimization_random_state=0, branch_length_optimization_solver_tolerance=1e-05, branch_length_optimization_target_metric=squared_standardized_euclidean, diffusion_method=adaptive_pydiffmap_diffusion, diffusion_time=3, edge_alpha=0.001, edge_branch_length_variance_policy=normalized_branch_length, epsilon=median, k_neighbors=10, metric=hamming, n_components=30, sibling_alpha=0.01, tree_linkage_method=average",80,2000,4,august_1,True,True,
support_selected_only_fail_closed,ok,1.0,4,"bandwidth_type=-1/(d+2), benchmark_seed=21400, branch_length_optimization_apply_nonconverged=False, branch_length_optimization_max_iterations=1000, branch_length_optimization_method=fixed_topology_nnls, branch_length_optimization_pair_sample_size=50000, branch_length_optimization_random_state=0, branch_length_optimization_solver_tolerance=1e-05, branch_length_optimization_target_metric=squared_standardized_euclidean, diffusion_method=adaptive_pydiffmap_diffusion, diffusion_time=3, edge_alpha=0.001, edge_branch_length_variance_policy=normalized_branch_length, epsilon=median, k_neighbors=10, metric=hamming, n_components=30, sibling_alpha=0.01, tree_linkage_method=average",160,500,4,ok,1.0,4,"bandwidth_type=-1/(d+2), benchmark_seed=21400, branch_length_optimization_apply_nonconverged=False, branch_length_optimization_max_iterations=1000, branch_length_optimization_method=fixed_topology_nnls, branch_length_optimization_pair_sample_size=50000, branch_length_optimization_random_state=0, branch_length_optimization_solver_tolerance=1e-05, branch_length_optimization_target_metric=squared_standardized_euclidean, diffusion_method=adaptive_pydiffmap_diffusion, diffusion_time=3, edge_alpha=0.001, edge_branch_length_variance_policy=normalized_branch_length, epsilon=median, k_neighbors=10, metric=hamming, n_components=30, sibling_alpha=0.01, tree_linkage_method=average",160,500,4,august_1,True,True,0.0
phylo_brownian_null_16taxa,skip,,0,"bandwidth_type=-1/(d+2), benchmark_seed=21500, branch_length_optimization_apply_nonconverged=False, branch_length_optimization_max_iterations=1000, branch_length_optimization_method=fixed_topology_nnls, branch_length_optimization_pair_sample_size=50000, branch_length_optimization_random_state=0, branch_length_optimization_solver_tolerance=1e-05, branch_length_optimization_target_metric=squared_standardized_euclidean, diffusion_method=adaptive_pydiffmap_diffusion, diffusion_time=3, edge_alpha=0.001, edge_branch_length_variance_policy=normalized_branch_length, epsilon=median, k_neighbors=10, metric=hamming, n_components=30, sibling_alpha=0.01, tree_linkage_method=average",160,100,16,skip,,0,"bandwidth_type=-1/(d+2), benchmark_seed=21500, branch_length_optimization_apply_nonconverged=False, branch_length_optimization_max_iterations=1000, branch_length_optimization_method=fixed_topology_nnls, branch_length_optimization_pair_sample_size=50000, branch_length_optimization_random_state=0, branch_length_optimization_solver_tolerance=1e-05, branch_length_optimization_target_metric=squared_standardized_euclidean, diffusion_method=adaptive_pydiffmap_diffusion, diffusion_time=3, edge_alpha=0.001, edge_branch_length_variance_policy=normalized_branch_length, epsilon=median, k_neighbors=10, metric=hamming, n_components=30, sibling_alpha=0.01, tree_linkage_method=average",160,100,16,august_1,True,True,
traversal_deep_signal_under_same_parent,ok,0.0,1,"bandwidth_type=-1/(d+2), benchmark_seed=21600, branch_length_optimization_apply_nonconverged=False, branch_length_optimization_max_iterations=1000, branch_length_optimization_method=fixed_topology_nnls, branch_length_optimization_pair_sample_size=50000, branch_length_optimization_random_state=0, branch_length_optimization_solver_tolerance=1e-05, branch_length_optimization_target_metric=squared_standardized_euclidean, diffusion_method=adaptive_pydiffmap_diffusion, diffusion_time=3, edge_alpha=0.001, edge_branch_length_variance_policy=normalized_branch_length, epsilon=median, k_neighbors=10, metric=hamming, n_components=30, sibling_alpha=0.01, tree_linkage_method=average",240,300,6,ok,0.0,1,"bandwidth_type=-1/(d+2), benchmark_seed=21600, branch_length_optimization_apply_nonconverged=False, branch_length_optimization_max_iterations=1000, branch_length_optimization_method=fixed_topology_nnls, branch_length_optimization_pair_sample_size=50000, branch_length_optimization_random_state=0, branch_length_optimization_solver_tolerance=1e-05, branch_length_optimization_target_metric=squared_standardized_euclidean, diffusion_method=adaptive_pydiffmap_diffusion, diffusion_time=3, edge_alpha=0.001, edge_branch_length_variance_policy=normalized_branch_length, epsilon=median, k_neighbors=10, metric=hamming, n_components=30, sibling_alpha=0.01, tree_linkage_method=average",240,300,6,august_1,True,True,0.0
traversal_deep_branch_recovery_stress,ok,1.0,6,"bandwidth_type=-1/(d+2), benchmark_seed=21601, branch_length_optimization_apply_nonconverged=False, branch_length_optimization_max_iterations=1000, branch_length_optimization_method=fixed_topology_nnls, branch_length_optimization_pair_sample_size=50000, branch_length_optimization_random_state=0, branch_length_optimization_solver_tolerance=1e-05, branch_length_optimization_target_metric=squared_standardized_euclidean, diffusion_method=adaptive_pydiffmap_diffusion, diffusion_time=3, edge_alpha=0.001, edge_branch_length_variance_policy=normalized_branch_length, epsilon=median, k_neighbors=10, metric=hamming, n_components=30, sibling_alpha=0.01, tree_linkage_method=average",240,480,6,ok,1.0,6,"bandwidth_type=-1/(d+2), benchmark_seed=21601, branch_length_optimization_apply_nonconverged=False, branch_length_optimization_max_iterations=1000, branch_length_optimization_method=fixed_topology_nnls, branch_length_optimization_pair_sample_size=50000, branch_length_optimization_random_state=0, branch_length_optimization_solver_tolerance=1e-05, branch_length_optimization_target_metric=squared_standardized_euclidean, diffusion_method=adaptive_pydiffmap_diffusion, diffusion_time=3, edge_alpha=0.001, edge_branch_length_variance_policy=normalized_branch_length, epsilon=median, k_neighbors=10, metric=hamming, n_components=30, sibling_alpha=0.01, tree_linkage_method=average",240,480,6,august_1,True,True,0.0
gauss_extreme_noise_3c,unsupported,,0,"bandwidth_type=-1/(d+2), benchmark_seed=42, branch_length_optimization_apply_nonconverged=False, branch_length_optimization_max_iterations=1000, branch_length_optimization_method=fixed_topology_nnls, branch_length_optimization_pair_sample_size=50000, branch_length_optimization_random_state=0, branch_length_optimization_solver_tolerance=1e-05, branch_length_optimization_target_metric=squared_standardized_euclidean, diffusion_method=adaptive_pydiffmap_diffusion, diffusion_time=3, edge_alpha=0.001, edge_branch_length_variance_policy=normalized_branch_length, epsilon=median, k_neighbors=10, metric=hamming, n_components=30, sibling_alpha=0.01, tree_linkage_method=average",30,30,3,ok,1.0,3,"bandwidth_type=-1/(d+2), benchmark_seed=42, branch_length_optimization_apply_nonconverged=False, branch_length_optimization_max_iterations=1000, branch_length_optimization_method=fixed_topology_nnls, branch_length_optimization_pair_sample_size=50000, branch_length_optimization_random_state=0, branch_length_optimization_solver_tolerance=1e-05, branch_length_optimization_target_metric=squared_standardized_euclidean, diffusion_method=adaptive_pydiffmap_diffusion, diffusion_time=3, edge_alpha=0.001, edge_branch_length_variance_policy=normalized_branch_length, epsilon=median, k_neighbors=10, metric=hamming, n_components=30, sibling_alpha=0.01, tree_linkage_method=average",30,30,3,before_restoration,True,True,
gauss_dense_signal_highd,unsupported,,0,"bandwidth_type=-1/(d+2), benchmark_seed=43, branch_length_optimization_apply_nonconverged=False, branch_length_optimization_max_iterations=1000, branch_length_optimization_method=fixed_topology_nnls, branch_length_optimization_pair_sample_size=50000, branch_length_optimization_random_state=0, branch_length_optimization_solver_tolerance=1e-05, branch_length_optimization_target_metric=squared_standardized_euclidean, diffusion_method=adaptive_pydiffmap_diffusion, diffusion_time=3, edge_alpha=0.001, edge_branch_length_variance_policy=normalized_branch_length, epsilon=median, k_neighbors=10, metric=hamming, n_components=30, sibling_alpha=0.01, tree_linkage_method=average",40,20000,4,unsupported,,0,"bandwidth_type=-1/(d+2), benchmark_seed=43, branch_length_optimization_apply_nonconverged=False, branch_length_optimization_max_iterations=1000, branch_length_optimization_method=fixed_topology_nnls, branch_length_optimization_pair_sample_size=50000, branch_length_optimization_random_state=0, branch_length_optimization_solver_tolerance=1e-05, branch_length_optimization_target_metric=squared_standardized_euclidean, diffusion_method=adaptive_pydiffmap_diffusion, diffusion_time=3, edge_alpha=0.001, edge_branch_length_variance_policy=normalized_branch_length, epsilon=median, k_neighbors=10, metric=hamming, n_components=30, sibling_alpha=0.01, tree_linkage_method=average",40,20000,4,before_restoration,True,True,
gauss_extreme_noise_many,unsupported,,0,"bandwidth_type=-1/(d+2), benchmark_seed=44, branch_length_optimization_apply_nonconverged=False, branch_length_optimization_max_iterations=1000, branch_length_optimization_method=fixed_topology_nnls, branch_length_optimization_pair_sample_size=50000, branch_length_optimization_random_state=0, branch_length_optimization_solver_tolerance=1e-05, branch_length_optimization_target_metric=squared_standardized_euclidean, diffusion_method=adaptive_pydiffmap_diffusion, diffusion_time=3, edge_alpha=0.001, edge_branch_length_variance_policy=normalized_branch_length, epsilon=median, k_neighbors=10, metric=hamming, n_components=30, sibling_alpha=0.01, tree_linkage_method=average",300,2000,30,ok,1.0,30,"bandwidth_type=-1/(d+2), benchmark_seed=44, branch_length_optimization_apply_nonconverged=False, branch_length_optimization_max_iterations=1000, branch_length_optimization_method=fixed_topology_nnls, branch_length_optimization_pair_sample_size=50000, branch_length_optimization_random_state=0, branch_length_optimization_solver_tolerance=1e-05, branch_length_optimization_target_metric=squared_standardized_euclidean, diffusion_method=adaptive_pydiffmap_diffusion, diffusion_time=3, edge_alpha=0.001, edge_branch_length_variance_policy=normalized_branch_length, epsilon=median, k_neighbors=10, metric=hamming, n_components=30, sibling_alpha=0.01, tree_linkage_method=average",300,2000,30,before_restoration,True,True,
gauss_clear_small,unsupported,,0,"bandwidth_type=-1/(d+2), benchmark_seed=100, branch_length_optimization_apply_nonconverged=False, branch_length_optimization_max_iterations=1000, branch_length_optimization_method=fixed_topology_nnls, branch_length_optimization_pair_sample_size=50000, branch_length_optimization_random_state=0, branch_length_optimization_solver_tolerance=1e-05, branch_length_optimization_target_metric=squared_standardized_euclidean, diffusion_method=adaptive_pydiffmap_diffusion, diffusion_time=3, edge_alpha=0.001, edge_branch_length_variance_policy=normalized_branch_length, epsilon=median, k_neighbors=10, metric=hamming, n_components=30, sibling_alpha=0.01, tree_linkage_method=average",30,20,3,ok,1.0,3,"bandwidth_type=-1/(d+2), benchmark_seed=100, branch_length_optimization_apply_nonconverged=False, branch_length_optimization_max_iterations=1000, branch_length_optimization_method=fixed_topology_nnls, branch_length_optimization_pair_sample_size=50000, branch_length_optimization_random_state=0, branch_length_optimization_solver_tolerance=1e-05, branch_length_optimization_target_metric=squared_standardized_euclidean, diffusion_method=adaptive_pydiffmap_diffusion, diffusion_time=3, edge_alpha=0.001, edge_branch_length_variance_policy=normalized_branch_length, epsilon=median, k_neighbors=10, metric=hamming, n_components=30, sibling_alpha=0.01, tree_linkage_method=average",30,20,3,before_restoration,True,True,
gauss_clear_medium,unsupported,,0,"bandwidth_type=-1/(d+2), benchmark_seed=101, branch_length_optimization_apply_nonconverged=False, branch_length_optimization_max_iterations=1000, branch_length_optimization_method=fixed_topology_nnls, branch_length_optimization_pair_sample_size=50000, branch_length_optimization_random_state=0, branch_length_optimization_solver_tolerance=1e-05, branch_length_optimization_target_metric=squared_standardized_euclidean, diffusion_method=adaptive_pydiffmap_diffusion, diffusion_time=3, edge_alpha=0.001, edge_branch_length_variance_policy=normalized_branch_length, epsilon=median, k_neighbors=10, metric=hamming, n_components=30, sibling_alpha=0.01, tree_linkage_method=average",60,40,4,ok,0.829971181556196,6,"bandwidth_type=-1/(d+2), benchmark_seed=101, branch_length_optimization_apply_nonconverged=False, branch_length_optimization_max_iterations=1000, branch_length_optimization_method=fixed_topology_nnls, branch_length_optimization_pair_sample_size=50000, branch_length_optimization_random_state=0, branch_length_optimization_solver_tolerance=1e-05, branch_length_optimization_target_metric=squared_standardized_euclidean, diffusion_method=adaptive_pydiffmap_diffusion, diffusion_time=3, edge_alpha=0.001, edge_branch_length_variance_policy=normalized_branch_length, epsilon=median, k_neighbors=10, metric=hamming, n_components=30, sibling_alpha=0.01, tree_linkage_method=average",60,40,4,before_restoration,True,True,
gauss_clear_large,unsupported,,0,"bandwidth_type=-1/(d+2), benchmark_seed=102, branch_length_optimization_apply_nonconverged=False, branch_length_optimization_max_iterations=1000, branch_length_optimization_method=fixed_topology_nnls, branch_length_optimization_pair_sample_size=50000, branch_length_optimization_random_state=0, branch_length_optimization_solver_tolerance=1e-05, branch_length_optimization_target_metric=squared_standardized_euclidean, diffusion_method=adaptive_pydiffmap_diffusion, diffusion_time=3, edge_alpha=0.001, edge_branch_length_variance_policy=normalized_branch_length, epsilon=median, k_neighbors=10, metric=hamming, n_components=30, sibling_alpha=0.01, tree_linkage_method=average",100,80,5,ok,1.0,5,"bandwidth_type=-1/(d+2), benchmark_seed=102, branch_length_optimization_apply_nonconverged=False, branch_length_optimization_max_iterations=1000, branch_length_optimization_method=fixed_topology_nnls, branch_length_optimization_pair_sample_size=50000, branch_length_optimization_random_state=0, branch_length_optimization_solver_tolerance=1e-05, branch_length_optimization_target_metric=squared_standardized_euclidean, diffusion_method=adaptive_pydiffmap_diffusion, diffusion_time=3, edge_alpha=0.001, edge_branch_length_variance_policy=normalized_branch_length, epsilon=median, k_neighbors=10, metric=hamming, n_components=30, sibling_alpha=0.01, tree_linkage_method=average",100,80,5,before_restoration,True,True,
gauss_moderate_3c,unsupported,,0,"bandwidth_type=-1/(d+2), benchmark_seed=200, branch_length_optimization_apply_nonconverged=False, branch_length_optimization_max_iterations=1000, branch_length_optimization_method=fixed_topology_nnls, branch_length_optimization_pair_sample_size=50000, branch_length_optimization_random_state=0, branch_length_optimization_solver_tolerance=1e-05, branch_length_optimization_target_metric=squared_standardized_euclidean, diffusion_method=adaptive_pydiffmap_diffusion, diffusion_time=3, edge_alpha=0.001, edge_branch_length_variance_policy=normalized_branch_length, epsilon=median, k_neighbors=10, metric=hamming, n_components=30, sibling_alpha=0.01, tree_linkage_method=average",45,30,3,ok,1.0,3,"bandwidth_type=-1/(d+2), benchmark_seed=200, branch_length_optimization_apply_nonconverged=False, branch_length_optimization_max_iterations=1000, branch_length_optimization_method=fixed_topology_nnls, branch_length_optimization_pair_sample_size=50000, branch_length_optimization_random_state=0, branch_length_optimization_solver_tolerance=1e-05, branch_length_optimization_target_metric=squared_standardized_euclidean, diffusion_method=adaptive_pydiffmap_diffusion, diffusion_time=3, edge_alpha=0.001, edge_branch_length_variance_policy=normalized_branch_length, epsilon=median, k_neighbors=10, metric=hamming, n_components=30, sibling_alpha=0.01, tree_linkage_method=average",45,30,3,before_restoration,True,True,
gauss_moderate_5c,unsupported,,0,"bandwidth_type=-1/(d+2), benchmark_seed=201, branch_length_optimization_apply_nonconverged=False, branch_length_optimization_max_iterations=1000, branch_length_optimization_method=fixed_topology_nnls, branch_length_optimization_pair_sample_size=50000, branch_length_optimization_random_state=0, branch_length_optimization_solver_tolerance=1e-05, branch_length_optimization_target_metric=squared_standardized_euclidean, diffusion_method=adaptive_pydiffmap_diffusion, diffusion_time=3, edge_alpha=0.001, edge_branch_length_variance_policy=normalized_branch_length, epsilon=median, k_neighbors=10, metric=hamming, n_components=30, sibling_alpha=0.01, tree_linkage_method=average",75,50,5,ok,1.0,5,"bandwidth_type=-1/(d+2), benchmark_seed=201, branch_length_optimization_apply_nonconverged=False, branch_length_optimization_max_iterations=1000, branch_length_optimization_method=fixed_topology_nnls, branch_length_optimization_pair_sample_size=50000, branch_length_optimization_random_state=0, branch_length_optimization_solver_tolerance=1e-05, branch_length_optimization_target_metric=squared_standardized_euclidean, diffusion_method=adaptive_pydiffmap_diffusion, diffusion_time=3, edge_alpha=0.001, edge_branch_length_variance_policy=normalized_branch_length, epsilon=median, k_neighbors=10, metric=hamming, n_components=30, sibling_alpha=0.01, tree_linkage_method=average",75,50,5,before_restoration,True,True,
gauss_noisy_3c,unsupported,,0,"bandwidth_type=-1/(d+2), benchmark_seed=300, branch_length_optimization_apply_nonconverged=False, branch_length_optimization_max_iterations=1000, branch_length_optimization_method=fixed_topology_nnls, branch_length_optimization_pair_sample_size=50000, branch_length_optimization_random_state=0, branch_length_optimization_solver_tolerance=1e-05, branch_length_optimization_target_metric=squared_standardized_euclidean, diffusion_method=adaptive_pydiffmap_diffusion, diffusion_time=3, edge_alpha=0.001, edge_branch_length_variance_policy=normalized_branch_length, epsilon=median, k_neighbors=10, metric=hamming, n_components=30, sibling_alpha=0.01, tree_linkage_method=average",60,40,3,ok,1.0,3,"bandwidth_type=-1/(d+2), benchmark_seed=300, branch_length_optimization_apply_nonconverged=False, branch_length_optimization_max_iterations=1000, branch_length_optimization_method=fixed_topology_nnls, branch_length_optimization_pair_sample_size=50000, branch_length_optimization_random_state=0, branch_length_optimization_solver_tolerance=1e-05, branch_length_optimization_target_metric=squared_standardized_euclidean, diffusion_method=adaptive_pydiffmap_diffusion, diffusion_time=3, edge_alpha=0.001, edge_branch_length_variance_policy=normalized_branch_length, epsilon=median, k_neighbors=10, metric=hamming, n_components=30, sibling_alpha=0.01, tree_linkage_method=average",60,40,3,before_restoration,True,True,
gauss_noisy_many,unsupported,,0,"bandwidth_type=-1/(d+2), benchmark_seed=301, branch_length_optimization_apply_nonconverged=False, branch_length_optimization_max_iterations=1000, branch_length_optimization_method=fixed_topology_nnls, branch_length_optimization_pair_sample_size=50000, branch_length_optimization_random_state=0, branch_length_optimization_solver_tolerance=1e-05, branch_length_optimization_target_metric=squared_standardized_euclidean, diffusion_method=adaptive_pydiffmap_diffusion, diffusion_time=3, edge_alpha=0.001, edge_branch_length_variance_policy=normalized_branch_length, epsilon=median, k_neighbors=10, metric=hamming, n_components=30, sibling_alpha=0.01, tree_linkage_method=average",120,80,8,ok,1.0,8,"bandwidth_type=-1/(d+2), benchmark_seed=301, branch_length_optimization_apply_nonconverged=False, branch_length_optimization_max_iterations=1000, branch_length_optimization_method=fixed_topology_nnls, branch_length_optimization_pair_sample_size=50000, branch_length_optimization_random_state=0, branch_length_optimization_solver_tolerance=1e-05, branch_length_optimization_target_metric=squared_standardized_euclidean, diffusion_method=adaptive_pydiffmap_diffusion, diffusion_time=3, edge_alpha=0.001, edge_branch_length_variance_policy=normalized_branch_length, epsilon=median, k_neighbors=10, metric=hamming, n_components=30, sibling_alpha=0.01, tree_linkage_method=average",120,80,8,before_restoration,True,True,
gauss_null_small,unsupported,,0,"bandwidth_type=-1/(d+2), benchmark_seed=400, branch_length_optimization_apply_nonconverged=False, branch_length_optimization_max_iterations=1000, branch_length_optimization_method=fixed_topology_nnls, branch_length_optimization_pair_sample_size=50000, branch_length_optimization_random_state=0, branch_length_optimization_solver_tolerance=1e-05, branch_length_optimization_target_metric=squared_standardized_euclidean, diffusion_method=adaptive_pydiffmap_diffusion, diffusion_time=3, edge_alpha=0.001, edge_branch_length_variance_policy=normalized_branch_length, epsilon=median, k_neighbors=10, metric=hamming, n_components=30, sibling_alpha=0.01, tree_linkage_method=average",60,30,1,ok,1.0,1,"bandwidth_type=-1/(d+2), benchmark_seed=400, branch_length_optimization_apply_nonconverged=False, branch_length_optimization_max_iterations=1000, branch_length_optimization_method=fixed_topology_nnls, branch_length_optimization_pair_sample_size=50000, branch_length_optimization_random_state=0, branch_length_optimization_solver_tolerance=1e-05, branch_length_optimization_target_metric=squared_standardized_euclidean, diffusion_method=adaptive_pydiffmap_diffusion, diffusion_time=3, edge_alpha=0.001, edge_branch_length_variance_policy=normalized_branch_length, epsilon=median, k_neighbors=10, metric=hamming, n_components=30, sibling_alpha=0.01, tree_linkage_method=average",60,30,1,before_restoration,True,True,
gauss_null_large,ok,1.0,1,"bandwidth_type=-1/(d+2), benchmark_seed=401, branch_length_optimization_apply_nonconverged=False, branch_length_optimization_max_iterations=1000, branch_length_optimization_method=fixed_topology_nnls, branch_length_optimization_pair_sample_size=50000, branch_length_optimization_random_state=0, branch_length_optimization_solver_tolerance=1e-05, branch_length_optimization_target_metric=squared_standardized_euclidean, diffusion_method=adaptive_pydiffmap_diffusion, diffusion_time=3, edge_alpha=0.001, edge_branch_length_variance_policy=normalized_branch_length, epsilon=median, k_neighbors=10, metric=hamming, n_components=30, sibling_alpha=0.01, tree_linkage_method=average",200,80,1,ok,1.0,1,"bandwidth_type=-1/(d+2), benchmark_seed=401, branch_length_optimization_apply_nonconverged=False, branch_length_optimization_max_iterations=1000, branch_length_optimization_method=fixed_topology_nnls, branch_length_optimization_pair_sample_size=50000, branch_length_optimization_random_state=0, branch_length_optimization_solver_tolerance=1e-05, branch_length_optimization_target_metric=squared_standardized_euclidean, diffusion_method=adaptive_pydiffmap_diffusion, diffusion_time=3, edge_alpha=0.001, edge_branch_length_variance_policy=normalized_branch_length, epsilon=median, k_neighbors=10, metric=hamming, n_components=30, sibling_alpha=0.01, tree_linkage_method=average",200,80,1,before_restoration,True,True,0.0
gauss_clear_medium_continuous,skip,,0,"bandwidth_type=-1/(d+2), benchmark_seed=101, branch_length_optimization_apply_nonconverged=False, branch_length_optimization_max_iterations=1000, branch_length_optimization_method=fixed_topology_nnls, branch_length_optimization_pair_sample_size=50000, branch_length_optimization_random_state=0, branch_length_optimization_solver_tolerance=1e-05, branch_length_optimization_target_metric=squared_standardized_euclidean, diffusion_method=adaptive_pydiffmap_diffusion, diffusion_time=3, edge_alpha=0.001, edge_branch_length_variance_policy=normalized_branch_length, epsilon=median, k_neighbors=10, metric=hamming, n_components=30, sibling_alpha=0.01, tree_linkage_method=average",60,40,4,skip,,0,"bandwidth_type=-1/(d+2), benchmark_seed=101, branch_length_optimization_apply_nonconverged=False, branch_length_optimization_max_iterations=1000, branch_length_optimization_method=fixed_topology_nnls, branch_length_optimization_pair_sample_size=50000, branch_length_optimization_random_state=0, branch_length_optimization_solver_tolerance=1e-05, branch_length_optimization_target_metric=squared_standardized_euclidean, diffusion_method=adaptive_pydiffmap_diffusion, diffusion_time=3, edge_alpha=0.001, edge_branch_length_variance_policy=normalized_branch_length, epsilon=median, k_neighbors=10, metric=hamming, n_components=30, sibling_alpha=0.01, tree_linkage_method=average",60,40,4,before_restoration,True,True,
gauss_moderate_3c_continuous,skip,,0,"bandwidth_type=-1/(d+2), benchmark_seed=200, branch_length_optimization_apply_nonconverged=False, branch_length_optimization_max_iterations=1000, branch_length_optimization_method=fixed_topology_nnls, branch_length_optimization_pair_sample_size=50000, branch_length_optimization_random_state=0, branch_length_optimization_solver_tolerance=1e-05, branch_length_optimization_target_metric=squared_standardized_euclidean, diffusion_method=adaptive_pydiffmap_diffusion, diffusion_time=3, edge_alpha=0.001, edge_branch_length_variance_policy=normalized_branch_length, epsilon=median, k_neighbors=10, metric=hamming, n_components=30, sibling_alpha=0.01, tree_linkage_method=average",45,30,3,skip,,0,"bandwidth_type=-1/(d+2), benchmark_seed=200, branch_length_optimization_apply_nonconverged=False, branch_length_optimization_max_iterations=1000, branch_length_optimization_method=fixed_topology_nnls, branch_length_optimization_pair_sample_size=50000, branch_length_optimization_random_state=0, branch_length_optimization_solver_tolerance=1e-05, branch_length_optimization_target_metric=squared_standardized_euclidean, diffusion_method=adaptive_pydiffmap_diffusion, diffusion_time=3, edge_alpha=0.001, edge_branch_length_variance_policy=normalized_branch_length, epsilon=median, k_neighbors=10, metric=hamming, n_components=30, sibling_alpha=0.01, tree_linkage_method=average",45,30,3,before_restoration,True,True,
gauss_null_large_continuous,skip,,0,"bandwidth_type=-1/(d+2), benchmark_seed=401, branch_length_optimization_apply_nonconverged=False, branch_length_optimization_max_iterations=1000, branch_length_optimization_method=fixed_topology_nnls, branch_length_optimization_pair_sample_size=50000, branch_length_optimization_random_state=0, branch_length_optimization_solver_tolerance=1e-05, branch_length_optimization_target_metric=squared_standardized_euclidean, diffusion_method=adaptive_pydiffmap_diffusion, diffusion_time=3, edge_alpha=0.001, edge_branch_length_variance_policy=normalized_branch_length, epsilon=median, k_neighbors=10, metric=hamming, n_components=30, sibling_alpha=0.01, tree_linkage_method=average",200,80,1,skip,,0,"bandwidth_type=-1/(d+2), benchmark_seed=401, branch_length_optimization_apply_nonconverged=False, branch_length_optimization_max_iterations=1000, branch_length_optimization_method=fixed_topology_nnls, branch_length_optimization_pair_sample_size=50000, branch_length_optimization_random_state=0, branch_length_optimization_solver_tolerance=1e-05, branch_length_optimization_target_metric=squared_standardized_euclidean, diffusion_method=adaptive_pydiffmap_diffusion, diffusion_time=3, edge_alpha=0.001, edge_branch_length_variance_policy=normalized_branch_length, epsilon=median, k_neighbors=10, metric=hamming, n_components=30, sibling_alpha=0.01, tree_linkage_method=average",200,80,1,before_restoration,True,True,
gauss_dense_signal_highd_continuous,skip,,0,"bandwidth_type=-1/(d+2), benchmark_seed=43, branch_length_optimization_apply_nonconverged=False, branch_length_optimization_max_iterations=1000, branch_length_optimization_method=fixed_topology_nnls, branch_length_optimization_pair_sample_size=50000, branch_length_optimization_random_state=0, branch_length_optimization_solver_tolerance=1e-05, branch_length_optimization_target_metric=squared_standardized_euclidean, diffusion_method=adaptive_pydiffmap_diffusion, diffusion_time=3, edge_alpha=0.001, edge_branch_length_variance_policy=normalized_branch_length, epsilon=median, k_neighbors=10, metric=hamming, n_components=30, sibling_alpha=0.01, tree_linkage_method=average",40,20000,4,skip,,0,"bandwidth_type=-1/(d+2), benchmark_seed=43, branch_length_optimization_apply_nonconverged=False, branch_length_optimization_max_iterations=1000, branch_length_optimization_method=fixed_topology_nnls, branch_length_optimization_pair_sample_size=50000, branch_length_optimization_random_state=0, branch_length_optimization_solver_tolerance=1e-05, branch_length_optimization_target_metric=squared_standardized_euclidean, diffusion_method=adaptive_pydiffmap_diffusion, diffusion_time=3, edge_alpha=0.001, edge_branch_length_variance_policy=normalized_branch_length, epsilon=median, k_neighbors=10, metric=hamming, n_components=30, sibling_alpha=0.01, tree_linkage_method=average",40,20000,4,before_restoration,True,True,
dim_consolidated_4c_24f,unsupported,,0,"bandwidth_type=-1/(d+2), benchmark_seed=13000, branch_length_optimization_apply_nonconverged=False, branch_length_optimization_max_iterations=1000, branch_length_optimization_method=fixed_topology_nnls, branch_length_optimization_pair_sample_size=50000, branch_length_optimization_random_state=0, branch_length_optimization_solver_tolerance=1e-05, branch_length_optimization_target_metric=squared_standardized_euclidean, diffusion_method=adaptive_pydiffmap_diffusion, diffusion_time=3, edge_alpha=0.001, edge_branch_length_variance_policy=normalized_branch_length, epsilon=median, k_neighbors=10, metric=hamming, n_components=30, sibling_alpha=0.01, tree_linkage_method=average",160,24,4,ok,0.5298028928480344,7,"bandwidth_type=-1/(d+2), benchmark_seed=13000, branch_length_optimization_apply_nonconverged=False, branch_length_optimization_max_iterations=1000, branch_length_optimization_method=fixed_topology_nnls, branch_length_optimization_pair_sample_size=50000, branch_length_optimization_random_state=0, branch_length_optimization_solver_tolerance=1e-05, branch_length_optimization_target_metric=squared_standardized_euclidean, diffusion_method=adaptive_pydiffmap_diffusion, diffusion_time=3, edge_alpha=0.001, edge_branch_length_variance_policy=normalized_branch_length, epsilon=median, k_neighbors=10, metric=hamming, n_components=30, sibling_alpha=0.01, tree_linkage_method=average",160,24,4,before_restoration,True,True,
dim_consolidated_4c_72f,unsupported,,0,"bandwidth_type=-1/(d+2), benchmark_seed=13001, branch_length_optimization_apply_nonconverged=False, branch_length_optimization_max_iterations=1000, branch_length_optimization_method=fixed_topology_nnls, branch_length_optimization_pair_sample_size=50000, branch_length_optimization_random_state=0, branch_length_optimization_solver_tolerance=1e-05, branch_length_optimization_target_metric=squared_standardized_euclidean, diffusion_method=adaptive_pydiffmap_diffusion, diffusion_time=3, edge_alpha=0.001, edge_branch_length_variance_policy=normalized_branch_length, epsilon=median, k_neighbors=10, metric=hamming, n_components=30, sibling_alpha=0.01, tree_linkage_method=average",160,72,4,ok,-0.0083613817537643,2,"bandwidth_type=-1/(d+2), benchmark_seed=13001, branch_length_optimization_apply_nonconverged=False, branch_length_optimization_max_iterations=1000, branch_length_optimization_method=fixed_topology_nnls, branch_length_optimization_pair_sample_size=50000, branch_length_optimization_random_state=0, branch_length_optimization_solver_tolerance=1e-05, branch_length_optimization_target_metric=squared_standardized_euclidean, diffusion_method=adaptive_pydiffmap_diffusion, diffusion_time=3, edge_alpha=0.001, edge_branch_length_variance_policy=normalized_branch_length, epsilon=median, k_neighbors=10, metric=hamming, n_components=30, sibling_alpha=0.01, tree_linkage_method=average",160,72,4,before_restoration,True,True,
dim_consolidated_4c_272f,unsupported,,0,"bandwidth_type=-1/(d+2), benchmark_seed=13002, branch_length_optimization_apply_nonconverged=False, branch_length_optimization_max_iterations=1000, branch_length_optimization_method=fixed_topology_nnls, branch_length_optimization_pair_sample_size=50000, branch_length_optimization_random_state=0, branch_length_optimization_solver_tolerance=1e-05, branch_length_optimization_target_metric=squared_standardized_euclidean, diffusion_method=adaptive_pydiffmap_diffusion, diffusion_time=3, edge_alpha=0.001, edge_branch_length_variance_policy=normalized_branch_length, epsilon=median, k_neighbors=10, metric=hamming, n_components=30, sibling_alpha=0.01, tree_linkage_method=average",160,272,4,ok,0.0153270173835093,60,"bandwidth_type=-1/(d+2), benchmark_seed=13002, branch_length_optimization_apply_nonconverged=False, branch_length_optimization_max_iterations=1000, branch_length_optimization_method=fixed_topology_nnls, branch_length_optimization_pair_sample_size=50000, branch_length_optimization_random_state=0, branch_length_optimization_solver_tolerance=1e-05, branch_length_optimization_target_metric=squared_standardized_euclidean, diffusion_method=adaptive_pydiffmap_diffusion, diffusion_time=3, edge_alpha=0.001, edge_branch_length_variance_policy=normalized_branch_length, epsilon=median, k_neighbors=10, metric=hamming, n_components=30, sibling_alpha=0.01, tree_linkage_method=average",160,272,4,before_restoration,True,True,
dim_diffuse_6c_36f,unsupported,,0,"bandwidth_type=-1/(d+2), benchmark_seed=13100, branch_length_optimization_apply_nonconverged=False, branch_length_optimization_max_iterations=1000, branch_length_optimization_method=fixed_topology_nnls, branch_length_optimization_pair_sample_size=50000, branch_length_optimization_random_state=0, branch_length_optimization_solver_tolerance=1e-05, branch_length_optimization_target_metric=squared_standardized_euclidean, diffusion_method=adaptive_pydiffmap_diffusion, diffusion_time=3, edge_alpha=0.001, edge_branch_length_variance_policy=normalized_branch_length, epsilon=median, k_neighbors=10, metric=hamming, n_components=30, sibling_alpha=0.01, tree_linkage_method=average",180,36,6,ok,0.0316432964697783,7,"bandwidth_type=-1/(d+2), benchmark_seed=13100, branch_length_optimization_apply_nonconverged=False, branch_length_optimization_max_iterations=1000, branch_length_optimization_method=fixed_topology_nnls, branch_length_optimization_pair_sample_size=50000, branch_length_optimization_random_state=0, branch_length_optimization_solver_tolerance=1e-05, branch_length_optimization_target_metric=squared_standardized_euclidean, diffusion_method=adaptive_pydiffmap_diffusion, diffusion_time=3, edge_alpha=0.001, edge_branch_length_variance_policy=normalized_branch_length, epsilon=median, k_neighbors=10, metric=hamming, n_components=30, sibling_alpha=0.01, tree_linkage_method=average",180,36,6,before_restoration,True,True,
dim_diffuse_6c_136f,unsupported,,0,"bandwidth_type=-1/(d+2), benchmark_seed=13101, branch_length_optimization_apply_nonconverged=False, branch_length_optimization_max_iterations=1000, branch_length_optimization_method=fixed_topology_nnls, branch_length_optimization_pair_sample_size=50000, branch_length_optimization_random_state=0, branch_length_optimization_solver_tolerance=1e-05, branch_length_optimization_target_metric=squared_standardized_euclidean, diffusion_method=adaptive_pydiffmap_diffusion, diffusion_time=3, edge_alpha=0.001, edge_branch_length_variance_policy=normalized_branch_length, epsilon=median, k_neighbors=10, metric=hamming, n_components=30, sibling_alpha=0.01, tree_linkage_method=average",180,136,6,ok,0.0293879041298343,4,"bandwidth_type=-1/(d+2), benchmark_seed=13101, branch_length_optimization_apply_nonconverged=False, branch_length_optimization_max_iterations=1000, branch_length_optimization_method=fixed_topology_nnls, branch_length_optimization_pair_sample_size=50000, branch_length_optimization_random_state=0, branch_length_optimization_solver_tolerance=1e-05, branch_length_optimization_target_metric=squared_standardized_euclidean, diffusion_method=adaptive_pydiffmap_diffusion, diffusion_time=3, edge_alpha=0.001, edge_branch_length_variance_policy=normalized_branch_length, epsilon=median, k_neighbors=10, metric=hamming, n_components=30, sibling_alpha=0.01, tree_linkage_method=average",180,136,6,before_restoration,True,True,
dim_diffuse_6c_536f,unsupported,,0,"bandwidth_type=-1/(d+2), benchmark_seed=13102, branch_length_optimization_apply_nonconverged=False, branch_length_optimization_max_iterations=1000, branch_length_optimization_method=fixed_topology_nnls, branch_length_optimization_pair_sample_size=50000, branch_length_optimization_random_state=0, branch_length_optimization_solver_tolerance=1e-05, branch_length_optimization_target_metric=squared_standardized_euclidean, diffusion_method=adaptive_pydiffmap_diffusion, diffusion_time=3, edge_alpha=0.001, edge_branch_length_variance_policy=normalized_branch_length, epsilon=median, k_neighbors=10, metric=hamming, n_components=30, sibling_alpha=0.01, tree_linkage_method=average",180,536,6,ok,-0.0042046026476466,2,"bandwidth_type=-1/(d+2), benchmark_seed=13102, branch_length_optimization_apply_nonconverged=False, branch_length_optimization_max_iterations=1000, branch_length_optimization_method=fixed_topology_nnls, branch_length_optimization_pair_sample_size=50000, branch_length_optimization_random_state=0, branch_length_optimization_solver_tolerance=1e-05, branch_length_optimization_target_metric=squared_standardized_euclidean, diffusion_method=adaptive_pydiffmap_diffusion, diffusion_time=3, edge_alpha=0.001, edge_branch_length_variance_policy=normalized_branch_length, epsilon=median, k_neighbors=10, metric=hamming, n_components=30, sibling_alpha=0.01, tree_linkage_method=average",180,536,6,before_restoration,True,True,
gauss_sparse_signal_highd_noise,unsupported,,0,"bandwidth_type=-1/(d+2), benchmark_seed=43, branch_length_optimization_apply_nonconverged=False, branch_length_optimization_max_iterations=1000, branch_length_optimization_method=fixed_topology_nnls, branch_length_optimization_pair_sample_size=50000, branch_length_optimization_random_state=0, branch_length_optimization_solver_tolerance=1e-05, branch_length_optimization_target_metric=squared_standardized_euclidean, diffusion_method=adaptive_pydiffmap_diffusion, diffusion_time=3, edge_alpha=0.001, edge_branch_length_variance_policy=normalized_branch_length, epsilon=median, k_neighbors=10, metric=hamming, n_components=30, sibling_alpha=0.01, tree_linkage_method=average",40,20000,4,unsupported,,0,"bandwidth_type=-1/(d+2), benchmark_seed=43, branch_length_optimization_apply_nonconverged=False, branch_length_optimization_max_iterations=1000, branch_length_optimization_method=fixed_topology_nnls, branch_length_optimization_pair_sample_size=50000, branch_length_optimization_random_state=0, branch_length_optimization_solver_tolerance=1e-05, branch_length_optimization_target_metric=squared_standardized_euclidean, diffusion_method=adaptive_pydiffmap_diffusion, diffusion_time=3, edge_alpha=0.001, edge_branch_length_variance_policy=normalized_branch_length, epsilon=median, k_neighbors=10, metric=hamming, n_components=30, sibling_alpha=0.01, tree_linkage_method=average",40,20000,4,before_restoration,True,True,
dim_consolidated_4c_24f_continuous,skip,,0,"bandwidth_type=-1/(d+2), benchmark_seed=13000, branch_length_optimization_apply_nonconverged=False, branch_length_optimization_max_iterations=1000, branch_length_optimization_method=fixed_topology_nnls, branch_length_optimization_pair_sample_size=50000, branch_length_optimization_random_state=0, branch_length_optimization_solver_tolerance=1e-05, branch_length_optimization_target_metric=squared_standardized_euclidean, diffusion_method=adaptive_pydiffmap_diffusion, diffusion_time=3, edge_alpha=0.001, edge_branch_length_variance_policy=normalized_branch_length, epsilon=median, k_neighbors=10, metric=hamming, n_components=30, sibling_alpha=0.01, tree_linkage_method=average",160,24,4,skip,,0,"bandwidth_type=-1/(d+2), benchmark_seed=13000, branch_length_optimization_apply_nonconverged=False, branch_length_optimization_max_iterations=1000, branch_length_optimization_method=fixed_topology_nnls, branch_length_optimization_pair_sample_size=50000, branch_length_optimization_random_state=0, branch_length_optimization_solver_tolerance=1e-05, branch_length_optimization_target_metric=squared_standardized_euclidean, diffusion_method=adaptive_pydiffmap_diffusion, diffusion_time=3, edge_alpha=0.001, edge_branch_length_variance_policy=normalized_branch_length, epsilon=median, k_neighbors=10, metric=hamming, n_components=30, sibling_alpha=0.01, tree_linkage_method=average",160,24,4,before_restoration,True,True,
dim_consolidated_4c_72f_continuous,skip,,0,"bandwidth_type=-1/(d+2), benchmark_seed=13001, branch_length_optimization_apply_nonconverged=False, branch_length_optimization_max_iterations=1000, branch_length_optimization_method=fixed_topology_nnls, branch_length_optimization_pair_sample_size=50000, branch_length_optimization_random_state=0, branch_length_optimization_solver_tolerance=1e-05, branch_length_optimization_target_metric=squared_standardized_euclidean, diffusion_method=adaptive_pydiffmap_diffusion, diffusion_time=3, edge_alpha=0.001, edge_branch_length_variance_policy=normalized_branch_length, epsilon=median, k_neighbors=10, metric=hamming, n_components=30, sibling_alpha=0.01, tree_linkage_method=average",160,72,4,skip,,0,"bandwidth_type=-1/(d+2), benchmark_seed=13001, branch_length_optimization_apply_nonconverged=False, branch_length_optimization_max_iterations=1000, branch_length_optimization_method=fixed_topology_nnls, branch_length_optimization_pair_sample_size=50000, branch_length_optimization_random_state=0, branch_length_optimization_solver_tolerance=1e-05, branch_length_optimization_target_metric=squared_standardized_euclidean, diffusion_method=adaptive_pydiffmap_diffusion, diffusion_time=3, edge_alpha=0.001, edge_branch_length_variance_policy=normalized_branch_length, epsilon=median, k_neighbors=10, metric=hamming, n_components=30, sibling_alpha=0.01, tree_linkage_method=average",160,72,4,before_restoration,True,True,
dim_diffuse_6c_136f_continuous,skip,,0,"bandwidth_type=-1/(d+2), benchmark_seed=13101, branch_length_optimization_apply_nonconverged=False, branch_length_optimization_max_iterations=1000, branch_length_optimization_method=fixed_topology_nnls, branch_length_optimization_pair_sample_size=50000, branch_length_optimization_random_state=0, branch_length_optimization_solver_tolerance=1e-05, branch_length_optimization_target_metric=squared_standardized_euclidean, diffusion_method=adaptive_pydiffmap_diffusion, diffusion_time=3, edge_alpha=0.001, edge_branch_length_variance_policy=normalized_branch_length, epsilon=median, k_neighbors=10, metric=hamming, n_components=30, sibling_alpha=0.01, tree_linkage_method=average",180,136,6,skip,,0,"bandwidth_type=-1/(d+2), benchmark_seed=13101, branch_length_optimization_apply_nonconverged=False, branch_length_optimization_max_iterations=1000, branch_length_optimization_method=fixed_topology_nnls, branch_length_optimization_pair_sample_size=50000, branch_length_optimization_random_state=0, branch_length_optimization_solver_tolerance=1e-05, branch_length_optimization_target_metric=squared_standardized_euclidean, diffusion_method=adaptive_pydiffmap_diffusion, diffusion_time=3, edge_alpha=0.001, edge_branch_length_variance_policy=normalized_branch_length, epsilon=median, k_neighbors=10, metric=hamming, n_components=30, sibling_alpha=0.01, tree_linkage_method=average",180,136,6,before_restoration,True,True,
gauss_single_outlier_4c,skip,,0,"bandwidth_type=-1/(d+2), benchmark_seed=13200, branch_length_optimization_apply_nonconverged=False, branch_length_optimization_max_iterations=1000, branch_length_optimization_method=fixed_topology_nnls, branch_length_optimization_pair_sample_size=50000, branch_length_optimization_random_state=0, branch_length_optimization_solver_tolerance=1e-05, branch_length_optimization_target_metric=squared_standardized_euclidean, diffusion_method=adaptive_pydiffmap_diffusion, diffusion_time=3, edge_alpha=0.001, edge_branch_length_variance_policy=normalized_branch_length, epsilon=median, k_neighbors=10, metric=hamming, n_components=30, sibling_alpha=0.01, tree_linkage_method=average",161,40,5,skip,,0,"bandwidth_type=-1/(d+2), benchmark_seed=13200, branch_length_optimization_apply_nonconverged=False, branch_length_optimization_max_iterations=1000, branch_length_optimization_method=fixed_topology_nnls, branch_length_optimization_pair_sample_size=50000, branch_length_optimization_random_state=0, branch_length_optimization_solver_tolerance=1e-05, branch_length_optimization_target_metric=squared_standardized_euclidean, diffusion_method=adaptive_pydiffmap_diffusion, diffusion_time=3, edge_alpha=0.001, edge_branch_length_variance_policy=normalized_branch_length, epsilon=median, k_neighbors=10, metric=hamming, n_components=30, sibling_alpha=0.01, tree_linkage_method=average",161,40,5,before_restoration,True,True,
gauss_outlier_cluster_4c,skip,,0,"bandwidth_type=-1/(d+2), benchmark_seed=13201, branch_length_optimization_apply_nonconverged=False, branch_length_optimization_max_iterations=1000, branch_length_optimization_method=fixed_topology_nnls, branch_length_optimization_pair_sample_size=50000, branch_length_optimization_random_state=0, branch_length_optimization_solver_tolerance=1e-05, branch_length_optimization_target_metric=squared_standardized_euclidean, diffusion_method=adaptive_pydiffmap_diffusion, diffusion_time=3, edge_alpha=0.001, edge_branch_length_variance_policy=normalized_branch_length, epsilon=median, k_neighbors=10, metric=hamming, n_components=30, sibling_alpha=0.01, tree_linkage_method=average",166,40,5,skip,,0,"bandwidth_type=-1/(d+2), benchmark_seed=13201, branch_length_optimization_apply_nonconverged=False, branch_length_optimization_max_iterations=1000, branch_length_optimization_method=fixed_topology_nnls, branch_length_optimization_pair_sample_size=50000, branch_length_optimization_random_state=0, branch_length_optimization_solver_tolerance=1e-05, branch_length_optimization_target_metric=squared_standardized_euclidean, diffusion_method=adaptive_pydiffmap_diffusion, diffusion_time=3, edge_alpha=0.001, edge_branch_length_variance_policy=normalized_branch_length, epsilon=median, k_neighbors=10, metric=hamming, n_components=30, sibling_alpha=0.01, tree_linkage_method=average",166,40,5,before_restoration,True,True,
gauss_outlier_shell_4c,ok,0.0,1,"bandwidth_type=-1/(d+2), benchmark_seed=13202, branch_length_optimization_apply_nonconverged=False, branch_length_optimization_max_iterations=1000, branch_length_optimization_method=fixed_topology_nnls, branch_length_optimization_pair_sample_size=50000, branch_length_optimization_random_state=0, branch_length_optimization_solver_tolerance=1e-05, branch_length_optimization_target_metric=squared_standardized_euclidean, diffusion_method=adaptive_pydiffmap_diffusion, diffusion_time=3, edge_alpha=0.001, edge_branch_length_variance_policy=normalized_branch_length, epsilon=median, k_neighbors=10, metric=hamming, n_components=30, sibling_alpha=0.01, tree_linkage_method=average",172,40,5,ok,0.0,1,"bandwidth_type=-1/(d+2), benchmark_seed=13202, branch_length_optimization_apply_nonconverged=False, branch_length_optimization_max_iterations=1000, branch_length_optimization_method=fixed_topology_nnls, branch_length_optimization_pair_sample_size=50000, branch_length_optimization_random_state=0, branch_length_optimization_solver_tolerance=1e-05, branch_length_optimization_target_metric=squared_standardized_euclidean, diffusion_method=adaptive_pydiffmap_diffusion, diffusion_time=3, edge_alpha=0.001, edge_branch_length_variance_policy=normalized_branch_length, epsilon=median, k_neighbors=10, metric=hamming, n_components=30, sibling_alpha=0.01, tree_linkage_method=average",172,40,5,before_restoration,True,True,0.0
gauss_single_outlier_4c_continuous,skip,,0,"bandwidth_type=-1/(d+2), benchmark_seed=13200, branch_length_optimization_apply_nonconverged=False, branch_length_optimization_max_iterations=1000, branch_length_optimization_method=fixed_topology_nnls, branch_length_optimization_pair_sample_size=50000, branch_length_optimization_random_state=0, branch_length_optimization_solver_tolerance=1e-05, branch_length_optimization_target_metric=squared_standardized_euclidean, diffusion_method=adaptive_pydiffmap_diffusion, diffusion_time=3, edge_alpha=0.001, edge_branch_length_variance_policy=normalized_branch_length, epsilon=median, k_neighbors=10, metric=hamming, n_components=30, sibling_alpha=0.01, tree_linkage_method=average",161,40,5,skip,,0,"bandwidth_type=-1/(d+2), benchmark_seed=13200, branch_length_optimization_apply_nonconverged=False, branch_length_optimization_max_iterations=1000, branch_length_optimization_method=fixed_topology_nnls, branch_length_optimization_pair_sample_size=50000, branch_length_optimization_random_state=0, branch_length_optimization_solver_tolerance=1e-05, branch_length_optimization_target_metric=squared_standardized_euclidean, diffusion_method=adaptive_pydiffmap_diffusion, diffusion_time=3, edge_alpha=0.001, edge_branch_length_variance_policy=normalized_branch_length, epsilon=median, k_neighbors=10, metric=hamming, n_components=30, sibling_alpha=0.01, tree_linkage_method=average",161,40,5,before_restoration,True,True,
gauss_outlier_cluster_4c_continuous,skip,,0,"bandwidth_type=-1/(d+2), benchmark_seed=13201, branch_length_optimization_apply_nonconverged=False, branch_length_optimization_max_iterations=1000, branch_length_optimization_method=fixed_topology_nnls, branch_length_optimization_pair_sample_size=50000, branch_length_optimization_random_state=0, branch_length_optimization_solver_tolerance=1e-05, branch_length_optimization_target_metric=squared_standardized_euclidean, diffusion_method=adaptive_pydiffmap_diffusion, diffusion_time=3, edge_alpha=0.001, edge_branch_length_variance_policy=normalized_branch_length, epsilon=median, k_neighbors=10, metric=hamming, n_components=30, sibling_alpha=0.01, tree_linkage_method=average",166,40,5,skip,,0,"bandwidth_type=-1/(d+2), benchmark_seed=13201, branch_length_optimization_apply_nonconverged=False, branch_length_optimization_max_iterations=1000, branch_length_optimization_method=fixed_topology_nnls, branch_length_optimization_pair_sample_size=50000, branch_length_optimization_random_state=0, branch_length_optimization_solver_tolerance=1e-05, branch_length_optimization_target_metric=squared_standardized_euclidean, diffusion_method=adaptive_pydiffmap_diffusion, diffusion_time=3, edge_alpha=0.001, edge_branch_length_variance_policy=normalized_branch_length, epsilon=median, k_neighbors=10, metric=hamming, n_components=30, sibling_alpha=0.01, tree_linkage_method=average",166,40,5,before_restoration,True,True,
binary_balanced_low_noise,unsupported,,0,"bandwidth_type=-1/(d+2), benchmark_seed=314, branch_length_optimization_apply_nonconverged=False, branch_length_optimization_max_iterations=1000, branch_length_optimization_method=fixed_topology_nnls, branch_length_optimization_pair_sample_size=50000, branch_length_optimization_random_state=0, branch_length_optimization_solver_tolerance=1e-05, branch_length_optimization_target_metric=squared_standardized_euclidean, diffusion_method=adaptive_pydiffmap_diffusion, diffusion_time=3, edge_alpha=0.001, edge_branch_length_variance_policy=normalized_branch_length, epsilon=median, k_neighbors=10, metric=hamming, n_components=30, sibling_alpha=0.01, tree_linkage_method=average",72,72,4,ok,1.0,4,"bandwidth_type=-1/(d+2), benchmark_seed=314, branch_length_optimization_apply_nonconverged=False, branch_length_optimization_max_iterations=1000, branch_length_optimization_method=fixed_topology_nnls, branch_length_optimization_pair_sample_size=50000, branch_length_optimization_random_state=0, branch_length_optimization_solver_tolerance=1e-05, branch_length_optimization_target_metric=squared_standardized_euclidean, diffusion_method=adaptive_pydiffmap_diffusion, diffusion_time=3, edge_alpha=0.001, edge_branch_length_variance_policy=normalized_branch_length, epsilon=median, k_neighbors=10, metric=hamming, n_components=30, sibling_alpha=0.01, tree_linkage_method=average",72,72,4,before_restoration,True,True,
binary_balanced_low_noise__2,unsupported,,0,"bandwidth_type=-1/(d+2), benchmark_seed=314, branch_length_optimization_apply_nonconverged=False, branch_length_optimization_max_iterations=1000, branch_length_optimization_method=fixed_topology_nnls, branch_length_optimization_pair_sample_size=50000, branch_length_optimization_random_state=0, branch_length_optimization_solver_tolerance=1e-05, branch_length_optimization_target_metric=squared_standardized_euclidean, diffusion_method=adaptive_pydiffmap_diffusion, diffusion_time=3, edge_alpha=0.001, edge_branch_length_variance_policy=normalized_branch_length, epsilon=median, k_neighbors=10, metric=hamming, n_components=30, sibling_alpha=0.01, tree_linkage_method=average",72,120,4,ok,1.0,4,"bandwidth_type=-1/(d+2), benchmark_seed=314, branch_length_optimization_apply_nonconverged=False, branch_length_optimization_max_iterations=1000, branch_length_optimization_method=fixed_topology_nnls, branch_length_optimization_pair_sample_size=50000, branch_length_optimization_random_state=0, branch_length_optimization_solver_tolerance=1e-05, branch_length_optimization_target_metric=squared_standardized_euclidean, diffusion_method=adaptive_pydiffmap_diffusion, diffusion_time=3, edge_alpha=0.001, edge_branch_length_variance_policy=normalized_branch_length, epsilon=median, k_neighbors=10, metric=hamming, n_components=30, sibling_alpha=0.01, tree_linkage_method=average",72,120,4,before_restoration,True,True,
sparse_features_72x72,unsupported,,0,"bandwidth_type=-1/(d+2), benchmark_seed=500, branch_length_optimization_apply_nonconverged=False, branch_length_optimization_max_iterations=1000, branch_length_optimization_method=fixed_topology_nnls, branch_length_optimization_pair_sample_size=50000, branch_length_optimization_random_state=0, branch_length_optimization_solver_tolerance=1e-05, branch_length_optimization_target_metric=squared_standardized_euclidean, diffusion_method=adaptive_pydiffmap_diffusion, diffusion_time=3, edge_alpha=0.001, edge_branch_length_variance_policy=normalized_branch_length, epsilon=median, k_neighbors=10, metric=hamming, n_components=30, sibling_alpha=0.01, tree_linkage_method=average",72,72,4,ok,1.0,4,"bandwidth_type=-1/(d+2), benchmark_seed=500, branch_length_optimization_apply_nonconverged=False, branch_length_optimization_max_iterations=1000, branch_length_optimization_method=fixed_topology_nnls, branch_length_optimization_pair_sample_size=50000, branch_length_optimization_random_state=0, branch_length_optimization_solver_tolerance=1e-05, branch_length_optimization_target_metric=squared_standardized_euclidean, diffusion_method=adaptive_pydiffmap_diffusion, diffusion_time=3, edge_alpha=0.001, edge_branch_length_variance_policy=normalized_branch_length, epsilon=median, k_neighbors=10, metric=hamming, n_components=30, sibling_alpha=0.01, tree_linkage_method=average",72,72,4,before_restoration,True,True,
sparse_features_100x500,unsupported,,0,"bandwidth_type=-1/(d+2), benchmark_seed=502, branch_length_optimization_apply_nonconverged=False, branch_length_optimization_max_iterations=1000, branch_length_optimization_method=fixed_topology_nnls, branch_length_optimization_pair_sample_size=50000, branch_length_optimization_random_state=0, branch_length_optimization_solver_tolerance=1e-05, branch_length_optimization_target_metric=squared_standardized_euclidean, diffusion_method=adaptive_pydiffmap_diffusion, diffusion_time=3, edge_alpha=0.001, edge_branch_length_variance_policy=normalized_branch_length, epsilon=median, k_neighbors=10, metric=hamming, n_components=30, sibling_alpha=0.01, tree_linkage_method=average",100,500,4,ok,1.0,4,"bandwidth_type=-1/(d+2), benchmark_seed=502, branch_length_optimization_apply_nonconverged=False, branch_length_optimization_max_iterations=1000, branch_length_optimization_method=fixed_topology_nnls, branch_length_optimization_pair_sample_size=50000, branch_length_optimization_random_state=0, branch_length_optimization_solver_tolerance=1e-05, branch_length_optimization_target_metric=squared_standardized_euclidean, diffusion_method=adaptive_pydiffmap_diffusion, diffusion_time=3, edge_alpha=0.001, edge_branch_length_variance_policy=normalized_branch_length, epsilon=median, k_neighbors=10, metric=hamming, n_components=30, sibling_alpha=0.01, tree_linkage_method=average",100,500,4,before_restoration,True,True,
binary_perfect_2c,skip,,0,"bandwidth_type=-1/(d+2), benchmark_seed=1000, branch_length_optimization_apply_nonconverged=False, branch_length_optimization_max_iterations=1000, branch_length_optimization_method=fixed_topology_nnls, branch_length_optimization_pair_sample_size=50000, branch_length_optimization_random_state=0, branch_length_optimization_solver_tolerance=1e-05, branch_length_optimization_target_metric=squared_standardized_euclidean, diffusion_method=adaptive_pydiffmap_diffusion, diffusion_time=3, edge_alpha=0.001, edge_branch_length_variance_policy=normalized_branch_length, epsilon=median, k_neighbors=10, metric=hamming, n_components=30, sibling_alpha=0.01, tree_linkage_method=average",40,50,2,skip,,0,"bandwidth_type=-1/(d+2), benchmark_seed=1000, branch_length_optimization_apply_nonconverged=False, branch_length_optimization_max_iterations=1000, branch_length_optimization_method=fixed_topology_nnls, branch_length_optimization_pair_sample_size=50000, branch_length_optimization_random_state=0, branch_length_optimization_solver_tolerance=1e-05, branch_length_optimization_target_metric=squared_standardized_euclidean, diffusion_method=adaptive_pydiffmap_diffusion, diffusion_time=3, edge_alpha=0.001, edge_branch_length_variance_policy=normalized_branch_length, epsilon=median, k_neighbors=10, metric=hamming, n_components=30, sibling_alpha=0.01, tree_linkage_method=average",40,50,2,before_restoration,True,True,
binary_perfect_4c,skip,,0,"bandwidth_type=-1/(d+2), benchmark_seed=1001, branch_length_optimization_apply_nonconverged=False, branch_length_optimization_max_iterations=1000, branch_length_optimization_method=fixed_topology_nnls, branch_length_optimization_pair_sample_size=50000, branch_length_optimization_random_state=0, branch_length_optimization_solver_tolerance=1e-05, branch_length_optimization_target_metric=squared_standardized_euclidean, diffusion_method=adaptive_pydiffmap_diffusion, diffusion_time=3, edge_alpha=0.001, edge_branch_length_variance_policy=normalized_branch_length, epsilon=median, k_neighbors=10, metric=hamming, n_components=30, sibling_alpha=0.01, tree_linkage_method=average",80,100,4,skip,,0,"bandwidth_type=-1/(d+2), benchmark_seed=1001, branch_length_optimization_apply_nonconverged=False, branch_length_optimization_max_iterations=1000, branch_length_optimization_method=fixed_topology_nnls, branch_length_optimization_pair_sample_size=50000, branch_length_optimization_random_state=0, branch_length_optimization_solver_tolerance=1e-05, branch_length_optimization_target_metric=squared_standardized_euclidean, diffusion_method=adaptive_pydiffmap_diffusion, diffusion_time=3, edge_alpha=0.001, edge_branch_length_variance_policy=normalized_branch_length, epsilon=median, k_neighbors=10, metric=hamming, n_components=30, sibling_alpha=0.01, tree_linkage_method=average",80,100,4,before_restoration,True,True,
binary_perfect_8c,skip,,0,"bandwidth_type=-1/(d+2), benchmark_seed=1002, branch_length_optimization_apply_nonconverged=False, branch_length_optimization_max_iterations=1000, branch_length_optimization_method=fixed_topology_nnls, branch_length_optimization_pair_sample_size=50000, branch_length_optimization_random_state=0, branch_length_optimization_solver_tolerance=1e-05, branch_length_optimization_target_metric=squared_standardized_euclidean, diffusion_method=adaptive_pydiffmap_diffusion, diffusion_time=3, edge_alpha=0.001, edge_branch_length_variance_policy=normalized_branch_length, epsilon=median, k_neighbors=10, metric=hamming, n_components=30, sibling_alpha=0.01, tree_linkage_method=average",160,200,8,skip,,0,"bandwidth_type=-1/(d+2), benchmark_seed=1002, branch_length_optimization_apply_nonconverged=False, branch_length_optimization_max_iterations=1000, branch_length_optimization_method=fixed_topology_nnls, branch_length_optimization_pair_sample_size=50000, branch_length_optimization_random_state=0, branch_length_optimization_solver_tolerance=1e-05, branch_length_optimization_target_metric=squared_standardized_euclidean, diffusion_method=adaptive_pydiffmap_diffusion, diffusion_time=3, edge_alpha=0.001, edge_branch_length_variance_policy=normalized_branch_length, epsilon=median, k_neighbors=10, metric=hamming, n_components=30, sibling_alpha=0.01, tree_linkage_method=average",160,200,8,before_restoration,True,True,
binary_low_noise_2c,unsupported,,0,"bandwidth_type=-1/(d+2), benchmark_seed=2000, branch_length_optimization_apply_nonconverged=False, branch_length_optimization_max_iterations=1000, branch_length_optimization_method=fixed_topology_nnls, branch_length_optimization_pair_sample_size=50000, branch_length_optimization_random_state=0, branch_length_optimization_solver_tolerance=1e-05, branch_length_optimization_target_metric=squared_standardized_euclidean, diffusion_method=adaptive_pydiffmap_diffusion, diffusion_time=3, edge_alpha=0.001, edge_branch_length_variance_policy=normalized_branch_length, epsilon=median, k_neighbors=10, metric=hamming, n_components=30, sibling_alpha=0.01, tree_linkage_method=average",40,50,2,ok,0.5562579013906448,5,"bandwidth_type=-1/(d+2), benchmark_seed=2000, branch_length_optimization_apply_nonconverged=False, branch_length_optimization_max_iterations=1000, branch_length_optimization_method=fixed_topology_nnls, branch_length_optimization_pair_sample_size=50000, branch_length_optimization_random_state=0, branch_length_optimization_solver_tolerance=1e-05, branch_length_optimization_target_metric=squared_standardized_euclidean, diffusion_method=adaptive_pydiffmap_diffusion, diffusion_time=3, edge_alpha=0.001, edge_branch_length_variance_policy=normalized_branch_length, epsilon=median, k_neighbors=10, metric=hamming, n_components=30, sibling_alpha=0.01, tree_linkage_method=average",40,50,2,before_restoration,True,True,
binary_low_noise_4c,unsupported,,0,"bandwidth_type=-1/(d+2), benchmark_seed=2001, branch_length_optimization_apply_nonconverged=False, branch_length_optimization_max_iterations=1000, branch_length_optimization_method=fixed_topology_nnls, branch_length_optimization_pair_sample_size=50000, branch_length_optimization_random_state=0, branch_length_optimization_solver_tolerance=1e-05, branch_length_optimization_target_metric=squared_standardized_euclidean, diffusion_method=adaptive_pydiffmap_diffusion, diffusion_time=3, edge_alpha=0.001, edge_branch_length_variance_policy=normalized_branch_length, epsilon=median, k_neighbors=10, metric=hamming, n_components=30, sibling_alpha=0.01, tree_linkage_method=average",80,100,4,ok,0.9429190751445088,5,"bandwidth_type=-1/(d+2), benchmark_seed=2001, branch_length_optimization_apply_nonconverged=False, branch_length_optimization_max_iterations=1000, branch_length_optimization_method=fixed_topology_nnls, branch_length_optimization_pair_sample_size=50000, branch_length_optimization_random_state=0, branch_length_optimization_solver_tolerance=1e-05, branch_length_optimization_target_metric=squared_standardized_euclidean, diffusion_method=adaptive_pydiffmap_diffusion, diffusion_time=3, edge_alpha=0.001, edge_branch_length_variance_policy=normalized_branch_length, epsilon=median, k_neighbors=10, metric=hamming, n_components=30, sibling_alpha=0.01, tree_linkage_method=average",80,100,4,before_restoration,True,True,
binary_low_noise_8c,unsupported,,0,"bandwidth_type=-1/(d+2), benchmark_seed=2002, branch_length_optimization_apply_nonconverged=False, branch_length_optimization_max_iterations=1000, branch_length_optimization_method=fixed_topology_nnls, branch_length_optimization_pair_sample_size=50000, branch_length_optimization_random_state=0, branch_length_optimization_solver_tolerance=1e-05, branch_length_optimization_target_metric=squared_standardized_euclidean, diffusion_method=adaptive_pydiffmap_diffusion, diffusion_time=3, edge_alpha=0.001, edge_branch_length_variance_policy=normalized_branch_length, epsilon=median, k_neighbors=10, metric=hamming, n_components=30, sibling_alpha=0.01, tree_linkage_method=average",160,200,8,ok,1.0,8,"bandwidth_type=-1/(d+2), benchmark_seed=2002, branch_length_optimization_apply_nonconverged=False, branch_length_optimization_max_iterations=1000, branch_length_optimization_method=fixed_topology_nnls, branch_length_optimization_pair_sample_size=50000, branch_length_optimization_random_state=0, branch_length_optimization_solver_tolerance=1e-05, branch_length_optimization_target_metric=squared_standardized_euclidean, diffusion_method=adaptive_pydiffmap_diffusion, diffusion_time=3, edge_alpha=0.001, edge_branch_length_variance_policy=normalized_branch_length, epsilon=median, k_neighbors=10, metric=hamming, n_components=30, sibling_alpha=0.01, tree_linkage_method=average",160,200,8,before_restoration,True,True,
binary_low_noise_12c,unsupported,,0,"bandwidth_type=-1/(d+2), benchmark_seed=2003, branch_length_optimization_apply_nonconverged=False, branch_length_optimization_max_iterations=1000, branch_length_optimization_method=fixed_topology_nnls, branch_length_optimization_pair_sample_size=50000, branch_length_optimization_random_state=0, branch_length_optimization_solver_tolerance=1e-05, branch_length_optimization_target_metric=squared_standardized_euclidean, diffusion_method=adaptive_pydiffmap_diffusion, diffusion_time=3, edge_alpha=0.001, edge_branch_length_variance_policy=normalized_branch_length, epsilon=median, k_neighbors=10, metric=hamming, n_components=30, sibling_alpha=0.01, tree_linkage_method=average",240,300,12,ok,1.0,12,"bandwidth_type=-1/(d+2), benchmark_seed=2003, branch_length_optimization_apply_nonconverged=False, branch_length_optimization_max_iterations=1000, branch_length_optimization_method=fixed_topology_nnls, branch_length_optimization_pair_sample_size=50000, branch_length_optimization_random_state=0, branch_length_optimization_solver_tolerance=1e-05, branch_length_optimization_target_metric=squared_standardized_euclidean, diffusion_method=adaptive_pydiffmap_diffusion, diffusion_time=3, edge_alpha=0.001, edge_branch_length_variance_policy=normalized_branch_length, epsilon=median, k_neighbors=10, metric=hamming, n_components=30, sibling_alpha=0.01, tree_linkage_method=average",240,300,12,before_restoration,True,True,
binary_moderate_4c,unsupported,,0,"bandwidth_type=-1/(d+2), benchmark_seed=3000, branch_length_optimization_apply_nonconverged=False, branch_length_optimization_max_iterations=1000, branch_length_optimization_method=fixed_topology_nnls, branch_length_optimization_pair_sample_size=50000, branch_length_optimization_random_state=0, branch_length_optimization_solver_tolerance=1e-05, branch_length_optimization_target_metric=squared_standardized_euclidean, diffusion_method=adaptive_pydiffmap_diffusion, diffusion_time=3, edge_alpha=0.001, edge_branch_length_variance_policy=normalized_branch_length, epsilon=median, k_neighbors=10, metric=hamming, n_components=30, sibling_alpha=0.01, tree_linkage_method=average",80,100,4,ok,1.0,4,"bandwidth_type=-1/(d+2), benchmark_seed=3000, branch_length_optimization_apply_nonconverged=False, branch_length_optimization_max_iterations=1000, branch_length_optimization_method=fixed_topology_nnls, branch_length_optimization_pair_sample_size=50000, branch_length_optimization_random_state=0, branch_length_optimization_solver_tolerance=1e-05, branch_length_optimization_target_metric=squared_standardized_euclidean, diffusion_method=adaptive_pydiffmap_diffusion, diffusion_time=3, edge_alpha=0.001, edge_branch_length_variance_policy=normalized_branch_length, epsilon=median, k_neighbors=10, metric=hamming, n_components=30, sibling_alpha=0.01, tree_linkage_method=average",80,100,4,before_restoration,True,True,
binary_moderate_6c,unsupported,,0,"bandwidth_type=-1/(d+2), benchmark_seed=3001, branch_length_optimization_apply_nonconverged=False, branch_length_optimization_max_iterations=1000, branch_length_optimization_method=fixed_topology_nnls, branch_length_optimization_pair_sample_size=50000, branch_length_optimization_random_state=0, branch_length_optimization_solver_tolerance=1e-05, branch_length_optimization_target_metric=squared_standardized_euclidean, diffusion_method=adaptive_pydiffmap_diffusion, diffusion_time=3, edge_alpha=0.001, edge_branch_length_variance_policy=normalized_branch_length, epsilon=median, k_neighbors=10, metric=hamming, n_components=30, sibling_alpha=0.01, tree_linkage_method=average",120,150,6,ok,1.0,6,"bandwidth_type=-1/(d+2), benchmark_seed=3001, branch_length_optimization_apply_nonconverged=False, branch_length_optimization_max_iterations=1000, branch_length_optimization_method=fixed_topology_nnls, branch_length_optimization_pair_sample_size=50000, branch_length_optimization_random_state=0, branch_length_optimization_solver_tolerance=1e-05, branch_length_optimization_target_metric=squared_standardized_euclidean, diffusion_method=adaptive_pydiffmap_diffusion, diffusion_time=3, edge_alpha=0.001, edge_branch_length_variance_policy=normalized_branch_length, epsilon=median, k_neighbors=10, metric=hamming, n_components=30, sibling_alpha=0.01, tree_linkage_method=average",120,150,6,before_restoration,True,True,
binary_moderate_8c,unsupported,,0,"bandwidth_type=-1/(d+2), benchmark_seed=3002, branch_length_optimization_apply_nonconverged=False, branch_length_optimization_max_iterations=1000, branch_length_optimization_method=fixed_topology_nnls, branch_length_optimization_pair_sample_size=50000, branch_length_optimization_random_state=0, branch_length_optimization_solver_tolerance=1e-05, branch_length_optimization_target_metric=squared_standardized_euclidean, diffusion_method=adaptive_pydiffmap_diffusion, diffusion_time=3, edge_alpha=0.001, edge_branch_length_variance_policy=normalized_branch_length, epsilon=median, k_neighbors=10, metric=hamming, n_components=30, sibling_alpha=0.01, tree_linkage_method=average",200,250,8,ok,1.0,8,"bandwidth_type=-1/(d+2), benchmark_seed=3002, branch_length_optimization_apply_nonconverged=False, branch_length_optimization_max_iterations=1000, branch_length_optimization_method=fixed_topology_nnls, branch_length_optimization_pair_sample_size=50000, branch_length_optimization_random_state=0, branch_length_optimization_solver_tolerance=1e-05, branch_length_optimization_target_metric=squared_standardized_euclidean, diffusion_method=adaptive_pydiffmap_diffusion, diffusion_time=3, edge_alpha=0.001, edge_branch_length_variance_policy=normalized_branch_length, epsilon=median, k_neighbors=10, metric=hamming, n_components=30, sibling_alpha=0.01, tree_linkage_method=average",200,250,8,before_restoration,True,True,
binary_hard_4c,unsupported,,0,"bandwidth_type=-1/(d+2), benchmark_seed=4000, branch_length_optimization_apply_nonconverged=False, branch_length_optimization_max_iterations=1000, branch_length_optimization_method=fixed_topology_nnls, branch_length_optimization_pair_sample_size=50000, branch_length_optimization_random_state=0, branch_length_optimization_solver_tolerance=1e-05, branch_length_optimization_target_metric=squared_standardized_euclidean, diffusion_method=adaptive_pydiffmap_diffusion, diffusion_time=3, edge_alpha=0.001, edge_branch_length_variance_policy=normalized_branch_length, epsilon=median, k_neighbors=10, metric=hamming, n_components=30, sibling_alpha=0.01, tree_linkage_method=average",100,200,4,ok,1.0,4,"bandwidth_type=-1/(d+2), benchmark_seed=4000, branch_length_optimization_apply_nonconverged=False, branch_length_optimization_max_iterations=1000, branch_length_optimization_method=fixed_topology_nnls, branch_length_optimization_pair_sample_size=50000, branch_length_optimization_random_state=0, branch_length_optimization_solver_tolerance=1e-05, branch_length_optimization_target_metric=squared_standardized_euclidean, diffusion_method=adaptive_pydiffmap_diffusion, diffusion_time=3, edge_alpha=0.001, edge_branch_length_variance_policy=normalized_branch_length, epsilon=median, k_neighbors=10, metric=hamming, n_components=30, sibling_alpha=0.01, tree_linkage_method=average",100,200,4,before_restoration,True,True,
binary_hard_8c,unsupported,,0,"bandwidth_type=-1/(d+2), benchmark_seed=4001, branch_length_optimization_apply_nonconverged=False, branch_length_optimization_max_iterations=1000, branch_length_optimization_method=fixed_topology_nnls, branch_length_optimization_pair_sample_size=50000, branch_length_optimization_random_state=0, branch_length_optimization_solver_tolerance=1e-05, branch_length_optimization_target_metric=squared_standardized_euclidean, diffusion_method=adaptive_pydiffmap_diffusion, diffusion_time=3, edge_alpha=0.001, edge_branch_length_variance_policy=normalized_branch_length, epsilon=median, k_neighbors=10, metric=hamming, n_components=30, sibling_alpha=0.01, tree_linkage_method=average",280,400,8,ok,1.0,8,"bandwidth_type=-1/(d+2), benchmark_seed=4001, branch_length_optimization_apply_nonconverged=False, branch_length_optimization_max_iterations=1000, branch_length_optimization_method=fixed_topology_nnls, branch_length_optimization_pair_sample_size=50000, branch_length_optimization_random_state=0, branch_length_optimization_solver_tolerance=1e-05, branch_length_optimization_target_metric=squared_standardized_euclidean, diffusion_method=adaptive_pydiffmap_diffusion, diffusion_time=3, edge_alpha=0.001, edge_branch_length_variance_policy=normalized_branch_length, epsilon=median, k_neighbors=10, metric=hamming, n_components=30, sibling_alpha=0.01, tree_linkage_method=average",280,400,8,before_restoration,True,True,
binary_unbalanced_low,unsupported,,0,"bandwidth_type=-1/(d+2), benchmark_seed=5000, branch_length_optimization_apply_nonconverged=False, branch_length_optimization_max_iterations=1000, branch_length_optimization_method=fixed_topology_nnls, branch_length_optimization_pair_sample_size=50000, branch_length_optimization_random_state=0, branch_length_optimization_solver_tolerance=1e-05, branch_length_optimization_target_metric=squared_standardized_euclidean, diffusion_method=adaptive_pydiffmap_diffusion, diffusion_time=3, edge_alpha=0.001, edge_branch_length_variance_policy=normalized_branch_length, epsilon=median, k_neighbors=10, metric=hamming, n_components=30, sibling_alpha=0.01, tree_linkage_method=average",100,150,4,ok,1.0,4,"bandwidth_type=-1/(d+2), benchmark_seed=5000, branch_length_optimization_apply_nonconverged=False, branch_length_optimization_max_iterations=1000, branch_length_optimization_method=fixed_topology_nnls, branch_length_optimization_pair_sample_size=50000, branch_length_optimization_random_state=0, branch_length_optimization_solver_tolerance=1e-05, branch_length_optimization_target_metric=squared_standardized_euclidean, diffusion_method=adaptive_pydiffmap_diffusion, diffusion_time=3, edge_alpha=0.001, edge_branch_length_variance_policy=normalized_branch_length, epsilon=median, k_neighbors=10, metric=hamming, n_components=30, sibling_alpha=0.01, tree_linkage_method=average",100,150,4,before_restoration,True,True,
binary_unbalanced_med,unsupported,,0,"bandwidth_type=-1/(d+2), benchmark_seed=5001, branch_length_optimization_apply_nonconverged=False, branch_length_optimization_max_iterations=1000, branch_length_optimization_method=fixed_topology_nnls, branch_length_optimization_pair_sample_size=50000, branch_length_optimization_random_state=0, branch_length_optimization_solver_tolerance=1e-05, branch_length_optimization_target_metric=squared_standardized_euclidean, diffusion_method=adaptive_pydiffmap_diffusion, diffusion_time=3, edge_alpha=0.001, edge_branch_length_variance_policy=normalized_branch_length, epsilon=median, k_neighbors=10, metric=hamming, n_components=30, sibling_alpha=0.01, tree_linkage_method=average",150,200,6,ok,1.0,6,"bandwidth_type=-1/(d+2), benchmark_seed=5001, branch_length_optimization_apply_nonconverged=False, branch_length_optimization_max_iterations=1000, branch_length_optimization_method=fixed_topology_nnls, branch_length_optimization_pair_sample_size=50000, branch_length_optimization_random_state=0, branch_length_optimization_solver_tolerance=1e-05, branch_length_optimization_target_metric=squared_standardized_euclidean, diffusion_method=adaptive_pydiffmap_diffusion, diffusion_time=3, edge_alpha=0.001, edge_branch_length_variance_policy=normalized_branch_length, epsilon=median, k_neighbors=10, metric=hamming, n_components=30, sibling_alpha=0.01, tree_linkage_method=average",150,200,6,before_restoration,True,True,
binary_2clusters,unsupported,,0,"bandwidth_type=-1/(d+2), benchmark_seed=7000, branch_length_optimization_apply_nonconverged=False, branch_length_optimization_max_iterations=1000, branch_length_optimization_method=fixed_topology_nnls, branch_length_optimization_pair_sample_size=50000, branch_length_optimization_random_state=0, branch_length_optimization_solver_tolerance=1e-05, branch_length_optimization_target_metric=squared_standardized_euclidean, diffusion_method=adaptive_pydiffmap_diffusion, diffusion_time=3, edge_alpha=0.001, edge_branch_length_variance_policy=normalized_branch_length, epsilon=median, k_neighbors=10, metric=hamming, n_components=30, sibling_alpha=0.01, tree_linkage_method=average",50,60,2,ok,1.0,2,"bandwidth_type=-1/(d+2), benchmark_seed=7000, branch_length_optimization_apply_nonconverged=False, branch_length_optimization_max_iterations=1000, branch_length_optimization_method=fixed_topology_nnls, branch_length_optimization_pair_sample_size=50000, branch_length_optimization_random_state=0, branch_length_optimization_solver_tolerance=1e-05, branch_length_optimization_target_metric=squared_standardized_euclidean, diffusion_method=adaptive_pydiffmap_diffusion, diffusion_time=3, edge_alpha=0.001, edge_branch_length_variance_policy=normalized_branch_length, epsilon=median, k_neighbors=10, metric=hamming, n_components=30, sibling_alpha=0.01, tree_linkage_method=average",50,60,2,before_restoration,True,True,
binary_many_features,unsupported,,0,"bandwidth_type=-1/(d+2), benchmark_seed=7002, branch_length_optimization_apply_nonconverged=False, branch_length_optimization_max_iterations=1000, branch_length_optimization_method=fixed_topology_nnls, branch_length_optimization_pair_sample_size=50000, branch_length_optimization_random_state=0, branch_length_optimization_solver_tolerance=1e-05, branch_length_optimization_target_metric=squared_standardized_euclidean, diffusion_method=adaptive_pydiffmap_diffusion, diffusion_time=3, edge_alpha=0.001, edge_branch_length_variance_policy=normalized_branch_length, epsilon=median, k_neighbors=10, metric=hamming, n_components=30, sibling_alpha=0.01, tree_linkage_method=average",100,2000,4,ok,1.0,4,"bandwidth_type=-1/(d+2), benchmark_seed=7002, branch_length_optimization_apply_nonconverged=False, branch_length_optimization_max_iterations=1000, branch_length_optimization_method=fixed_topology_nnls, branch_length_optimization_pair_sample_size=50000, branch_length_optimization_random_state=0, branch_length_optimization_solver_tolerance=1e-05, branch_length_optimization_target_metric=squared_standardized_euclidean, diffusion_method=adaptive_pydiffmap_diffusion, diffusion_time=3, edge_alpha=0.001, edge_branch_length_variance_policy=normalized_branch_length, epsilon=median, k_neighbors=10, metric=hamming, n_components=30, sibling_alpha=0.01, tree_linkage_method=average",100,2000,4,before_restoration,True,True,
binary_many_clusters,unsupported,,0,"bandwidth_type=-1/(d+2), benchmark_seed=7003, branch_length_optimization_apply_nonconverged=False, branch_length_optimization_max_iterations=1000, branch_length_optimization_method=fixed_topology_nnls, branch_length_optimization_pair_sample_size=50000, branch_length_optimization_random_state=0, branch_length_optimization_solver_tolerance=1e-05, branch_length_optimization_target_metric=squared_standardized_euclidean, diffusion_method=adaptive_pydiffmap_diffusion, diffusion_time=3, edge_alpha=0.001, edge_branch_length_variance_policy=normalized_branch_length, epsilon=median, k_neighbors=10, metric=hamming, n_components=30, sibling_alpha=0.01, tree_linkage_method=average",300,400,15,ok,1.0,15,"bandwidth_type=-1/(d+2), benchmark_seed=7003, branch_length_optimization_apply_nonconverged=False, branch_length_optimization_max_iterations=1000, branch_length_optimization_method=fixed_topology_nnls, branch_length_optimization_pair_sample_size=50000, branch_length_optimization_random_state=0, branch_length_optimization_solver_tolerance=1e-05, branch_length_optimization_target_metric=squared_standardized_euclidean, diffusion_method=adaptive_pydiffmap_diffusion, diffusion_time=3, edge_alpha=0.001, edge_branch_length_variance_policy=normalized_branch_length, epsilon=median, k_neighbors=10, metric=hamming, n_components=30, sibling_alpha=0.01, tree_linkage_method=average",300,400,15,before_restoration,True,True,
binary_null_small,skip,,0,"bandwidth_type=-1/(d+2), benchmark_seed=10000, branch_length_optimization_apply_nonconverged=False, branch_length_optimization_max_iterations=1000, branch_length_optimization_method=fixed_topology_nnls, branch_length_optimization_pair_sample_size=50000, branch_length_optimization_random_state=0, branch_length_optimization_solver_tolerance=1e-05, branch_length_optimization_target_metric=squared_standardized_euclidean, diffusion_method=adaptive_pydiffmap_diffusion, diffusion_time=3, edge_alpha=0.001, edge_branch_length_variance_policy=normalized_branch_length, epsilon=median, k_neighbors=10, metric=hamming, n_components=30, sibling_alpha=0.01, tree_linkage_method=average",60,80,1,skip,,0,"bandwidth_type=-1/(d+2), benchmark_seed=10000, branch_length_optimization_apply_nonconverged=False, branch_length_optimization_max_iterations=1000, branch_length_optimization_method=fixed_topology_nnls, branch_length_optimization_pair_sample_size=50000, branch_length_optimization_random_state=0, branch_length_optimization_solver_tolerance=1e-05, branch_length_optimization_target_metric=squared_standardized_euclidean, diffusion_method=adaptive_pydiffmap_diffusion, diffusion_time=3, edge_alpha=0.001, edge_branch_length_variance_policy=normalized_branch_length, epsilon=median, k_neighbors=10, metric=hamming, n_components=30, sibling_alpha=0.01, tree_linkage_method=average",60,80,1,before_restoration,True,True,
binary_null_medium,skip,,0,"bandwidth_type=-1/(d+2), benchmark_seed=10001, branch_length_optimization_apply_nonconverged=False, branch_length_optimization_max_iterations=1000, branch_length_optimization_method=fixed_topology_nnls, branch_length_optimization_pair_sample_size=50000, branch_length_optimization_random_state=0, branch_length_optimization_solver_tolerance=1e-05, branch_length_optimization_target_metric=squared_standardized_euclidean, diffusion_method=adaptive_pydiffmap_diffusion, diffusion_time=3, edge_alpha=0.001, edge_branch_length_variance_policy=normalized_branch_length, epsilon=median, k_neighbors=10, metric=hamming, n_components=30, sibling_alpha=0.01, tree_linkage_method=average",200,150,1,skip,,0,"bandwidth_type=-1/(d+2), benchmark_seed=10001, branch_length_optimization_apply_nonconverged=False, branch_length_optimization_max_iterations=1000, branch_length_optimization_method=fixed_topology_nnls, branch_length_optimization_pair_sample_size=50000, branch_length_optimization_random_state=0, branch_length_optimization_solver_tolerance=1e-05, branch_length_optimization_target_metric=squared_standardized_euclidean, diffusion_method=adaptive_pydiffmap_diffusion, diffusion_time=3, edge_alpha=0.001, edge_branch_length_variance_policy=normalized_branch_length, epsilon=median, k_neighbors=10, metric=hamming, n_components=30, sibling_alpha=0.01, tree_linkage_method=average",200,150,1,before_restoration,True,True,
binary_multiscale_4c,unsupported,,0,"bandwidth_type=-1/(d+2), benchmark_seed=11000, branch_length_optimization_apply_nonconverged=False, branch_length_optimization_max_iterations=1000, branch_length_optimization_method=fixed_topology_nnls, branch_length_optimization_pair_sample_size=50000, branch_length_optimization_random_state=0, branch_length_optimization_solver_tolerance=1e-05, branch_length_optimization_target_metric=squared_standardized_euclidean, diffusion_method=adaptive_pydiffmap_diffusion, diffusion_time=3, edge_alpha=0.001, edge_branch_length_variance_policy=normalized_branch_length, epsilon=median, k_neighbors=10, metric=hamming, n_components=30, sibling_alpha=0.01, tree_linkage_method=average",120,160,4,ok,1.0,4,"bandwidth_type=-1/(d+2), benchmark_seed=11000, branch_length_optimization_apply_nonconverged=False, branch_length_optimization_max_iterations=1000, branch_length_optimization_method=fixed_topology_nnls, branch_length_optimization_pair_sample_size=50000, branch_length_optimization_random_state=0, branch_length_optimization_solver_tolerance=1e-05, branch_length_optimization_target_metric=squared_standardized_euclidean, diffusion_method=adaptive_pydiffmap_diffusion, diffusion_time=3, edge_alpha=0.001, edge_branch_length_variance_policy=normalized_branch_length, epsilon=median, k_neighbors=10, metric=hamming, n_components=30, sibling_alpha=0.01, tree_linkage_method=average",120,160,4,before_restoration,True,True,
binary_multiscale_6c,unsupported,,0,"bandwidth_type=-1/(d+2), benchmark_seed=11001, branch_length_optimization_apply_nonconverged=False, branch_length_optimization_max_iterations=1000, branch_length_optimization_method=fixed_topology_nnls, branch_length_optimization_pair_sample_size=50000, branch_length_optimization_random_state=0, branch_length_optimization_solver_tolerance=1e-05, branch_length_optimization_target_metric=squared_standardized_euclidean, diffusion_method=adaptive_pydiffmap_diffusion, diffusion_time=3, edge_alpha=0.001, edge_branch_length_variance_policy=normalized_branch_length, epsilon=median, k_neighbors=10, metric=hamming, n_components=30, sibling_alpha=0.01, tree_linkage_method=average",180,240,6,ok,1.0,6,"bandwidth_type=-1/(d+2), benchmark_seed=11001, branch_length_optimization_apply_nonconverged=False, branch_length_optimization_max_iterations=1000, branch_length_optimization_method=fixed_topology_nnls, branch_length_optimization_pair_sample_size=50000, branch_length_optimization_random_state=0, branch_length_optimization_solver_tolerance=1e-05, branch_length_optimization_target_metric=squared_standardized_euclidean, diffusion_method=adaptive_pydiffmap_diffusion, diffusion_time=3, edge_alpha=0.001, edge_branch_length_variance_policy=normalized_branch_length, epsilon=median, k_neighbors=10, metric=hamming, n_components=30, sibling_alpha=0.01, tree_linkage_method=average",180,240,6,before_restoration,True,True,
binary_noise_feat_50i_200n,unsupported,,0,"bandwidth_type=-1/(d+2), benchmark_seed=12000, branch_length_optimization_apply_nonconverged=False, branch_length_optimization_max_iterations=1000, branch_length_optimization_method=fixed_topology_nnls, branch_length_optimization_pair_sample_size=50000, branch_length_optimization_random_state=0, branch_length_optimization_solver_tolerance=1e-05, branch_length_optimization_target_metric=squared_standardized_euclidean, diffusion_method=adaptive_pydiffmap_diffusion, diffusion_time=3, edge_alpha=0.001, edge_branch_length_variance_policy=normalized_branch_length, epsilon=median, k_neighbors=10, metric=hamming, n_components=30, sibling_alpha=0.01, tree_linkage_method=average",120,450,4,ok,1.0,4,"bandwidth_type=-1/(d+2), benchmark_seed=12000, branch_length_optimization_apply_nonconverged=False, branch_length_optimization_max_iterations=1000, branch_length_optimization_method=fixed_topology_nnls, branch_length_optimization_pair_sample_size=50000, branch_length_optimization_random_state=0, branch_length_optimization_solver_tolerance=1e-05, branch_length_optimization_target_metric=squared_standardized_euclidean, diffusion_method=adaptive_pydiffmap_diffusion, diffusion_time=3, edge_alpha=0.001, edge_branch_length_variance_policy=normalized_branch_length, epsilon=median, k_neighbors=10, metric=hamming, n_components=30, sibling_alpha=0.01, tree_linkage_method=average",120,450,4,before_restoration,True,True,
binary_noise_feat_80i_400n,unsupported,,0,"bandwidth_type=-1/(d+2), benchmark_seed=12001, branch_length_optimization_apply_nonconverged=False, branch_length_optimization_max_iterations=1000, branch_length_optimization_method=fixed_topology_nnls, branch_length_optimization_pair_sample_size=50000, branch_length_optimization_random_state=0, branch_length_optimization_solver_tolerance=1e-05, branch_length_optimization_target_metric=squared_standardized_euclidean, diffusion_method=adaptive_pydiffmap_diffusion, diffusion_time=3, edge_alpha=0.001, edge_branch_length_variance_policy=normalized_branch_length, epsilon=median, k_neighbors=10, metric=hamming, n_components=30, sibling_alpha=0.01, tree_linkage_method=average",160,880,6,ok,1.0,6,"bandwidth_type=-1/(d+2), benchmark_seed=12001, branch_length_optimization_apply_nonconverged=False, branch_length_optimization_max_iterations=1000, branch_length_optimization_method=fixed_topology_nnls, branch_length_optimization_pair_sample_size=50000, branch_length_optimization_random_state=0, branch_length_optimization_solver_tolerance=1e-05, branch_length_optimization_target_metric=squared_standardized_euclidean, diffusion_method=adaptive_pydiffmap_diffusion, diffusion_time=3, edge_alpha=0.001, edge_branch_length_variance_policy=normalized_branch_length, epsilon=median, k_neighbors=10, metric=hamming, n_components=30, sibling_alpha=0.01, tree_linkage_method=average",160,880,6,before_restoration,True,True,
binary_noise_feat_30i_500n,unsupported,,0,"bandwidth_type=-1/(d+2), benchmark_seed=12002, branch_length_optimization_apply_nonconverged=False, branch_length_optimization_max_iterations=1000, branch_length_optimization_method=fixed_topology_nnls, branch_length_optimization_pair_sample_size=50000, branch_length_optimization_random_state=0, branch_length_optimization_solver_tolerance=1e-05, branch_length_optimization_target_metric=squared_standardized_euclidean, diffusion_method=adaptive_pydiffmap_diffusion, diffusion_time=3, edge_alpha=0.001, edge_branch_length_variance_policy=normalized_branch_length, epsilon=median, k_neighbors=10, metric=hamming, n_components=30, sibling_alpha=0.01, tree_linkage_method=average",100,1030,3,ok,1.0,3,"bandwidth_type=-1/(d+2), benchmark_seed=12002, branch_length_optimization_apply_nonconverged=False, branch_length_optimization_max_iterations=1000, branch_length_optimization_method=fixed_topology_nnls, branch_length_optimization_pair_sample_size=50000, branch_length_optimization_random_state=0, branch_length_optimization_solver_tolerance=1e-05, branch_length_optimization_target_metric=squared_standardized_euclidean, diffusion_method=adaptive_pydiffmap_diffusion, diffusion_time=3, edge_alpha=0.001, edge_branch_length_variance_policy=normalized_branch_length, epsilon=median, k_neighbors=10, metric=hamming, n_components=30, sibling_alpha=0.01, tree_linkage_method=average",100,1030,3,before_restoration,True,True,
sbm_clear_small,unsupported,,0,"bandwidth_type=-1/(d+2), benchmark_seed=123, branch_length_optimization_apply_nonconverged=False, branch_length_optimization_max_iterations=1000, branch_length_optimization_method=fixed_topology_nnls, branch_length_optimization_pair_sample_size=50000, branch_length_optimization_random_state=0, branch_length_optimization_solver_tolerance=1e-05, branch_length_optimization_target_metric=squared_standardized_euclidean, diffusion_method=adaptive_pydiffmap_diffusion, diffusion_time=3, edge_alpha=0.001, edge_branch_length_variance_policy=normalized_branch_length, epsilon=median, k_neighbors=10, metric=hamming, n_components=30, sibling_alpha=0.01, tree_linkage_method=average",60,60,2,ok,0.8688989349475136,2,"bandwidth_type=-1/(d+2), benchmark_seed=123, branch_length_optimization_apply_nonconverged=False, branch_length_optimization_max_iterations=1000, branch_length_optimization_method=fixed_topology_nnls, branch_length_optimization_pair_sample_size=50000, branch_length_optimization_random_state=0, branch_length_optimization_solver_tolerance=1e-05, branch_length_optimization_target_metric=squared_standardized_euclidean, diffusion_method=adaptive_pydiffmap_diffusion, diffusion_time=3, edge_alpha=0.001, edge_branch_length_variance_policy=normalized_branch_length, epsilon=median, k_neighbors=10, metric=hamming, n_components=30, sibling_alpha=0.01, tree_linkage_method=average",60,60,2,before_restoration,True,True,
sbm_moderate,ok,0.0,1,"bandwidth_type=-1/(d+2), benchmark_seed=124, branch_length_optimization_apply_nonconverged=False, branch_length_optimization_max_iterations=1000, branch_length_optimization_method=fixed_topology_nnls, branch_length_optimization_pair_sample_size=50000, branch_length_optimization_random_state=0, branch_length_optimization_solver_tolerance=1e-05, branch_length_optimization_target_metric=squared_standardized_euclidean, diffusion_method=adaptive_pydiffmap_diffusion, diffusion_time=3, edge_alpha=0.001, edge_branch_length_variance_policy=normalized_branch_length, epsilon=median, k_neighbors=10, metric=hamming, n_components=30, sibling_alpha=0.01, tree_linkage_method=average",120,120,3,ok,0.0,1,"bandwidth_type=-1/(d+2), benchmark_seed=124, branch_length_optimization_apply_nonconverged=False, branch_length_optimization_max_iterations=1000, branch_length_optimization_method=fixed_topology_nnls, branch_length_optimization_pair_sample_size=50000, branch_length_optimization_random_state=0, branch_length_optimization_solver_tolerance=1e-05, branch_length_optimization_target_metric=squared_standardized_euclidean, diffusion_method=adaptive_pydiffmap_diffusion, diffusion_time=3, edge_alpha=0.001, edge_branch_length_variance_policy=normalized_branch_length, epsilon=median, k_neighbors=10, metric=hamming, n_components=30, sibling_alpha=0.01, tree_linkage_method=average",120,120,3,before_restoration,True,True,0.0
sbm_hard,ok,0.0,1,"bandwidth_type=-1/(d+2), benchmark_seed=125, branch_length_optimization_apply_nonconverged=False, branch_length_optimization_max_iterations=1000, branch_length_optimization_method=fixed_topology_nnls, branch_length_optimization_pair_sample_size=50000, branch_length_optimization_random_state=0, branch_length_optimization_solver_tolerance=1e-05, branch_length_optimization_target_metric=squared_standardized_euclidean, diffusion_method=adaptive_pydiffmap_diffusion, diffusion_time=3, edge_alpha=0.001, edge_branch_length_variance_policy=normalized_branch_length, epsilon=median, k_neighbors=10, metric=hamming, n_components=30, sibling_alpha=0.01, tree_linkage_method=average",120,120,3,ok,0.0,1,"bandwidth_type=-1/(d+2), benchmark_seed=125, branch_length_optimization_apply_nonconverged=False, branch_length_optimization_max_iterations=1000, branch_length_optimization_method=fixed_topology_nnls, branch_length_optimization_pair_sample_size=50000, branch_length_optimization_random_state=0, branch_length_optimization_solver_tolerance=1e-05, branch_length_optimization_target_metric=squared_standardized_euclidean, diffusion_method=adaptive_pydiffmap_diffusion, diffusion_time=3, edge_alpha=0.001, edge_branch_length_variance_policy=normalized_branch_length, epsilon=median, k_neighbors=10, metric=hamming, n_components=30, sibling_alpha=0.01, tree_linkage_method=average",120,120,3,before_restoration,True,True,0.0
cat_clear_3cat_4c,unsupported,,0,"bandwidth_type=-1/(d+2), benchmark_seed=10000, branch_length_optimization_apply_nonconverged=False, branch_length_optimization_max_iterations=1000, branch_length_optimization_method=fixed_topology_nnls, branch_length_optimization_pair_sample_size=50000, branch_length_optimization_random_state=0, branch_length_optimization_solver_tolerance=1e-05, branch_length_optimization_target_metric=squared_standardized_euclidean, diffusion_method=adaptive_pydiffmap_diffusion, diffusion_time=3, edge_alpha=0.001, edge_branch_length_variance_policy=normalized_branch_length, epsilon=median, k_neighbors=10, metric=hamming, n_components=30, sibling_alpha=0.01, tree_linkage_method=average",100,150,4,ok,1.0,4,"bandwidth_type=-1/(d+2), benchmark_seed=10000, branch_length_optimization_apply_nonconverged=False, branch_length_optimization_max_iterations=1000, branch_length_optimization_method=fixed_topology_nnls, branch_length_optimization_pair_sample_size=50000, branch_length_optimization_random_state=0, branch_length_optimization_solver_tolerance=1e-05, branch_length_optimization_target_metric=squared_standardized_euclidean, diffusion_method=adaptive_pydiffmap_diffusion, diffusion_time=3, edge_alpha=0.001, edge_branch_length_variance_policy=normalized_branch_length, epsilon=median, k_neighbors=10, metric=hamming, n_components=30, sibling_alpha=0.01, tree_linkage_method=average",100,150,4,before_restoration,True,True,
cat_clear_4cat_4c,unsupported,,0,"bandwidth_type=-1/(d+2), benchmark_seed=10001, branch_length_optimization_apply_nonconverged=False, branch_length_optimization_max_iterations=1000, branch_length_optimization_method=fixed_topology_nnls, branch_length_optimization_pair_sample_size=50000, branch_length_optimization_random_state=0, branch_length_optimization_solver_tolerance=1e-05, branch_length_optimization_target_metric=squared_standardized_euclidean, diffusion_method=adaptive_pydiffmap_diffusion, diffusion_time=3, edge_alpha=0.001, edge_branch_length_variance_policy=normalized_branch_length, epsilon=median, k_neighbors=10, metric=hamming, n_components=30, sibling_alpha=0.01, tree_linkage_method=average",100,200,4,ok,1.0,4,"bandwidth_type=-1/(d+2), benchmark_seed=10001, branch_length_optimization_apply_nonconverged=False, branch_length_optimization_max_iterations=1000, branch_length_optimization_method=fixed_topology_nnls, branch_length_optimization_pair_sample_size=50000, branch_length_optimization_random_state=0, branch_length_optimization_solver_tolerance=1e-05, branch_length_optimization_target_metric=squared_standardized_euclidean, diffusion_method=adaptive_pydiffmap_diffusion, diffusion_time=3, edge_alpha=0.001, edge_branch_length_variance_policy=normalized_branch_length, epsilon=median, k_neighbors=10, metric=hamming, n_components=30, sibling_alpha=0.01, tree_linkage_method=average",100,200,4,before_restoration,True,True,
cat_clear_5cat_6c,unsupported,,0,"bandwidth_type=-1/(d+2), benchmark_seed=10002, branch_length_optimization_apply_nonconverged=False, branch_length_optimization_max_iterations=1000, branch_length_optimization_method=fixed_topology_nnls, branch_length_optimization_pair_sample_size=50000, branch_length_optimization_random_state=0, branch_length_optimization_solver_tolerance=1e-05, branch_length_optimization_target_metric=squared_standardized_euclidean, diffusion_method=adaptive_pydiffmap_diffusion, diffusion_time=3, edge_alpha=0.001, edge_branch_length_variance_policy=normalized_branch_length, epsilon=median, k_neighbors=10, metric=hamming, n_components=30, sibling_alpha=0.01, tree_linkage_method=average",150,400,6,ok,0.8185140073081608,5,"bandwidth_type=-1/(d+2), benchmark_seed=10002, branch_length_optimization_apply_nonconverged=False, branch_length_optimization_max_iterations=1000, branch_length_optimization_method=fixed_topology_nnls, branch_length_optimization_pair_sample_size=50000, branch_length_optimization_random_state=0, branch_length_optimization_solver_tolerance=1e-05, branch_length_optimization_target_metric=squared_standardized_euclidean, diffusion_method=adaptive_pydiffmap_diffusion, diffusion_time=3, edge_alpha=0.001, edge_branch_length_variance_policy=normalized_branch_length, epsilon=median, k_neighbors=10, metric=hamming, n_components=30, sibling_alpha=0.01, tree_linkage_method=average",150,400,6,before_restoration,True,True,
cat_mod_3cat_4c,unsupported,,0,"bandwidth_type=-1/(d+2), benchmark_seed=10100, branch_length_optimization_apply_nonconverged=False, branch_length_optimization_max_iterations=1000, branch_length_optimization_method=fixed_topology_nnls, branch_length_optimization_pair_sample_size=50000, branch_length_optimization_random_state=0, branch_length_optimization_solver_tolerance=1e-05, branch_length_optimization_target_metric=squared_standardized_euclidean, diffusion_method=adaptive_pydiffmap_diffusion, diffusion_time=3, edge_alpha=0.001, edge_branch_length_variance_policy=normalized_branch_length, epsilon=median, k_neighbors=10, metric=hamming, n_components=30, sibling_alpha=0.01, tree_linkage_method=average",120,180,4,ok,0.935142422764694,4,"bandwidth_type=-1/(d+2), benchmark_seed=10100, branch_length_optimization_apply_nonconverged=False, branch_length_optimization_max_iterations=1000, branch_length_optimization_method=fixed_topology_nnls, branch_length_optimization_pair_sample_size=50000, branch_length_optimization_random_state=0, branch_length_optimization_solver_tolerance=1e-05, branch_length_optimization_target_metric=squared_standardized_euclidean, diffusion_method=adaptive_pydiffmap_diffusion, diffusion_time=3, edge_alpha=0.001, edge_branch_length_variance_policy=normalized_branch_length, epsilon=median, k_neighbors=10, metric=hamming, n_components=30, sibling_alpha=0.01, tree_linkage_method=average",120,180,4,before_restoration,True,True,
cat_mod_4cat_6c,unsupported,,0,"bandwidth_type=-1/(d+2), benchmark_seed=10101, branch_length_optimization_apply_nonconverged=False, branch_length_optimization_max_iterations=1000, branch_length_optimization_method=fixed_topology_nnls, branch_length_optimization_pair_sample_size=50000, branch_length_optimization_random_state=0, branch_length_optimization_solver_tolerance=1e-05, branch_length_optimization_target_metric=squared_standardized_euclidean, diffusion_method=adaptive_pydiffmap_diffusion, diffusion_time=3, edge_alpha=0.001, edge_branch_length_variance_policy=normalized_branch_length, epsilon=median, k_neighbors=10, metric=hamming, n_components=30, sibling_alpha=0.01, tree_linkage_method=average",180,400,6,ok,0.9865142168323924,6,"bandwidth_type=-1/(d+2), benchmark_seed=10101, branch_length_optimization_apply_nonconverged=False, branch_length_optimization_max_iterations=1000, branch_length_optimization_method=fixed_topology_nnls, branch_length_optimization_pair_sample_size=50000, branch_length_optimization_random_state=0, branch_length_optimization_solver_tolerance=1e-05, branch_length_optimization_target_metric=squared_standardized_euclidean, diffusion_method=adaptive_pydiffmap_diffusion, diffusion_time=3, edge_alpha=0.001, edge_branch_length_variance_policy=normalized_branch_length, epsilon=median, k_neighbors=10, metric=hamming, n_components=30, sibling_alpha=0.01, tree_linkage_method=average",180,400,6,before_restoration,True,True,
cat_highcard_10cat_4c,unsupported,,0,"bandwidth_type=-1/(d+2), benchmark_seed=10200, branch_length_optimization_apply_nonconverged=False, branch_length_optimization_max_iterations=1000, branch_length_optimization_method=fixed_topology_nnls, branch_length_optimization_pair_sample_size=50000, branch_length_optimization_random_state=0, branch_length_optimization_solver_tolerance=1e-05, branch_length_optimization_target_metric=squared_standardized_euclidean, diffusion_method=adaptive_pydiffmap_diffusion, diffusion_time=3, edge_alpha=0.001, edge_branch_length_variance_policy=normalized_branch_length, epsilon=median, k_neighbors=10, metric=hamming, n_components=30, sibling_alpha=0.01, tree_linkage_method=average",200,500,4,ok,0.986598879940902,4,"bandwidth_type=-1/(d+2), benchmark_seed=10200, branch_length_optimization_apply_nonconverged=False, branch_length_optimization_max_iterations=1000, branch_length_optimization_method=fixed_topology_nnls, branch_length_optimization_pair_sample_size=50000, branch_length_optimization_random_state=0, branch_length_optimization_solver_tolerance=1e-05, branch_length_optimization_target_metric=squared_standardized_euclidean, diffusion_method=adaptive_pydiffmap_diffusion, diffusion_time=3, edge_alpha=0.001, edge_branch_length_variance_policy=normalized_branch_length, epsilon=median, k_neighbors=10, metric=hamming, n_components=30, sibling_alpha=0.01, tree_linkage_method=average",200,500,4,before_restoration,True,True,
cat_highcard_20cat_4c,unsupported,,0,"bandwidth_type=-1/(d+2), benchmark_seed=10201, branch_length_optimization_apply_nonconverged=False, branch_length_optimization_max_iterations=1000, branch_length_optimization_method=fixed_topology_nnls, branch_length_optimization_pair_sample_size=50000, branch_length_optimization_random_state=0, branch_length_optimization_solver_tolerance=1e-05, branch_length_optimization_target_metric=squared_standardized_euclidean, diffusion_method=adaptive_pydiffmap_diffusion, diffusion_time=3, edge_alpha=0.001, edge_branch_length_variance_policy=normalized_branch_length, epsilon=median, k_neighbors=10, metric=hamming, n_components=30, sibling_alpha=0.01, tree_linkage_method=average",200,800,4,unsupported,,0,"bandwidth_type=-1/(d+2), benchmark_seed=10201, branch_length_optimization_apply_nonconverged=False, branch_length_optimization_max_iterations=1000, branch_length_optimization_method=fixed_topology_nnls, branch_length_optimization_pair_sample_size=50000, branch_length_optimization_random_state=0, branch_length_optimization_solver_tolerance=1e-05, branch_length_optimization_target_metric=squared_standardized_euclidean, diffusion_method=adaptive_pydiffmap_diffusion, diffusion_time=3, edge_alpha=0.001, edge_branch_length_variance_policy=normalized_branch_length, epsilon=median, k_neighbors=10, metric=hamming, n_components=30, sibling_alpha=0.01, tree_linkage_method=average",200,800,4,before_restoration,True,True,
cat_unbal_3cat_4c,unsupported,,0,"bandwidth_type=-1/(d+2), benchmark_seed=10300, branch_length_optimization_apply_nonconverged=False, branch_length_optimization_max_iterations=1000, branch_length_optimization_method=fixed_topology_nnls, branch_length_optimization_pair_sample_size=50000, branch_length_optimization_random_state=0, branch_length_optimization_solver_tolerance=1e-05, branch_length_optimization_target_metric=squared_standardized_euclidean, diffusion_method=adaptive_pydiffmap_diffusion, diffusion_time=3, edge_alpha=0.001, edge_branch_length_variance_policy=normalized_branch_length, epsilon=median, k_neighbors=10, metric=hamming, n_components=30, sibling_alpha=0.01, tree_linkage_method=average",150,180,4,ok,0.9809920929302728,4,"bandwidth_type=-1/(d+2), benchmark_seed=10300, branch_length_optimization_apply_nonconverged=False, branch_length_optimization_max_iterations=1000, branch_length_optimization_method=fixed_topology_nnls, branch_length_optimization_pair_sample_size=50000, branch_length_optimization_random_state=0, branch_length_optimization_solver_tolerance=1e-05, branch_length_optimization_target_metric=squared_standardized_euclidean, diffusion_method=adaptive_pydiffmap_diffusion, diffusion_time=3, edge_alpha=0.001, edge_branch_length_variance_policy=normalized_branch_length, epsilon=median, k_neighbors=10, metric=hamming, n_components=30, sibling_alpha=0.01, tree_linkage_method=average",150,180,4,before_restoration,True,True,
cat_overlap_3cat_4c,unsupported,,0,"bandwidth_type=-1/(d+2), benchmark_seed=10400, branch_length_optimization_apply_nonconverged=False, branch_length_optimization_max_iterations=1000, branch_length_optimization_method=fixed_topology_nnls, branch_length_optimization_pair_sample_size=50000, branch_length_optimization_random_state=0, branch_length_optimization_solver_tolerance=1e-05, branch_length_optimization_target_metric=squared_standardized_euclidean, diffusion_method=adaptive_pydiffmap_diffusion, diffusion_time=3, edge_alpha=0.001, edge_branch_length_variance_policy=normalized_branch_length, epsilon=median, k_neighbors=10, metric=hamming, n_components=30, sibling_alpha=0.01, tree_linkage_method=average",400,300,4,ok,0.8644848643817469,4,"bandwidth_type=-1/(d+2), benchmark_seed=10400, branch_length_optimization_apply_nonconverged=False, branch_length_optimization_max_iterations=1000, branch_length_optimization_method=fixed_topology_nnls, branch_length_optimization_pair_sample_size=50000, branch_length_optimization_random_state=0, branch_length_optimization_solver_tolerance=1e-05, branch_length_optimization_target_metric=squared_standardized_euclidean, diffusion_method=adaptive_pydiffmap_diffusion, diffusion_time=3, edge_alpha=0.001, edge_branch_length_variance_policy=normalized_branch_length, epsilon=median, k_neighbors=10, metric=hamming, n_components=30, sibling_alpha=0.01, tree_linkage_method=average",400,300,4,before_restoration,True,True,
cat_highd_3cat_500feat,unsupported,,0,"bandwidth_type=-1/(d+2), benchmark_seed=10600, branch_length_optimization_apply_nonconverged=False, branch_length_optimization_max_iterations=1000, branch_length_optimization_method=fixed_topology_nnls, branch_length_optimization_pair_sample_size=50000, branch_length_optimization_random_state=0, branch_length_optimization_solver_tolerance=1e-05, branch_length_optimization_target_metric=squared_standardized_euclidean, diffusion_method=adaptive_pydiffmap_diffusion, diffusion_time=3, edge_alpha=0.001, edge_branch_length_variance_policy=normalized_branch_length, epsilon=median, k_neighbors=10, metric=hamming, n_components=30, sibling_alpha=0.01, tree_linkage_method=average",200,1500,4,ok,0.0984600374207634,68,"bandwidth_type=-1/(d+2), benchmark_seed=10600, branch_length_optimization_apply_nonconverged=False, branch_length_optimization_max_iterations=1000, branch_length_optimization_method=fixed_topology_nnls, branch_length_optimization_pair_sample_size=50000, branch_length_optimization_random_state=0, branch_length_optimization_solver_tolerance=1e-05, branch_length_optimization_target_metric=squared_standardized_euclidean, diffusion_method=adaptive_pydiffmap_diffusion, diffusion_time=3, edge_alpha=0.001, edge_branch_length_variance_policy=normalized_branch_length, epsilon=median, k_neighbors=10, metric=hamming, n_components=30, sibling_alpha=0.01, tree_linkage_method=average",200,1500,4,before_restoration,True,True,
cat_highd_4cat_1000feat,unsupported,,0,"bandwidth_type=-1/(d+2), benchmark_seed=10601, branch_length_optimization_apply_nonconverged=False, branch_length_optimization_max_iterations=1000, branch_length_optimization_method=fixed_topology_nnls, branch_length_optimization_pair_sample_size=50000, branch_length_optimization_random_state=0, branch_length_optimization_solver_tolerance=1e-05, branch_length_optimization_target_metric=squared_standardized_euclidean, diffusion_method=adaptive_pydiffmap_diffusion, diffusion_time=3, edge_alpha=0.001, edge_branch_length_variance_policy=normalized_branch_length, epsilon=median, k_neighbors=10, metric=hamming, n_components=30, sibling_alpha=0.01, tree_linkage_method=average",300,4000,6,ok,1.0,6,"bandwidth_type=-1/(d+2), benchmark_seed=10601, branch_length_optimization_apply_nonconverged=False, branch_length_optimization_max_iterations=1000, branch_length_optimization_method=fixed_topology_nnls, branch_length_optimization_pair_sample_size=50000, branch_length_optimization_random_state=0, branch_length_optimization_solver_tolerance=1e-05, branch_length_optimization_target_metric=squared_standardized_euclidean, diffusion_method=adaptive_pydiffmap_diffusion, diffusion_time=3, edge_alpha=0.001, edge_branch_length_variance_policy=normalized_branch_length, epsilon=median, k_neighbors=10, metric=hamming, n_components=30, sibling_alpha=0.01, tree_linkage_method=average",300,4000,6,before_restoration,True,True,
phylo_dna_4taxa_low_mut,unsupported,,0,"bandwidth_type=-1/(d+2), benchmark_seed=11000, branch_length_optimization_apply_nonconverged=False, branch_length_optimization_max_iterations=1000, branch_length_optimization_method=fixed_topology_nnls, branch_length_optimization_pair_sample_size=50000, branch_length_optimization_random_state=0, branch_length_optimization_solver_tolerance=1e-05, branch_length_optimization_target_metric=squared_standardized_euclidean, diffusion_method=adaptive_pydiffmap_diffusion, diffusion_time=3, edge_alpha=0.001, edge_branch_length_variance_policy=normalized_branch_length, epsilon=median, k_neighbors=10, metric=hamming, n_components=30, sibling_alpha=0.01, tree_linkage_method=average",100,400,4,ok,1.0,4,"bandwidth_type=-1/(d+2), benchmark_seed=11000, branch_length_optimization_apply_nonconverged=False, branch_length_optimization_max_iterations=1000, branch_length_optimization_method=fixed_topology_nnls, branch_length_optimization_pair_sample_size=50000, branch_length_optimization_random_state=0, branch_length_optimization_solver_tolerance=1e-05, branch_length_optimization_target_metric=squared_standardized_euclidean, diffusion_method=adaptive_pydiffmap_diffusion, diffusion_time=3, edge_alpha=0.001, edge_branch_length_variance_policy=normalized_branch_length, epsilon=median, k_neighbors=10, metric=hamming, n_components=30, sibling_alpha=0.01, tree_linkage_method=average",100,400,4,before_restoration,True,True,
phylo_dna_8taxa_low_mut,unsupported,,0,"bandwidth_type=-1/(d+2), benchmark_seed=11001, branch_length_optimization_apply_nonconverged=False, branch_length_optimization_max_iterations=1000, branch_length_optimization_method=fixed_topology_nnls, branch_length_optimization_pair_sample_size=50000, branch_length_optimization_random_state=0, branch_length_optimization_solver_tolerance=1e-05, branch_length_optimization_target_metric=squared_standardized_euclidean, diffusion_method=adaptive_pydiffmap_diffusion, diffusion_time=3, edge_alpha=0.001, edge_branch_length_variance_policy=normalized_branch_length, epsilon=median, k_neighbors=10, metric=hamming, n_components=30, sibling_alpha=0.01, tree_linkage_method=average",160,800,8,ok,1.0,8,"bandwidth_type=-1/(d+2), benchmark_seed=11001, branch_length_optimization_apply_nonconverged=False, branch_length_optimization_max_iterations=1000, branch_length_optimization_method=fixed_topology_nnls, branch_length_optimization_pair_sample_size=50000, branch_length_optimization_random_state=0, branch_length_optimization_solver_tolerance=1e-05, branch_length_optimization_target_metric=squared_standardized_euclidean, diffusion_method=adaptive_pydiffmap_diffusion, diffusion_time=3, edge_alpha=0.001, edge_branch_length_variance_policy=normalized_branch_length, epsilon=median, k_neighbors=10, metric=hamming, n_components=30, sibling_alpha=0.01, tree_linkage_method=average",160,800,8,before_restoration,True,True,
phylo_dna_8taxa_med_mut,unsupported,,0,"bandwidth_type=-1/(d+2), benchmark_seed=11002, branch_length_optimization_apply_nonconverged=False, branch_length_optimization_max_iterations=1000, branch_length_optimization_method=fixed_topology_nnls, branch_length_optimization_pair_sample_size=50000, branch_length_optimization_random_state=0, branch_length_optimization_solver_tolerance=1e-05, branch_length_optimization_target_metric=squared_standardized_euclidean, diffusion_method=adaptive_pydiffmap_diffusion, diffusion_time=3, edge_alpha=0.001, edge_branch_length_variance_policy=normalized_branch_length, epsilon=median, k_neighbors=10, metric=hamming, n_components=30, sibling_alpha=0.01, tree_linkage_method=average",160,800,8,ok,1.0,8,"bandwidth_type=-1/(d+2), benchmark_seed=11002, branch_length_optimization_apply_nonconverged=False, branch_length_optimization_max_iterations=1000, branch_length_optimization_method=fixed_topology_nnls, branch_length_optimization_pair_sample_size=50000, branch_length_optimization_random_state=0, branch_length_optimization_solver_tolerance=1e-05, branch_length_optimization_target_metric=squared_standardized_euclidean, diffusion_method=adaptive_pydiffmap_diffusion, diffusion_time=3, edge_alpha=0.001, edge_branch_length_variance_policy=normalized_branch_length, epsilon=median, k_neighbors=10, metric=hamming, n_components=30, sibling_alpha=0.01, tree_linkage_method=average",160,800,8,before_restoration,True,True,
phylo_dna_16taxa_low_mut,unsupported,,0,"bandwidth_type=-1/(d+2), benchmark_seed=11003, branch_length_optimization_apply_nonconverged=False, branch_length_optimization_max_iterations=1000, branch_length_optimization_method=fixed_topology_nnls, branch_length_optimization_pair_sample_size=50000, branch_length_optimization_random_state=0, branch_length_optimization_solver_tolerance=1e-05, branch_length_optimization_target_metric=squared_standardized_euclidean, diffusion_method=adaptive_pydiffmap_diffusion, diffusion_time=3, edge_alpha=0.001, edge_branch_length_variance_policy=normalized_branch_length, epsilon=median, k_neighbors=10, metric=hamming, n_components=30, sibling_alpha=0.01, tree_linkage_method=average",240,2000,16,ok,1.0,16,"bandwidth_type=-1/(d+2), benchmark_seed=11003, branch_length_optimization_apply_nonconverged=False, branch_length_optimization_max_iterations=1000, branch_length_optimization_method=fixed_topology_nnls, branch_length_optimization_pair_sample_size=50000, branch_length_optimization_random_state=0, branch_length_optimization_solver_tolerance=1e-05, branch_length_optimization_target_metric=squared_standardized_euclidean, diffusion_method=adaptive_pydiffmap_diffusion, diffusion_time=3, edge_alpha=0.001, edge_branch_length_variance_policy=normalized_branch_length, epsilon=median, k_neighbors=10, metric=hamming, n_components=30, sibling_alpha=0.01, tree_linkage_method=average",240,2000,16,before_restoration,True,True,
phylo_protein_4taxa,unsupported,,0,"bandwidth_type=-1/(d+2), benchmark_seed=11100, branch_length_optimization_apply_nonconverged=False, branch_length_optimization_max_iterations=1000, branch_length_optimization_method=fixed_topology_nnls, branch_length_optimization_pair_sample_size=50000, branch_length_optimization_random_state=0, branch_length_optimization_solver_tolerance=1e-05, branch_length_optimization_target_metric=squared_standardized_euclidean, diffusion_method=adaptive_pydiffmap_diffusion, diffusion_time=3, edge_alpha=0.001, edge_branch_length_variance_policy=normalized_branch_length, epsilon=median, k_neighbors=10, metric=hamming, n_components=30, sibling_alpha=0.01, tree_linkage_method=average",120,1000,4,ok,1.0,4,"bandwidth_type=-1/(d+2), benchmark_seed=11100, branch_length_optimization_apply_nonconverged=False, branch_length_optimization_max_iterations=1000, branch_length_optimization_method=fixed_topology_nnls, branch_length_optimization_pair_sample_size=50000, branch_length_optimization_random_state=0, branch_length_optimization_solver_tolerance=1e-05, branch_length_optimization_target_metric=squared_standardized_euclidean, diffusion_method=adaptive_pydiffmap_diffusion, diffusion_time=3, edge_alpha=0.001, edge_branch_length_variance_policy=normalized_branch_length, epsilon=median, k_neighbors=10, metric=hamming, n_components=30, sibling_alpha=0.01, tree_linkage_method=average",120,1000,4,before_restoration,True,True,
phylo_protein_8taxa,unsupported,,0,"bandwidth_type=-1/(d+2), benchmark_seed=11101, branch_length_optimization_apply_nonconverged=False, branch_length_optimization_max_iterations=1000, branch_length_optimization_method=fixed_topology_nnls, branch_length_optimization_pair_sample_size=50000, branch_length_optimization_random_state=0, branch_length_optimization_solver_tolerance=1e-05, branch_length_optimization_target_metric=squared_standardized_euclidean, diffusion_method=adaptive_pydiffmap_diffusion, diffusion_time=3, edge_alpha=0.001, edge_branch_length_variance_policy=normalized_branch_length, epsilon=median, k_neighbors=10, metric=hamming, n_components=30, sibling_alpha=0.01, tree_linkage_method=average",160,2000,8,ok,1.0,8,"bandwidth_type=-1/(d+2), benchmark_seed=11101, branch_length_optimization_apply_nonconverged=False, branch_length_optimization_max_iterations=1000, branch_length_optimization_method=fixed_topology_nnls, branch_length_optimization_pair_sample_size=50000, branch_length_optimization_random_state=0, branch_length_optimization_solver_tolerance=1e-05, branch_length_optimization_target_metric=squared_standardized_euclidean, diffusion_method=adaptive_pydiffmap_diffusion, diffusion_time=3, edge_alpha=0.001, edge_branch_length_variance_policy=normalized_branch_length, epsilon=median, k_neighbors=10, metric=hamming, n_components=30, sibling_alpha=0.01, tree_linkage_method=average",160,2000,8,before_restoration,True,True,
phylo_protein_12taxa,unsupported,,0,"bandwidth_type=-1/(d+2), benchmark_seed=11102, branch_length_optimization_apply_nonconverged=False, branch_length_optimization_max_iterations=1000, branch_length_optimization_method=fixed_topology_nnls, branch_length_optimization_pair_sample_size=50000, branch_length_optimization_random_state=0, branch_length_optimization_solver_tolerance=1e-05, branch_length_optimization_target_metric=squared_standardized_euclidean, diffusion_method=adaptive_pydiffmap_diffusion, diffusion_time=3, edge_alpha=0.001, edge_branch_length_variance_policy=normalized_branch_length, epsilon=median, k_neighbors=10, metric=hamming, n_components=30, sibling_alpha=0.01, tree_linkage_method=average",180,3000,12,ok,0.9631584037374742,16,"bandwidth_type=-1/(d+2), benchmark_seed=11102, branch_length_optimization_apply_nonconverged=False, branch_length_optimization_max_iterations=1000, branch_length_optimization_method=fixed_topology_nnls, branch_length_optimization_pair_sample_size=50000, branch_length_optimization_random_state=0, branch_length_optimization_solver_tolerance=1e-05, branch_length_optimization_target_metric=squared_standardized_euclidean, diffusion_method=adaptive_pydiffmap_diffusion, diffusion_time=3, edge_alpha=0.001, edge_branch_length_variance_policy=normalized_branch_length, epsilon=median, k_neighbors=10, metric=hamming, n_components=30, sibling_alpha=0.01, tree_linkage_method=average",180,3000,12,before_restoration,True,True,
phylo_divergent_4taxa,unsupported,,0,"bandwidth_type=-1/(d+2), benchmark_seed=11200, branch_length_optimization_apply_nonconverged=False, branch_length_optimization_max_iterations=1000, branch_length_optimization_method=fixed_topology_nnls, branch_length_optimization_pair_sample_size=50000, branch_length_optimization_random_state=0, branch_length_optimization_solver_tolerance=1e-05, branch_length_optimization_target_metric=squared_standardized_euclidean, diffusion_method=adaptive_pydiffmap_diffusion, diffusion_time=3, edge_alpha=0.001, edge_branch_length_variance_policy=normalized_branch_length, epsilon=median, k_neighbors=10, metric=hamming, n_components=30, sibling_alpha=0.01, tree_linkage_method=average",100,400,4,ok,1.0,4,"bandwidth_type=-1/(d+2), benchmark_seed=11200, branch_length_optimization_apply_nonconverged=False, branch_length_optimization_max_iterations=1000, branch_length_optimization_method=fixed_topology_nnls, branch_length_optimization_pair_sample_size=50000, branch_length_optimization_random_state=0, branch_length_optimization_solver_tolerance=1e-05, branch_length_optimization_target_metric=squared_standardized_euclidean, diffusion_method=adaptive_pydiffmap_diffusion, diffusion_time=3, edge_alpha=0.001, edge_branch_length_variance_policy=normalized_branch_length, epsilon=median, k_neighbors=10, metric=hamming, n_components=30, sibling_alpha=0.01, tree_linkage_method=average",100,400,4,before_restoration,True,True,
phylo_divergent_8taxa,unsupported,,0,"bandwidth_type=-1/(d+2), benchmark_seed=11201, branch_length_optimization_apply_nonconverged=False, branch_length_optimization_max_iterations=1000, branch_length_optimization_method=fixed_topology_nnls, branch_length_optimization_pair_sample_size=50000, branch_length_optimization_random_state=0, branch_length_optimization_solver_tolerance=1e-05, branch_length_optimization_target_metric=squared_standardized_euclidean, diffusion_method=adaptive_pydiffmap_diffusion, diffusion_time=3, edge_alpha=0.001, edge_branch_length_variance_policy=normalized_branch_length, epsilon=median, k_neighbors=10, metric=hamming, n_components=30, sibling_alpha=0.01, tree_linkage_method=average",160,800,8,ok,1.0,8,"bandwidth_type=-1/(d+2), benchmark_seed=11201, branch_length_optimization_apply_nonconverged=False, branch_length_optimization_max_iterations=1000, branch_length_optimization_method=fixed_topology_nnls, branch_length_optimization_pair_sample_size=50000, branch_length_optimization_random_state=0, branch_length_optimization_solver_tolerance=1e-05, branch_length_optimization_target_metric=squared_standardized_euclidean, diffusion_method=adaptive_pydiffmap_diffusion, diffusion_time=3, edge_alpha=0.001, edge_branch_length_variance_policy=normalized_branch_length, epsilon=median, k_neighbors=10, metric=hamming, n_components=30, sibling_alpha=0.01, tree_linkage_method=average",160,800,8,before_restoration,True,True,
phylo_conserved_4taxa,skip,,0,"bandwidth_type=-1/(d+2), benchmark_seed=11300, branch_length_optimization_apply_nonconverged=False, branch_length_optimization_max_iterations=1000, branch_length_optimization_method=fixed_topology_nnls, branch_length_optimization_pair_sample_size=50000, branch_length_optimization_random_state=0, branch_length_optimization_solver_tolerance=1e-05, branch_length_optimization_target_metric=squared_standardized_euclidean, diffusion_method=adaptive_pydiffmap_diffusion, diffusion_time=3, edge_alpha=0.001, edge_branch_length_variance_policy=normalized_branch_length, epsilon=median, k_neighbors=10, metric=hamming, n_components=30, sibling_alpha=0.01, tree_linkage_method=average",100,400,4,skip,,0,"bandwidth_type=-1/(d+2), benchmark_seed=11300, branch_length_optimization_apply_nonconverged=False, branch_length_optimization_max_iterations=1000, branch_length_optimization_method=fixed_topology_nnls, branch_length_optimization_pair_sample_size=50000, branch_length_optimization_random_state=0, branch_length_optimization_solver_tolerance=1e-05, branch_length_optimization_target_metric=squared_standardized_euclidean, diffusion_method=adaptive_pydiffmap_diffusion, diffusion_time=3, edge_alpha=0.001, edge_branch_length_variance_policy=normalized_branch_length, epsilon=median, k_neighbors=10, metric=hamming, n_components=30, sibling_alpha=0.01, tree_linkage_method=average",100,400,4,before_restoration,True,True,
phylo_conserved_8taxa,unsupported,,0,"bandwidth_type=-1/(d+2), benchmark_seed=11301, branch_length_optimization_apply_nonconverged=False, branch_length_optimization_max_iterations=1000, branch_length_optimization_method=fixed_topology_nnls, branch_length_optimization_pair_sample_size=50000, branch_length_optimization_random_state=0, branch_length_optimization_solver_tolerance=1e-05, branch_length_optimization_target_metric=squared_standardized_euclidean, diffusion_method=adaptive_pydiffmap_diffusion, diffusion_time=3, edge_alpha=0.001, edge_branch_length_variance_policy=normalized_branch_length, epsilon=median, k_neighbors=10, metric=hamming, n_components=30, sibling_alpha=0.01, tree_linkage_method=average",160,800,8,ok,1.0,8,"bandwidth_type=-1/(d+2), benchmark_seed=11301, branch_length_optimization_apply_nonconverged=False, branch_length_optimization_max_iterations=1000, branch_length_optimization_method=fixed_topology_nnls, branch_length_optimization_pair_sample_size=50000, branch_length_optimization_random_state=0, branch_length_optimization_solver_tolerance=1e-05, branch_length_optimization_target_metric=squared_standardized_euclidean, diffusion_method=adaptive_pydiffmap_diffusion, diffusion_time=3, edge_alpha=0.001, edge_branch_length_variance_policy=normalized_branch_length, epsilon=median, k_neighbors=10, metric=hamming, n_components=30, sibling_alpha=0.01, tree_linkage_method=average",160,800,8,before_restoration,True,True,
phylo_large_32taxa,unsupported,,0,"bandwidth_type=-1/(d+2), benchmark_seed=11400, branch_length_optimization_apply_nonconverged=False, branch_length_optimization_max_iterations=1000, branch_length_optimization_method=fixed_topology_nnls, branch_length_optimization_pair_sample_size=50000, branch_length_optimization_random_state=0, branch_length_optimization_solver_tolerance=1e-05, branch_length_optimization_target_metric=squared_standardized_euclidean, diffusion_method=adaptive_pydiffmap_diffusion, diffusion_time=3, edge_alpha=0.001, edge_branch_length_variance_policy=normalized_branch_length, epsilon=median, k_neighbors=10, metric=hamming, n_components=30, sibling_alpha=0.01, tree_linkage_method=average",320,2000,32,ok,0.9702459296721974,45,"bandwidth_type=-1/(d+2), benchmark_seed=11400, branch_length_optimization_apply_nonconverged=False, branch_length_optimization_max_iterations=1000, branch_length_optimization_method=fixed_topology_nnls, branch_length_optimization_pair_sample_size=50000, branch_length_optimization_random_state=0, branch_length_optimization_solver_tolerance=1e-05, branch_length_optimization_target_metric=squared_standardized_euclidean, diffusion_method=adaptive_pydiffmap_diffusion, diffusion_time=3, edge_alpha=0.001, edge_branch_length_variance_policy=normalized_branch_length, epsilon=median, k_neighbors=10, metric=hamming, n_components=30, sibling_alpha=0.01, tree_linkage_method=average",320,2000,32,before_restoration,True,True,
phylo_large_64taxa,unsupported,,0,"bandwidth_type=-1/(d+2), benchmark_seed=11401, branch_length_optimization_apply_nonconverged=False, branch_length_optimization_max_iterations=1000, branch_length_optimization_method=fixed_topology_nnls, branch_length_optimization_pair_sample_size=50000, branch_length_optimization_random_state=0, branch_length_optimization_solver_tolerance=1e-05, branch_length_optimization_target_metric=squared_standardized_euclidean, diffusion_method=adaptive_pydiffmap_diffusion, diffusion_time=3, edge_alpha=0.001, edge_branch_length_variance_policy=normalized_branch_length, epsilon=median, k_neighbors=10, metric=hamming, n_components=30, sibling_alpha=0.01, tree_linkage_method=average",512,4000,64,ok,0.6879298333911303,54,"bandwidth_type=-1/(d+2), benchmark_seed=11401, branch_length_optimization_apply_nonconverged=False, branch_length_optimization_max_iterations=1000, branch_length_optimization_method=fixed_topology_nnls, branch_length_optimization_pair_sample_size=50000, branch_length_optimization_random_state=0, branch_length_optimization_solver_tolerance=1e-05, branch_length_optimization_target_metric=squared_standardized_euclidean, diffusion_method=adaptive_pydiffmap_diffusion, diffusion_time=3, edge_alpha=0.001, edge_branch_length_variance_policy=normalized_branch_length, epsilon=median, k_neighbors=10, metric=hamming, n_components=30, sibling_alpha=0.01, tree_linkage_method=average",512,4000,64,before_restoration,True,True,
overlap_heavy_4c_small_feat,unsupported,,0,"bandwidth_type=-1/(d+2), benchmark_seed=8000, branch_length_optimization_apply_nonconverged=False, branch_length_optimization_max_iterations=1000, branch_length_optimization_method=fixed_topology_nnls, branch_length_optimization_pair_sample_size=50000, branch_length_optimization_random_state=0, branch_length_optimization_solver_tolerance=1e-05, branch_length_optimization_target_metric=squared_standardized_euclidean, diffusion_method=adaptive_pydiffmap_diffusion, diffusion_time=3, edge_alpha=0.001, edge_branch_length_variance_policy=normalized_branch_length, epsilon=median, k_neighbors=10, metric=hamming, n_components=30, sibling_alpha=0.01, tree_linkage_method=average",500,50,4,ok,0.0,1,"bandwidth_type=-1/(d+2), benchmark_seed=8000, branch_length_optimization_apply_nonconverged=False, branch_length_optimization_max_iterations=1000, branch_length_optimization_method=fixed_topology_nnls, branch_length_optimization_pair_sample_size=50000, branch_length_optimization_random_state=0, branch_length_optimization_solver_tolerance=1e-05, branch_length_optimization_target_metric=squared_standardized_euclidean, diffusion_method=adaptive_pydiffmap_diffusion, diffusion_time=3, edge_alpha=0.001, edge_branch_length_variance_policy=normalized_branch_length, epsilon=median, k_neighbors=10, metric=hamming, n_components=30, sibling_alpha=0.01, tree_linkage_method=average",500,50,4,before_restoration,True,True,
overlap_heavy_4c_med_feat,unsupported,,0,"bandwidth_type=-1/(d+2), benchmark_seed=8001, branch_length_optimization_apply_nonconverged=False, branch_length_optimization_max_iterations=1000, branch_length_optimization_method=fixed_topology_nnls, branch_length_optimization_pair_sample_size=50000, branch_length_optimization_random_state=0, branch_length_optimization_solver_tolerance=1e-05, branch_length_optimization_target_metric=squared_standardized_euclidean, diffusion_method=adaptive_pydiffmap_diffusion, diffusion_time=3, edge_alpha=0.001, edge_branch_length_variance_policy=normalized_branch_length, epsilon=median, k_neighbors=10, metric=hamming, n_components=30, sibling_alpha=0.01, tree_linkage_method=average",500,200,4,ok,0.0,1,"bandwidth_type=-1/(d+2), benchmark_seed=8001, branch_length_optimization_apply_nonconverged=False, branch_length_optimization_max_iterations=1000, branch_length_optimization_method=fixed_topology_nnls, branch_length_optimization_pair_sample_size=50000, branch_length_optimization_random_state=0, branch_length_optimization_solver_tolerance=1e-05, branch_length_optimization_target_metric=squared_standardized_euclidean, diffusion_method=adaptive_pydiffmap_diffusion, diffusion_time=3, edge_alpha=0.001, edge_branch_length_variance_policy=normalized_branch_length, epsilon=median, k_neighbors=10, metric=hamming, n_components=30, sibling_alpha=0.01, tree_linkage_method=average",500,200,4,before_restoration,True,True,
overlap_heavy_8c_large_feat,unsupported,,0,"bandwidth_type=-1/(d+2), benchmark_seed=8002, branch_length_optimization_apply_nonconverged=False, branch_length_optimization_max_iterations=1000, branch_length_optimization_method=fixed_topology_nnls, branch_length_optimization_pair_sample_size=50000, branch_length_optimization_random_state=0, branch_length_optimization_solver_tolerance=1e-05, branch_length_optimization_target_metric=squared_standardized_euclidean, diffusion_method=adaptive_pydiffmap_diffusion, diffusion_time=3, edge_alpha=0.001, edge_branch_length_variance_policy=normalized_branch_length, epsilon=median, k_neighbors=10, metric=hamming, n_components=30, sibling_alpha=0.01, tree_linkage_method=average",800,500,8,ok,0.0,1,"bandwidth_type=-1/(d+2), benchmark_seed=8002, branch_length_optimization_apply_nonconverged=False, branch_length_optimization_max_iterations=1000, branch_length_optimization_method=fixed_topology_nnls, branch_length_optimization_pair_sample_size=50000, branch_length_optimization_random_state=0, branch_length_optimization_solver_tolerance=1e-05, branch_length_optimization_target_metric=squared_standardized_euclidean, diffusion_method=adaptive_pydiffmap_diffusion, diffusion_time=3, edge_alpha=0.001, edge_branch_length_variance_policy=normalized_branch_length, epsilon=median, k_neighbors=10, metric=hamming, n_components=30, sibling_alpha=0.01, tree_linkage_method=average",800,500,8,before_restoration,True,True,
overlap_mod_4c_small,unsupported,,0,"bandwidth_type=-1/(d+2), benchmark_seed=8100, branch_length_optimization_apply_nonconverged=False, branch_length_optimization_max_iterations=1000, branch_length_optimization_method=fixed_topology_nnls, branch_length_optimization_pair_sample_size=50000, branch_length_optimization_random_state=0, branch_length_optimization_solver_tolerance=1e-05, branch_length_optimization_target_metric=squared_standardized_euclidean, diffusion_method=adaptive_pydiffmap_diffusion, diffusion_time=3, edge_alpha=0.001, edge_branch_length_variance_policy=normalized_branch_length, epsilon=median, k_neighbors=10, metric=hamming, n_components=30, sibling_alpha=0.01, tree_linkage_method=average",400,80,4,ok,0.8520629763241513,4,"bandwidth_type=-1/(d+2), benchmark_seed=8100, branch_length_optimization_apply_nonconverged=False, branch_length_optimization_max_iterations=1000, branch_length_optimization_method=fixed_topology_nnls, branch_length_optimization_pair_sample_size=50000, branch_length_optimization_random_state=0, branch_length_optimization_solver_tolerance=1e-05, branch_length_optimization_target_metric=squared_standardized_euclidean, diffusion_method=adaptive_pydiffmap_diffusion, diffusion_time=3, edge_alpha=0.001, edge_branch_length_variance_policy=normalized_branch_length, epsilon=median, k_neighbors=10, metric=hamming, n_components=30, sibling_alpha=0.01, tree_linkage_method=average",400,80,4,before_restoration,True,True,
overlap_part_4c_small,unsupported,,0,"bandwidth_type=-1/(d+2), benchmark_seed=8200, branch_length_optimization_apply_nonconverged=False, branch_length_optimization_max_iterations=1000, branch_length_optimization_method=fixed_topology_nnls, branch_length_optimization_pair_sample_size=50000, branch_length_optimization_random_state=0, branch_length_optimization_solver_tolerance=1e-05, branch_length_optimization_target_metric=squared_standardized_euclidean, diffusion_method=adaptive_pydiffmap_diffusion, diffusion_time=3, edge_alpha=0.001, edge_branch_length_variance_policy=normalized_branch_length, epsilon=median, k_neighbors=10, metric=hamming, n_components=30, sibling_alpha=0.01, tree_linkage_method=average",400,60,4,ok,0.9866666397310956,4,"bandwidth_type=-1/(d+2), benchmark_seed=8200, branch_length_optimization_apply_nonconverged=False, branch_length_optimization_max_iterations=1000, branch_length_optimization_method=fixed_topology_nnls, branch_length_optimization_pair_sample_size=50000, branch_length_optimization_random_state=0, branch_length_optimization_solver_tolerance=1e-05, branch_length_optimization_target_metric=squared_standardized_euclidean, diffusion_method=adaptive_pydiffmap_diffusion, diffusion_time=3, edge_alpha=0.001, edge_branch_length_variance_policy=normalized_branch_length, epsilon=median, k_neighbors=10, metric=hamming, n_components=30, sibling_alpha=0.01, tree_linkage_method=average",400,60,4,before_restoration,True,True,
overlap_hd_4c_1k,unsupported,,0,"bandwidth_type=-1/(d+2), benchmark_seed=8300, branch_length_optimization_apply_nonconverged=False, branch_length_optimization_max_iterations=1000, branch_length_optimization_method=fixed_topology_nnls, branch_length_optimization_pair_sample_size=50000, branch_length_optimization_random_state=0, branch_length_optimization_solver_tolerance=1e-05, branch_length_optimization_target_metric=squared_standardized_euclidean, diffusion_method=adaptive_pydiffmap_diffusion, diffusion_time=3, edge_alpha=0.001, edge_branch_length_variance_policy=normalized_branch_length, epsilon=median, k_neighbors=10, metric=hamming, n_components=30, sibling_alpha=0.01, tree_linkage_method=average",500,1000,4,ok,1.0,4,"bandwidth_type=-1/(d+2), benchmark_seed=8300, branch_length_optimization_apply_nonconverged=False, branch_length_optimization_max_iterations=1000, branch_length_optimization_method=fixed_topology_nnls, branch_length_optimization_pair_sample_size=50000, branch_length_optimization_random_state=0, branch_length_optimization_solver_tolerance=1e-05, branch_length_optimization_target_metric=squared_standardized_euclidean, diffusion_method=adaptive_pydiffmap_diffusion, diffusion_time=3, edge_alpha=0.001, edge_branch_length_variance_policy=normalized_branch_length, epsilon=median, k_neighbors=10, metric=hamming, n_components=30, sibling_alpha=0.01, tree_linkage_method=average",500,1000,4,before_restoration,True,True,
overlap_unbal_8c_large,unsupported,,0,"bandwidth_type=-1/(d+2), benchmark_seed=8402, branch_length_optimization_apply_nonconverged=False, branch_length_optimization_max_iterations=1000, branch_length_optimization_method=fixed_topology_nnls, branch_length_optimization_pair_sample_size=50000, branch_length_optimization_random_state=0, branch_length_optimization_solver_tolerance=1e-05, branch_length_optimization_target_metric=squared_standardized_euclidean, diffusion_method=adaptive_pydiffmap_diffusion, diffusion_time=3, edge_alpha=0.001, edge_branch_length_variance_policy=normalized_branch_length, epsilon=median, k_neighbors=10, metric=hamming, n_components=30, sibling_alpha=0.01, tree_linkage_method=average",800,500,8,ok,0.9947784716132548,8,"bandwidth_type=-1/(d+2), benchmark_seed=8402, branch_length_optimization_apply_nonconverged=False, branch_length_optimization_max_iterations=1000, branch_length_optimization_method=fixed_topology_nnls, branch_length_optimization_pair_sample_size=50000, branch_length_optimization_random_state=0, branch_length_optimization_solver_tolerance=1e-05, branch_length_optimization_target_metric=squared_standardized_euclidean, diffusion_method=adaptive_pydiffmap_diffusion, diffusion_time=3, edge_alpha=0.001, edge_branch_length_variance_policy=normalized_branch_length, epsilon=median, k_neighbors=10, metric=hamming, n_components=30, sibling_alpha=0.01, tree_linkage_method=average",800,500,8,before_restoration,True,True,
gauss_overlap_6c_large,unsupported,,0,"bandwidth_type=-1/(d+2), benchmark_seed=9002, branch_length_optimization_apply_nonconverged=False, branch_length_optimization_max_iterations=1000, branch_length_optimization_method=fixed_topology_nnls, branch_length_optimization_pair_sample_size=50000, branch_length_optimization_random_state=0, branch_length_optimization_solver_tolerance=1e-05, branch_length_optimization_target_metric=squared_standardized_euclidean, diffusion_method=adaptive_pydiffmap_diffusion, diffusion_time=3, edge_alpha=0.001, edge_branch_length_variance_policy=normalized_branch_length, epsilon=median, k_neighbors=10, metric=hamming, n_components=30, sibling_alpha=0.01, tree_linkage_method=average",600,150,6,ok,1.0,6,"bandwidth_type=-1/(d+2), benchmark_seed=9002, branch_length_optimization_apply_nonconverged=False, branch_length_optimization_max_iterations=1000, branch_length_optimization_method=fixed_topology_nnls, branch_length_optimization_pair_sample_size=50000, branch_length_optimization_random_state=0, branch_length_optimization_solver_tolerance=1e-05, branch_length_optimization_target_metric=squared_standardized_euclidean, diffusion_method=adaptive_pydiffmap_diffusion, diffusion_time=3, edge_alpha=0.001, edge_branch_length_variance_policy=normalized_branch_length, epsilon=median, k_neighbors=10, metric=hamming, n_components=30, sibling_alpha=0.01, tree_linkage_method=average",600,150,6,before_restoration,True,True,
gauss_overlap_extreme_6c,unsupported,,0,"bandwidth_type=-1/(d+2), benchmark_seed=9101, branch_length_optimization_apply_nonconverged=False, branch_length_optimization_max_iterations=1000, branch_length_optimization_method=fixed_topology_nnls, branch_length_optimization_pair_sample_size=50000, branch_length_optimization_random_state=0, branch_length_optimization_solver_tolerance=1e-05, branch_length_optimization_target_metric=squared_standardized_euclidean, diffusion_method=adaptive_pydiffmap_diffusion, diffusion_time=3, edge_alpha=0.001, edge_branch_length_variance_policy=normalized_branch_length, epsilon=median, k_neighbors=10, metric=hamming, n_components=30, sibling_alpha=0.01, tree_linkage_method=average",600,200,6,ok,1.0,6,"bandwidth_type=-1/(d+2), benchmark_seed=9101, branch_length_optimization_apply_nonconverged=False, branch_length_optimization_max_iterations=1000, branch_length_optimization_method=fixed_topology_nnls, branch_length_optimization_pair_sample_size=50000, branch_length_optimization_random_state=0, branch_length_optimization_solver_tolerance=1e-05, branch_length_optimization_target_metric=squared_standardized_euclidean, diffusion_method=adaptive_pydiffmap_diffusion, diffusion_time=3, edge_alpha=0.001, edge_branch_length_variance_policy=normalized_branch_length, epsilon=median, k_neighbors=10, metric=hamming, n_components=30, sibling_alpha=0.01, tree_linkage_method=average",600,200,6,before_restoration,True,True,
gauss_overlap_3c_small_q3,unsupported,,0,"bandwidth_type=-1/(d+2), benchmark_seed=9000, branch_length_optimization_apply_nonconverged=False, branch_length_optimization_max_iterations=1000, branch_length_optimization_method=fixed_topology_nnls, branch_length_optimization_pair_sample_size=50000, branch_length_optimization_random_state=0, branch_length_optimization_solver_tolerance=1e-05, branch_length_optimization_target_metric=squared_standardized_euclidean, diffusion_method=adaptive_pydiffmap_diffusion, diffusion_time=3, edge_alpha=0.001, edge_branch_length_variance_policy=normalized_branch_length, epsilon=median, k_neighbors=10, metric=hamming, n_components=30, sibling_alpha=0.01, tree_linkage_method=average",300,90,3,ok,1.0,3,"bandwidth_type=-1/(d+2), benchmark_seed=9000, branch_length_optimization_apply_nonconverged=False, branch_length_optimization_max_iterations=1000, branch_length_optimization_method=fixed_topology_nnls, branch_length_optimization_pair_sample_size=50000, branch_length_optimization_random_state=0, branch_length_optimization_solver_tolerance=1e-05, branch_length_optimization_target_metric=squared_standardized_euclidean, diffusion_method=adaptive_pydiffmap_diffusion, diffusion_time=3, edge_alpha=0.001, edge_branch_length_variance_policy=normalized_branch_length, epsilon=median, k_neighbors=10, metric=hamming, n_components=30, sibling_alpha=0.01, tree_linkage_method=average",300,90,3,before_restoration,True,True,
bar_binary_balanced_4c,unsupported,,0,"bandwidth_type=-1/(d+2), benchmark_seed=21000, branch_length_optimization_apply_nonconverged=False, branch_length_optimization_max_iterations=1000, branch_length_optimization_method=fixed_topology_nnls, branch_length_optimization_pair_sample_size=50000, branch_length_optimization_random_state=0, branch_length_optimization_solver_tolerance=1e-05, branch_length_optimization_target_metric=squared_standardized_euclidean, diffusion_method=adaptive_pydiffmap_diffusion, diffusion_time=3, edge_alpha=0.001, edge_branch_length_variance_policy=normalized_branch_length, epsilon=median, k_neighbors=10, metric=hamming, n_components=30, sibling_alpha=0.01, tree_linkage_method=average",160,200,4,ok,0.0,1,"bandwidth_type=-1/(d+2), benchmark_seed=21000, branch_length_optimization_apply_nonconverged=False, branch_length_optimization_max_iterations=1000, branch_length_optimization_method=fixed_topology_nnls, branch_length_optimization_pair_sample_size=50000, branch_length_optimization_random_state=0, branch_length_optimization_solver_tolerance=1e-05, branch_length_optimization_target_metric=squared_standardized_euclidean, diffusion_method=adaptive_pydiffmap_diffusion, diffusion_time=3, edge_alpha=0.001, edge_branch_length_variance_policy=normalized_branch_length, epsilon=median, k_neighbors=10, metric=hamming, n_components=30, sibling_alpha=0.01, tree_linkage_method=average",160,200,4,before_restoration,True,True,
mp_spike_above_bbp_continuous,skip,,0,"bandwidth_type=-1/(d+2), benchmark_seed=21101, branch_length_optimization_apply_nonconverged=False, branch_length_optimization_max_iterations=1000, branch_length_optimization_method=fixed_topology_nnls, branch_length_optimization_pair_sample_size=50000, branch_length_optimization_random_state=0, branch_length_optimization_solver_tolerance=1e-05, branch_length_optimization_target_metric=squared_standardized_euclidean, diffusion_method=adaptive_pydiffmap_diffusion, diffusion_time=3, edge_alpha=0.001, edge_branch_length_variance_policy=normalized_branch_length, epsilon=median, k_neighbors=10, metric=hamming, n_components=30, sibling_alpha=0.01, tree_linkage_method=average",120,300,2,skip,,0,"bandwidth_type=-1/(d+2), benchmark_seed=21101, branch_length_optimization_apply_nonconverged=False, branch_length_optimization_max_iterations=1000, branch_length_optimization_method=fixed_topology_nnls, branch_length_optimization_pair_sample_size=50000, branch_length_optimization_random_state=0, branch_length_optimization_solver_tolerance=1e-05, branch_length_optimization_target_metric=squared_standardized_euclidean, diffusion_method=adaptive_pydiffmap_diffusion, diffusion_time=3, edge_alpha=0.001, edge_branch_length_variance_policy=normalized_branch_length, epsilon=median, k_neighbors=10, metric=hamming, n_components=30, sibling_alpha=0.01, tree_linkage_method=average",120,300,2,before_restoration,True,True,
cont_lowrank_pggn_shrinkage,skip,,0,"bandwidth_type=-1/(d+2), benchmark_seed=21300, branch_length_optimization_apply_nonconverged=False, branch_length_optimization_max_iterations=1000, branch_length_optimization_method=fixed_topology_nnls, branch_length_optimization_pair_sample_size=50000, branch_length_optimization_random_state=0, branch_length_optimization_solver_tolerance=1e-05, branch_length_optimization_target_metric=squared_standardized_euclidean, diffusion_method=adaptive_pydiffmap_diffusion, diffusion_time=3, edge_alpha=0.001, edge_branch_length_variance_policy=normalized_branch_length, epsilon=median, k_neighbors=10, metric=hamming, n_components=30, sibling_alpha=0.01, tree_linkage_method=average",80,2000,4,skip,,0,"bandwidth_type=-1/(d+2), benchmark_seed=21300, branch_length_optimization_apply_nonconverged=False, branch_length_optimization_max_iterations=1000, branch_length_optimization_method=fixed_topology_nnls, branch_length_optimization_pair_sample_size=50000, branch_length_optimization_random_state=0, branch_length_optimization_solver_tolerance=1e-05, branch_length_optimization_target_metric=squared_standardized_euclidean, diffusion_method=adaptive_pydiffmap_diffusion, diffusion_time=3, edge_alpha=0.001, edge_branch_length_variance_policy=normalized_branch_length, epsilon=median, k_neighbors=10, metric=hamming, n_components=30, sibling_alpha=0.01, tree_linkage_method=average",80,2000,4,before_restoration,True,True,
traversal_deep_signal_under_same_parent,unsupported,,0,"bandwidth_type=-1/(d+2), benchmark_seed=21600, branch_length_optimization_apply_nonconverged=False, branch_length_optimization_max_iterations=1000, branch_length_optimization_method=fixed_topology_nnls, branch_length_optimization_pair_sample_size=50000, branch_length_optimization_random_state=0, branch_length_optimization_solver_tolerance=1e-05, branch_length_optimization_target_metric=squared_standardized_euclidean, diffusion_method=adaptive_pydiffmap_diffusion, diffusion_time=3, edge_alpha=0.001, edge_branch_length_variance_policy=normalized_branch_length, epsilon=median, k_neighbors=10, metric=hamming, n_components=30, sibling_alpha=0.01, tree_linkage_method=average",240,300,6,ok,0.0,1,"bandwidth_type=-1/(d+2), benchmark_seed=21600, branch_length_optimization_apply_nonconverged=False, branch_length_optimization_max_iterations=1000, branch_length_optimization_method=fixed_topology_nnls, branch_length_optimization_pair_sample_size=50000, branch_length_optimization_random_state=0, branch_length_optimization_solver_tolerance=1e-05, branch_length_optimization_target_metric=squared_standardized_euclidean, diffusion_method=adaptive_pydiffmap_diffusion, diffusion_time=3, edge_alpha=0.001, edge_branch_length_variance_policy=normalized_branch_length, epsilon=median, k_neighbors=10, metric=hamming, n_components=30, sibling_alpha=0.01, tree_linkage_method=average",240,300,6,before_restoration,True,True,
overlap_mod_6c_med,unsupported,,0,"bandwidth_type=-1/(d+2), benchmark_seed=8101, branch_length_optimization_apply_nonconverged=False, branch_length_optimization_max_iterations=1000, branch_length_optimization_method=fixed_topology_nnls, branch_length_optimization_pair_sample_size=50000, branch_length_optimization_random_state=0, branch_length_optimization_solver_tolerance=1e-05, branch_length_optimization_target_metric=squared_standardized_euclidean, diffusion_method=adaptive_pydiffmap_diffusion, diffusion_time=3, edge_alpha=0.001, edge_branch_length_variance_policy=normalized_branch_length, epsilon=median, k_neighbors=10, metric=hamming, n_components=30, sibling_alpha=0.01, tree_linkage_method=average",600,250,6,ok,0.9959865525047962,6,"bandwidth_type=-1/(d+2), benchmark_seed=8101, branch_length_optimization_apply_nonconverged=False, branch_length_optimization_max_iterations=1000, branch_length_optimization_method=fixed_topology_nnls, branch_length_optimization_pair_sample_size=50000, branch_length_optimization_random_state=0, branch_length_optimization_solver_tolerance=1e-05, branch_length_optimization_target_metric=squared_standardized_euclidean, diffusion_method=adaptive_pydiffmap_diffusion, diffusion_time=3, edge_alpha=0.001, edge_branch_length_variance_policy=normalized_branch_length, epsilon=median, k_neighbors=10, metric=hamming, n_components=30, sibling_alpha=0.01, tree_linkage_method=average",600,250,6,before_restoration,True,True,
overlap_part_6c_med,unsupported,,0,"bandwidth_type=-1/(d+2), benchmark_seed=8201, branch_length_optimization_apply_nonconverged=False, branch_length_optimization_max_iterations=1000, branch_length_optimization_method=fixed_topology_nnls, branch_length_optimization_pair_sample_size=50000, branch_length_optimization_random_state=0, branch_length_optimization_solver_tolerance=1e-05, branch_length_optimization_target_metric=squared_standardized_euclidean, diffusion_method=adaptive_pydiffmap_diffusion, diffusion_time=3, edge_alpha=0.001, edge_branch_length_variance_policy=normalized_branch_length, epsilon=median, k_neighbors=10, metric=hamming, n_components=30, sibling_alpha=0.01, tree_linkage_method=average",600,200,6,ok,1.0,6,"bandwidth_type=-1/(d+2), benchmark_seed=8201, branch_length_optimization_apply_nonconverged=False, branch_length_optimization_max_iterations=1000, branch_length_optimization_method=fixed_topology_nnls, branch_length_optimization_pair_sample_size=50000, branch_length_optimization_random_state=0, branch_length_optimization_solver_tolerance=1e-05, branch_length_optimization_target_metric=squared_standardized_euclidean, diffusion_method=adaptive_pydiffmap_diffusion, diffusion_time=3, edge_alpha=0.001, edge_branch_length_variance_policy=normalized_branch_length, epsilon=median, k_neighbors=10, metric=hamming, n_components=30, sibling_alpha=0.01, tree_linkage_method=average",600,200,6,before_restoration,True,True,
overlap_unbal_4c_small,unsupported,,0,"bandwidth_type=-1/(d+2), benchmark_seed=8400, branch_length_optimization_apply_nonconverged=False, branch_length_optimization_max_iterations=1000, branch_length_optimization_method=fixed_topology_nnls, branch_length_optimization_pair_sample_size=50000, branch_length_optimization_random_state=0, branch_length_optimization_solver_tolerance=1e-05, branch_length_optimization_target_metric=squared_standardized_euclidean, diffusion_method=adaptive_pydiffmap_diffusion, diffusion_time=3, edge_alpha=0.001, edge_branch_length_variance_policy=normalized_branch_length, epsilon=median, k_neighbors=10, metric=hamming, n_components=30, sibling_alpha=0.01, tree_linkage_method=average",400,100,4,ok,0.6024203432333544,4,"bandwidth_type=-1/(d+2), benchmark_seed=8400, branch_length_optimization_apply_nonconverged=False, branch_length_optimization_max_iterations=1000, branch_length_optimization_method=fixed_topology_nnls, branch_length_optimization_pair_sample_size=50000, branch_length_optimization_random_state=0, branch_length_optimization_solver_tolerance=1e-05, branch_length_optimization_target_metric=squared_standardized_euclidean, diffusion_method=adaptive_pydiffmap_diffusion, diffusion_time=3, edge_alpha=0.001, edge_branch_length_variance_policy=normalized_branch_length, epsilon=median, k_neighbors=10, metric=hamming, n_components=30, sibling_alpha=0.01, tree_linkage_method=average",400,100,4,before_restoration,True,True,
gauss_overlap_3c_small,unsupported,,0,"bandwidth_type=-1/(d+2), benchmark_seed=9000, branch_length_optimization_apply_nonconverged=False, branch_length_optimization_max_iterations=1000, branch_length_optimization_method=fixed_topology_nnls, branch_length_optimization_pair_sample_size=50000, branch_length_optimization_random_state=0, branch_length_optimization_solver_tolerance=1e-05, branch_length_optimization_target_metric=squared_standardized_euclidean, diffusion_method=adaptive_pydiffmap_diffusion, diffusion_time=3, edge_alpha=0.001, edge_branch_length_variance_policy=normalized_branch_length, epsilon=median, k_neighbors=10, metric=hamming, n_components=30, sibling_alpha=0.01, tree_linkage_method=average",300,30,3,ok,0.6743691150605863,6,"bandwidth_type=-1/(d+2), benchmark_seed=9000, branch_length_optimization_apply_nonconverged=False, branch_length_optimization_max_iterations=1000, branch_length_optimization_method=fixed_topology_nnls, branch_length_optimization_pair_sample_size=50000, branch_length_optimization_random_state=0, branch_length_optimization_solver_tolerance=1e-05, branch_length_optimization_target_metric=squared_standardized_euclidean, diffusion_method=adaptive_pydiffmap_diffusion, diffusion_time=3, edge_alpha=0.001, edge_branch_length_variance_policy=normalized_branch_length, epsilon=median, k_neighbors=10, metric=hamming, n_components=30, sibling_alpha=0.01, tree_linkage_method=average",300,30,3,before_restoration,True,True,
gauss_overlap_8c_highd,unsupported,,0,"bandwidth_type=-1/(d+2), benchmark_seed=9003, branch_length_optimization_apply_nonconverged=False, branch_length_optimization_max_iterations=1000, branch_length_optimization_method=fixed_topology_nnls, branch_length_optimization_pair_sample_size=50000, branch_length_optimization_random_state=0, branch_length_optimization_solver_tolerance=1e-05, branch_length_optimization_target_metric=squared_standardized_euclidean, diffusion_method=adaptive_pydiffmap_diffusion, diffusion_time=3, edge_alpha=0.001, edge_branch_length_variance_policy=normalized_branch_length, epsilon=median, k_neighbors=10, metric=hamming, n_components=30, sibling_alpha=0.01, tree_linkage_method=average",800,300,8,ok,0.9343004944078712,14,"bandwidth_type=-1/(d+2), benchmark_seed=9003, branch_length_optimization_apply_nonconverged=False, branch_length_optimization_max_iterations=1000, branch_length_optimization_method=fixed_topology_nnls, branch_length_optimization_pair_sample_size=50000, branch_length_optimization_random_state=0, branch_length_optimization_solver_tolerance=1e-05, branch_length_optimization_target_metric=squared_standardized_euclidean, diffusion_method=adaptive_pydiffmap_diffusion, diffusion_time=3, edge_alpha=0.001, edge_branch_length_variance_policy=normalized_branch_length, epsilon=median, k_neighbors=10, metric=hamming, n_components=30, sibling_alpha=0.01, tree_linkage_method=average",800,300,8,before_restoration,True,True,
gauss_overlap_many_10c,unsupported,,0,"bandwidth_type=-1/(d+2), benchmark_seed=9102, branch_length_optimization_apply_nonconverged=False, branch_length_optimization_max_iterations=1000, branch_length_optimization_method=fixed_topology_nnls, branch_length_optimization_pair_sample_size=50000, branch_length_optimization_random_state=0, branch_length_optimization_solver_tolerance=1e-05, branch_length_optimization_target_metric=squared_standardized_euclidean, diffusion_method=adaptive_pydiffmap_diffusion, diffusion_time=3, edge_alpha=0.001, edge_branch_length_variance_policy=normalized_branch_length, epsilon=median, k_neighbors=10, metric=hamming, n_components=30, sibling_alpha=0.01, tree_linkage_method=average",1000,150,10,ok,0.9977985452346538,11,"bandwidth_type=-1/(d+2), benchmark_seed=9102, branch_length_optimization_apply_nonconverged=False, branch_length_optimization_max_iterations=1000, branch_length_optimization_method=fixed_topology_nnls, branch_length_optimization_pair_sample_size=50000, branch_length_optimization_random_state=0, branch_length_optimization_solver_tolerance=1e-05, branch_length_optimization_target_metric=squared_standardized_euclidean, diffusion_method=adaptive_pydiffmap_diffusion, diffusion_time=3, edge_alpha=0.001, edge_branch_length_variance_policy=normalized_branch_length, epsilon=median, k_neighbors=10, metric=hamming, n_components=30, sibling_alpha=0.01, tree_linkage_method=average",1000,150,10,before_restoration,True,True,
gauss_overlap_3c_small_q4,unsupported,,0,"bandwidth_type=-1/(d+2), benchmark_seed=9000, branch_length_optimization_apply_nonconverged=False, branch_length_optimization_max_iterations=1000, branch_length_optimization_method=fixed_topology_nnls, branch_length_optimization_pair_sample_size=50000, branch_length_optimization_random_state=0, branch_length_optimization_solver_tolerance=1e-05, branch_length_optimization_target_metric=squared_standardized_euclidean, diffusion_method=adaptive_pydiffmap_diffusion, diffusion_time=3, edge_alpha=0.001, edge_branch_length_variance_policy=normalized_branch_length, epsilon=median, k_neighbors=10, metric=hamming, n_components=30, sibling_alpha=0.01, tree_linkage_method=average",300,120,3,ok,1.0,3,"bandwidth_type=-1/(d+2), benchmark_seed=9000, branch_length_optimization_apply_nonconverged=False, branch_length_optimization_max_iterations=1000, branch_length_optimization_method=fixed_topology_nnls, branch_length_optimization_pair_sample_size=50000, branch_length_optimization_random_state=0, branch_length_optimization_solver_tolerance=1e-05, branch_length_optimization_target_metric=squared_standardized_euclidean, diffusion_method=adaptive_pydiffmap_diffusion, diffusion_time=3, edge_alpha=0.001, edge_branch_length_variance_policy=normalized_branch_length, epsilon=median, k_neighbors=10, metric=hamming, n_components=30, sibling_alpha=0.01, tree_linkage_method=average",300,120,3,before_restoration,True,True,
bar_binary_unbalanced_95_5,unsupported,,0,"bandwidth_type=-1/(d+2), benchmark_seed=21001, branch_length_optimization_apply_nonconverged=False, branch_length_optimization_max_iterations=1000, branch_length_optimization_method=fixed_topology_nnls, branch_length_optimization_pair_sample_size=50000, branch_length_optimization_random_state=0, branch_length_optimization_solver_tolerance=1e-05, branch_length_optimization_target_metric=squared_standardized_euclidean, diffusion_method=adaptive_pydiffmap_diffusion, diffusion_time=3, edge_alpha=0.001, edge_branch_length_variance_policy=normalized_branch_length, epsilon=median, k_neighbors=10, metric=hamming, n_components=30, sibling_alpha=0.01, tree_linkage_method=average",200,200,4,unsupported,,0,"bandwidth_type=-1/(d+2), benchmark_seed=21001, branch_length_optimization_apply_nonconverged=False, branch_length_optimization_max_iterations=1000, branch_length_optimization_method=fixed_topology_nnls, branch_length_optimization_pair_sample_size=50000, branch_length_optimization_random_state=0, branch_length_optimization_solver_tolerance=1e-05, branch_length_optimization_target_metric=squared_standardized_euclidean, diffusion_method=adaptive_pydiffmap_diffusion, diffusion_time=3, edge_alpha=0.001, edge_branch_length_variance_policy=normalized_branch_length, epsilon=median, k_neighbors=10, metric=hamming, n_components=30, sibling_alpha=0.01, tree_linkage_method=average",200,200,4,before_restoration,True,True,
cat_simplex_face_rare_20cat,unsupported,,0,"bandwidth_type=-1/(d+2), benchmark_seed=21200, branch_length_optimization_apply_nonconverged=False, branch_length_optimization_max_iterations=1000, branch_length_optimization_method=fixed_topology_nnls, branch_length_optimization_pair_sample_size=50000, branch_length_optimization_random_state=0, branch_length_optimization_solver_tolerance=1e-05, branch_length_optimization_target_metric=squared_standardized_euclidean, diffusion_method=adaptive_pydiffmap_diffusion, diffusion_time=3, edge_alpha=0.001, edge_branch_length_variance_policy=normalized_branch_length, epsilon=median, k_neighbors=10, metric=hamming, n_components=30, sibling_alpha=0.01, tree_linkage_method=average",240,1200,4,ok,0.0,1,"bandwidth_type=-1/(d+2), benchmark_seed=21200, branch_length_optimization_apply_nonconverged=False, branch_length_optimization_max_iterations=1000, branch_length_optimization_method=fixed_topology_nnls, branch_length_optimization_pair_sample_size=50000, branch_length_optimization_random_state=0, branch_length_optimization_solver_tolerance=1e-05, branch_length_optimization_target_metric=squared_standardized_euclidean, diffusion_method=adaptive_pydiffmap_diffusion, diffusion_time=3, edge_alpha=0.001, edge_branch_length_variance_policy=normalized_branch_length, epsilon=median, k_neighbors=10, metric=hamming, n_components=30, sibling_alpha=0.01, tree_linkage_method=average",240,1200,4,before_restoration,True,True,
support_selected_only_fail_closed,unsupported,,0,"bandwidth_type=-1/(d+2), benchmark_seed=21400, branch_length_optimization_apply_nonconverged=False, branch_length_optimization_max_iterations=1000, branch_length_optimization_method=fixed_topology_nnls, branch_length_optimization_pair_sample_size=50000, branch_length_optimization_random_state=0, branch_length_optimization_solver_tolerance=1e-05, branch_length_optimization_target_metric=squared_standardized_euclidean, diffusion_method=adaptive_pydiffmap_diffusion, diffusion_time=3, edge_alpha=0.001, edge_branch_length_variance_policy=normalized_branch_length, epsilon=median, k_neighbors=10, metric=hamming, n_components=30, sibling_alpha=0.01, tree_linkage_method=average",160,500,4,ok,1.0,4,"bandwidth_type=-1/(d+2), benchmark_seed=21400, branch_length_optimization_apply_nonconverged=False, branch_length_optimization_max_iterations=1000, branch_length_optimization_method=fixed_topology_nnls, branch_length_optimization_pair_sample_size=50000, branch_length_optimization_random_state=0, branch_length_optimization_solver_tolerance=1e-05, branch_length_optimization_target_metric=squared_standardized_euclidean, diffusion_method=adaptive_pydiffmap_diffusion, diffusion_time=3, edge_alpha=0.001, edge_branch_length_variance_policy=normalized_branch_length, epsilon=median, k_neighbors=10, metric=hamming, n_components=30, sibling_alpha=0.01, tree_linkage_method=average",160,500,4,before_restoration,True,True,
traversal_deep_branch_recovery_stress,unsupported,,0,"bandwidth_type=-1/(d+2), benchmark_seed=21601, branch_length_optimization_apply_nonconverged=False, branch_length_optimization_max_iterations=1000, branch_length_optimization_method=fixed_topology_nnls, branch_length_optimization_pair_sample_size=50000, branch_length_optimization_random_state=0, branch_length_optimization_solver_tolerance=1e-05, branch_length_optimization_target_metric=squared_standardized_euclidean, diffusion_method=adaptive_pydiffmap_diffusion, diffusion_time=3, edge_alpha=0.001, edge_branch_length_variance_policy=normalized_branch_length, epsilon=median, k_neighbors=10, metric=hamming, n_components=30, sibling_alpha=0.01, tree_linkage_method=average",240,480,6,ok,1.0,6,"bandwidth_type=-1/(d+2), benchmark_seed=21601, branch_length_optimization_apply_nonconverged=False, branch_length_optimization_max_iterations=1000, branch_length_optimization_method=fixed_topology_nnls, branch_length_optimization_pair_sample_size=50000, branch_length_optimization_random_state=0, branch_length_optimization_solver_tolerance=1e-05, branch_length_optimization_target_metric=squared_standardized_euclidean, diffusion_method=adaptive_pydiffmap_diffusion, diffusion_time=3, edge_alpha=0.001, edge_branch_length_variance_policy=normalized_branch_length, epsilon=median, k_neighbors=10, metric=hamming, n_components=30, sibling_alpha=0.01, tree_linkage_method=average",240,480,6,before_restoration,True,True,
overlap_extreme_4c,ok,0.0,1,"bandwidth_type=-1/(d+2), benchmark_seed=8003, branch_length_optimization_apply_nonconverged=False, branch_length_optimization_max_iterations=1000, branch_length_optimization_method=fixed_topology_nnls, branch_length_optimization_pair_sample_size=50000, branch_length_optimization_random_state=0, branch_length_optimization_solver_tolerance=1e-05, branch_length_optimization_target_metric=squared_standardized_euclidean, diffusion_method=adaptive_pydiffmap_diffusion, diffusion_time=3, edge_alpha=0.001, edge_branch_length_variance_policy=normalized_branch_length, epsilon=median, k_neighbors=10, metric=hamming, n_components=30, sibling_alpha=0.01, tree_linkage_method=average",600,150,4,ok,0.0,1,"bandwidth_type=-1/(d+2), benchmark_seed=8003, branch_length_optimization_apply_nonconverged=False, branch_length_optimization_max_iterations=1000, branch_length_optimization_method=fixed_topology_nnls, branch_length_optimization_pair_sample_size=50000, branch_length_optimization_random_state=0, branch_length_optimization_solver_tolerance=1e-05, branch_length_optimization_target_metric=squared_standardized_euclidean, diffusion_method=adaptive_pydiffmap_diffusion, diffusion_time=3, edge_alpha=0.001, edge_branch_length_variance_policy=normalized_branch_length, epsilon=median, k_neighbors=10, metric=hamming, n_components=30, sibling_alpha=0.01, tree_linkage_method=average",600,150,4,before_restoration,True,True,0.0
overlap_mod_8c_large,unsupported,,0,"bandwidth_type=-1/(d+2), benchmark_seed=8102, branch_length_optimization_apply_nonconverged=False, branch_length_optimization_max_iterations=1000, branch_length_optimization_method=fixed_topology_nnls, branch_length_optimization_pair_sample_size=50000, branch_length_optimization_random_state=0, branch_length_optimization_solver_tolerance=1e-05, branch_length_optimization_target_metric=squared_standardized_euclidean, diffusion_method=adaptive_pydiffmap_diffusion, diffusion_time=3, edge_alpha=0.001, edge_branch_length_variance_policy=normalized_branch_length, epsilon=median, k_neighbors=10, metric=hamming, n_components=30, sibling_alpha=0.01, tree_linkage_method=average",800,400,8,ok,1.0,8,"bandwidth_type=-1/(d+2), benchmark_seed=8102, branch_length_optimization_apply_nonconverged=False, branch_length_optimization_max_iterations=1000, branch_length_optimization_method=fixed_topology_nnls, branch_length_optimization_pair_sample_size=50000, branch_length_optimization_random_state=0, branch_length_optimization_solver_tolerance=1e-05, branch_length_optimization_target_metric=squared_standardized_euclidean, diffusion_method=adaptive_pydiffmap_diffusion, diffusion_time=3, edge_alpha=0.001, edge_branch_length_variance_policy=normalized_branch_length, epsilon=median, k_neighbors=10, metric=hamming, n_components=30, sibling_alpha=0.01, tree_linkage_method=average",800,400,8,before_restoration,True,True,
overlap_part_8c_large,unsupported,,0,"bandwidth_type=-1/(d+2), benchmark_seed=8202, branch_length_optimization_apply_nonconverged=False, branch_length_optimization_max_iterations=1000, branch_length_optimization_method=fixed_topology_nnls, branch_length_optimization_pair_sample_size=50000, branch_length_optimization_random_state=0, branch_length_optimization_solver_tolerance=1e-05, branch_length_optimization_target_metric=squared_standardized_euclidean, diffusion_method=adaptive_pydiffmap_diffusion, diffusion_time=3, edge_alpha=0.001, edge_branch_length_variance_policy=normalized_branch_length, epsilon=median, k_neighbors=10, metric=hamming, n_components=30, sibling_alpha=0.01, tree_linkage_method=average",800,350,8,ok,1.0,8,"bandwidth_type=-1/(d+2), benchmark_seed=8202, branch_length_optimization_apply_nonconverged=False, branch_length_optimization_max_iterations=1000, branch_length_optimization_method=fixed_topology_nnls, branch_length_optimization_pair_sample_size=50000, branch_length_optimization_random_state=0, branch_length_optimization_solver_tolerance=1e-05, branch_length_optimization_target_metric=squared_standardized_euclidean, diffusion_method=adaptive_pydiffmap_diffusion, diffusion_time=3, edge_alpha=0.001, edge_branch_length_variance_policy=normalized_branch_length, epsilon=median, k_neighbors=10, metric=hamming, n_components=30, sibling_alpha=0.01, tree_linkage_method=average",800,350,8,before_restoration,True,True,
overlap_unbal_6c_med,unsupported,,0,"bandwidth_type=-1/(d+2), benchmark_seed=8401, branch_length_optimization_apply_nonconverged=False, branch_length_optimization_max_iterations=1000, branch_length_optimization_method=fixed_topology_nnls, branch_length_optimization_pair_sample_size=50000, branch_length_optimization_random_state=0, branch_length_optimization_solver_tolerance=1e-05, branch_length_optimization_target_metric=squared_standardized_euclidean, diffusion_method=adaptive_pydiffmap_diffusion, diffusion_time=3, edge_alpha=0.001, edge_branch_length_variance_policy=normalized_branch_length, epsilon=median, k_neighbors=10, metric=hamming, n_components=30, sibling_alpha=0.01, tree_linkage_method=average",600,300,6,ok,1.0,6,"bandwidth_type=-1/(d+2), benchmark_seed=8401, branch_length_optimization_apply_nonconverged=False, branch_length_optimization_max_iterations=1000, branch_length_optimization_method=fixed_topology_nnls, branch_length_optimization_pair_sample_size=50000, branch_length_optimization_random_state=0, branch_length_optimization_solver_tolerance=1e-05, branch_length_optimization_target_metric=squared_standardized_euclidean, diffusion_method=adaptive_pydiffmap_diffusion, diffusion_time=3, edge_alpha=0.001, edge_branch_length_variance_policy=normalized_branch_length, epsilon=median, k_neighbors=10, metric=hamming, n_components=30, sibling_alpha=0.01, tree_linkage_method=average",600,300,6,before_restoration,True,True,
gauss_overlap_4c_med,unsupported,,0,"bandwidth_type=-1/(d+2), benchmark_seed=9001, branch_length_optimization_apply_nonconverged=False, branch_length_optimization_max_iterations=1000, branch_length_optimization_method=fixed_topology_nnls, branch_length_optimization_pair_sample_size=50000, branch_length_optimization_random_state=0, branch_length_optimization_solver_tolerance=1e-05, branch_length_optimization_target_metric=squared_standardized_euclidean, diffusion_method=adaptive_pydiffmap_diffusion, diffusion_time=3, edge_alpha=0.001, edge_branch_length_variance_policy=normalized_branch_length, epsilon=median, k_neighbors=10, metric=hamming, n_components=30, sibling_alpha=0.01, tree_linkage_method=average",400,80,4,ok,1.0,4,"bandwidth_type=-1/(d+2), benchmark_seed=9001, branch_length_optimization_apply_nonconverged=False, branch_length_optimization_max_iterations=1000, branch_length_optimization_method=fixed_topology_nnls, branch_length_optimization_pair_sample_size=50000, branch_length_optimization_random_state=0, branch_length_optimization_solver_tolerance=1e-05, branch_length_optimization_target_metric=squared_standardized_euclidean, diffusion_method=adaptive_pydiffmap_diffusion, diffusion_time=3, edge_alpha=0.001, edge_branch_length_variance_policy=normalized_branch_length, epsilon=median, k_neighbors=10, metric=hamming, n_components=30, sibling_alpha=0.01, tree_linkage_method=average",400,80,4,before_restoration,True,True,
gauss_overlap_extreme_4c,unsupported,,0,"bandwidth_type=-1/(d+2), benchmark_seed=9100, branch_length_optimization_apply_nonconverged=False, branch_length_optimization_max_iterations=1000, branch_length_optimization_method=fixed_topology_nnls, branch_length_optimization_pair_sample_size=50000, branch_length_optimization_random_state=0, branch_length_optimization_solver_tolerance=1e-05, branch_length_optimization_target_metric=squared_standardized_euclidean, diffusion_method=adaptive_pydiffmap_diffusion, diffusion_time=3, edge_alpha=0.001, edge_branch_length_variance_policy=normalized_branch_length, epsilon=median, k_neighbors=10, metric=hamming, n_components=30, sibling_alpha=0.01, tree_linkage_method=average",500,100,4,ok,1.0,4,"bandwidth_type=-1/(d+2), benchmark_seed=9100, branch_length_optimization_apply_nonconverged=False, branch_length_optimization_max_iterations=1000, branch_length_optimization_method=fixed_topology_nnls, branch_length_optimization_pair_sample_size=50000, branch_length_optimization_random_state=0, branch_length_optimization_solver_tolerance=1e-05, branch_length_optimization_target_metric=squared_standardized_euclidean, diffusion_method=adaptive_pydiffmap_diffusion, diffusion_time=3, edge_alpha=0.001, edge_branch_length_variance_policy=normalized_branch_length, epsilon=median, k_neighbors=10, metric=hamming, n_components=30, sibling_alpha=0.01, tree_linkage_method=average",500,100,4,before_restoration,True,True,
gauss_overlap_dense_8c,unsupported,,0,"bandwidth_type=-1/(d+2), benchmark_seed=9103, branch_length_optimization_apply_nonconverged=False, branch_length_optimization_max_iterations=1000, branch_length_optimization_method=fixed_topology_nnls, branch_length_optimization_pair_sample_size=50000, branch_length_optimization_random_state=0, branch_length_optimization_solver_tolerance=1e-05, branch_length_optimization_target_metric=squared_standardized_euclidean, diffusion_method=adaptive_pydiffmap_diffusion, diffusion_time=3, edge_alpha=0.001, edge_branch_length_variance_policy=normalized_branch_length, epsilon=median, k_neighbors=10, metric=hamming, n_components=30, sibling_alpha=0.01, tree_linkage_method=average",800,50,8,ok,1.0,8,"bandwidth_type=-1/(d+2), benchmark_seed=9103, branch_length_optimization_apply_nonconverged=False, branch_length_optimization_max_iterations=1000, branch_length_optimization_method=fixed_topology_nnls, branch_length_optimization_pair_sample_size=50000, branch_length_optimization_random_state=0, branch_length_optimization_solver_tolerance=1e-05, branch_length_optimization_target_metric=squared_standardized_euclidean, diffusion_method=adaptive_pydiffmap_diffusion, diffusion_time=3, edge_alpha=0.001, edge_branch_length_variance_policy=normalized_branch_length, epsilon=median, k_neighbors=10, metric=hamming, n_components=30, sibling_alpha=0.01, tree_linkage_method=average",800,50,8,before_restoration,True,True,
gauss_overlap_3c_small_q5,unsupported,,0,"bandwidth_type=-1/(d+2), benchmark_seed=9000, branch_length_optimization_apply_nonconverged=False, branch_length_optimization_max_iterations=1000, branch_length_optimization_method=fixed_topology_nnls, branch_length_optimization_pair_sample_size=50000, branch_length_optimization_random_state=0, branch_length_optimization_solver_tolerance=1e-05, branch_length_optimization_target_metric=squared_standardized_euclidean, diffusion_method=adaptive_pydiffmap_diffusion, diffusion_time=3, edge_alpha=0.001, edge_branch_length_variance_policy=normalized_branch_length, epsilon=median, k_neighbors=10, metric=hamming, n_components=30, sibling_alpha=0.01, tree_linkage_method=average",300,150,3,ok,1.0,3,"bandwidth_type=-1/(d+2), benchmark_seed=9000, branch_length_optimization_apply_nonconverged=False, branch_length_optimization_max_iterations=1000, branch_length_optimization_method=fixed_topology_nnls, branch_length_optimization_pair_sample_size=50000, branch_length_optimization_random_state=0, branch_length_optimization_solver_tolerance=1e-05, branch_length_optimization_target_metric=squared_standardized_euclidean, diffusion_method=adaptive_pydiffmap_diffusion, diffusion_time=3, edge_alpha=0.001, edge_branch_length_variance_policy=normalized_branch_length, epsilon=median, k_neighbors=10, metric=hamming, n_components=30, sibling_alpha=0.01, tree_linkage_method=average",300,150,3,before_restoration,True,True,
mp_spike_below_bbp_continuous,skip,,0,"bandwidth_type=-1/(d+2), benchmark_seed=21100, branch_length_optimization_apply_nonconverged=False, branch_length_optimization_max_iterations=1000, branch_length_optimization_method=fixed_topology_nnls, branch_length_optimization_pair_sample_size=50000, branch_length_optimization_random_state=0, branch_length_optimization_solver_tolerance=1e-05, branch_length_optimization_target_metric=squared_standardized_euclidean, diffusion_method=adaptive_pydiffmap_diffusion, diffusion_time=3, edge_alpha=0.001, edge_branch_length_variance_policy=normalized_branch_length, epsilon=median, k_neighbors=10, metric=hamming, n_components=30, sibling_alpha=0.01, tree_linkage_method=average",120,300,1,skip,,0,"bandwidth_type=-1/(d+2), benchmark_seed=21100, branch_length_optimization_apply_nonconverged=False, branch_length_optimization_max_iterations=1000, branch_length_optimization_method=fixed_topology_nnls, branch_length_optimization_pair_sample_size=50000, branch_length_optimization_random_state=0, branch_length_optimization_solver_tolerance=1e-05, branch_length_optimization_target_metric=squared_standardized_euclidean, diffusion_method=adaptive_pydiffmap_diffusion, diffusion_time=3, edge_alpha=0.001, edge_branch_length_variance_policy=normalized_branch_length, epsilon=median, k_neighbors=10, metric=hamming, n_components=30, sibling_alpha=0.01, tree_linkage_method=average",120,300,1,before_restoration,True,True,
cat_dirichlet_overdispersed_20cat,unsupported,,0,"bandwidth_type=-1/(d+2), benchmark_seed=21201, branch_length_optimization_apply_nonconverged=False, branch_length_optimization_max_iterations=1000, branch_length_optimization_method=fixed_topology_nnls, branch_length_optimization_pair_sample_size=50000, branch_length_optimization_random_state=0, branch_length_optimization_solver_tolerance=1e-05, branch_length_optimization_target_metric=squared_standardized_euclidean, diffusion_method=adaptive_pydiffmap_diffusion, diffusion_time=3, edge_alpha=0.001, edge_branch_length_variance_policy=normalized_branch_length, epsilon=median, k_neighbors=10, metric=hamming, n_components=30, sibling_alpha=0.01, tree_linkage_method=average",240,1200,4,ok,0.2142388457105737,4,"bandwidth_type=-1/(d+2), benchmark_seed=21201, branch_length_optimization_apply_nonconverged=False, branch_length_optimization_max_iterations=1000, branch_length_optimization_method=fixed_topology_nnls, branch_length_optimization_pair_sample_size=50000, branch_length_optimization_random_state=0, branch_length_optimization_solver_tolerance=1e-05, branch_length_optimization_target_metric=squared_standardized_euclidean, diffusion_method=adaptive_pydiffmap_diffusion, diffusion_time=3, edge_alpha=0.001, edge_branch_length_variance_policy=normalized_branch_length, epsilon=median, k_neighbors=10, metric=hamming, n_components=30, sibling_alpha=0.01, tree_linkage_method=average",240,1200,4,before_restoration,True,True,
phylo_brownian_null_16taxa,skip,,0,"bandwidth_type=-1/(d+2), benchmark_seed=21500, branch_length_optimization_apply_nonconverged=False, branch_length_optimization_max_iterations=1000, branch_length_optimization_method=fixed_topology_nnls, branch_length_optimization_pair_sample_size=50000, branch_length_optimization_random_state=0, branch_length_optimization_solver_tolerance=1e-05, branch_length_optimization_target_metric=squared_standardized_euclidean, diffusion_method=adaptive_pydiffmap_diffusion, diffusion_time=3, edge_alpha=0.001, edge_branch_length_variance_policy=normalized_branch_length, epsilon=median, k_neighbors=10, metric=hamming, n_components=30, sibling_alpha=0.01, tree_linkage_method=average",160,100,16,skip,,0,"bandwidth_type=-1/(d+2), benchmark_seed=21500, branch_length_optimization_apply_nonconverged=False, branch_length_optimization_max_iterations=1000, branch_length_optimization_method=fixed_topology_nnls, branch_length_optimization_pair_sample_size=50000, branch_length_optimization_random_state=0, branch_length_optimization_solver_tolerance=1e-05, branch_length_optimization_target_metric=squared_standardized_euclidean, diffusion_method=adaptive_pydiffmap_diffusion, diffusion_time=3, edge_alpha=0.001, edge_branch_length_variance_policy=normalized_branch_length, epsilon=median, k_neighbors=10, metric=hamming, n_components=30, sibling_alpha=0.01, tree_linkage_method=average",160,100,16,before_restoration,True,True,
